mutant,rank,affinity,rmsd_lb,rmsd_ub,d_OD1_C24,d_OD2_C24,angle_OD1_C24,angle_OD2_C24,d_OD1_C25,d_OD2_C25,angle_OD1_C25,angle_OD2_C25,d_Y150_Oepox,d_Y230_Oepox,mutation
EPH_relaxed_0001_pdb2pqr_Repair_20_r2_0001,1,-7.9,0.0,0.0,5.338,3.506,169.2,173.8,6.248,4.434,104.4,101.9,2.669,6.053,AA104C
EPH_relaxed_0001_pdb2pqr_Repair_20_r2_0001,5,-5.6,0.93,1.365,4.554,2.943,68.8,56.2,5.101,3.663,46.9,26.0,3.859,5.077,AA104C
EPH_relaxed_0001_pdb2pqr_Repair_20_r2_0001,7,-3.0,4.404,12.156,4.452,2.905,88.6,93.9,4.96,3.958,69.0,54.1,4.296,5.366,AA104C
EPH_relaxed_0001_pdb2pqr_Repair_20_r2_0001,13,-0.3,1.577,2.192,5.545,3.536,82.8,91.8,6.758,4.902,29.5,37.3,4.691,6.298,AA104C
EPH_relaxed_0001_pdb2pqr_Repair_20_r2_0001,14,1.3,2.363,4.137,4.64,4.23,40.8,26.1,4.378,3.335,52.2,64.5,5.035,4.875,AA104C
EPH_relaxed_0001_pdb2pqr_Repair_20_r2_0001,16,1.8,2.267,4.069,5.63,3.856,160.0,162.3,6.821,5.095,91.0,87.8,3.015,6.221,AA104C
EPH_relaxed_0001_pdb2pqr_Repair_21_r2_0001,1,-7.8,0.0,0.0,5.24,3.512,164.9,160.4,5.882,4.195,115.8,110.5,2.702,6.001,AA104D
EPH_relaxed_0001_pdb2pqr_Repair_21_r2_0001,5,-4.4,0.935,1.033,4.395,2.425,80.5,96.4,5.306,3.508,44.2,55.8,2.654,4.11,AA104D
EPH_relaxed_0001_pdb2pqr_Repair_21_r2_0001,7,-2.9,4.525,12.231,4.416,2.901,89.7,93.7,4.956,3.974,68.9,53.1,4.242,5.352,AA104D
EPH_relaxed_0001_pdb2pqr_Repair_21_r2_0001,9,-1.8,2.136,3.502,4.269,3.332,84.5,77.0,5.359,3.945,40.7,54.3,2.803,3.744,AA104D
EPH_relaxed_0001_pdb2pqr_Repair_21_r2_0001,14,-0.1,1.618,2.255,5.647,3.715,41.9,44.7,5.651,4.093,41.8,26.4,4.428,5.842,AA104D
EPH_relaxed_0001_pdb2pqr_Repair_21_r2_0001,17,0.9,2.437,4.161,4.496,4.308,49.7,41.2,4.859,3.98,32.8,54.9,5.435,4.968,AA104D
EPH_relaxed_0001_pdb2pqr_Repair_22_r2_0001,1,-7.9,0.0,0.0,5.256,3.497,169.3,172.3,6.178,4.419,103.9,102.0,2.616,6.002,AA104E
EPH_relaxed_0001_pdb2pqr_Repair_22_r2_0001,5,-5.7,0.925,1.36,4.459,2.918,68.7,56.2,5.052,3.682,44.7,23.4,3.898,5.082,AA104E
EPH_relaxed_0001_pdb2pqr_Repair_22_r2_0001,6,-5.2,4.383,12.032,4.235,2.9,92.1,98.4,5.048,4.184,60.6,49.0,4.35,5.215,AA104E
EPH_relaxed_0001_pdb2pqr_Repair_22_r2_0001,8,-2.6,2.013,3.4,4.334,3.326,77.8,78.3,5.318,3.927,37.4,56.1,3.083,3.786,AA104E
EPH_relaxed_0001_pdb2pqr_Repair_22_r2_0001,15,-0.2,1.562,2.122,5.167,3.323,87.6,104.3,6.37,4.689,37.6,50.3,3.25,4.899,AA104E
EPH_relaxed_0001_pdb2pqr_Repair_22_r2_0001,20,1.5,1.591,2.775,3.458,2.81,136.8,131.1,3.959,2.786,107.9,132.6,2.584,2.844,AA104E
EPH_relaxed_0001_pdb2pqr_Repair_23_r2_0001,1,-7.9,0.0,0.0,5.301,3.704,166.2,174.1,6.203,4.674,104.2,100.4,2.507,5.846,AA104F
EPH_relaxed_0001_pdb2pqr_Repair_23_r2_0001,3,-6.2,0.899,1.33,4.474,3.035,70.3,64.4,5.129,3.969,43.9,25.4,4.021,5.037,AA104F
EPH_relaxed_0001_pdb2pqr_Repair_23_r2_0001,10,-1.4,4.938,12.528,4.577,2.847,136.8,156.0,4.725,3.429,127.1,112.7,2.271,4.926,AA104F
EPH_relaxed_0001_pdb2pqr_Repair_23_r2_0001,11,-1.4,1.672,2.96,3.722,2.407,100.1,109.2,4.744,3.056,60.1,81.5,2.695,3.452,AA104F
EPH_relaxed_0001_pdb2pqr_Repair_24_r2_0001,1,-7.9,0.0,0.0,5.279,3.485,169.9,171.1,6.157,4.371,105.9,103.4,2.676,6.059,AA104G
EPH_relaxed_0001_pdb2pqr_Repair_24_r2_0001,5,-5.6,0.92,1.353,4.497,2.933,68.9,55.8,5.058,3.661,46.4,24.9,3.858,5.081,AA104G
EPH_relaxed_0001_pdb2pqr_Repair_24_r2_0001,7,-3.1,4.47,12.188,4.33,2.839,82.2,87.9,4.863,3.918,61.9,47.5,4.27,5.193,AA104G
EPH_relaxed_0001_pdb2pqr_Repair_24_r2_0001,9,-2.1,2.768,3.817,4.487,3.827,85.5,56.2,5.776,4.661,30.9,9.8,4.08,5.284,AA104G
EPH_relaxed_0001_pdb2pqr_Repair_24_r2_0001,15,-0.4,1.576,2.152,5.225,3.305,76.5,91.1,6.342,4.622,25.6,39.4,3.749,5.161,AA104G
EPH_relaxed_0001_pdb2pqr_Repair_24_r2_0001,16,1.3,2.307,4.071,4.598,4.2,41.6,28.0,4.291,3.255,54.6,67.4,4.96,4.838,AA104G
EPH_relaxed_0001_pdb2pqr_Repair_25_r2_0001,1,-8.0,0.0,0.0,5.235,3.443,145.5,138.1,5.411,3.723,132.4,119.9,3.001,6.025,AA104H
EPH_relaxed_0001_pdb2pqr_Repair_25_r2_0001,6,-2.2,5.158,12.258,4.695,3.027,118.2,121.1,5.188,4.031,95.7,77.0,4.382,6.171,AA104H
EPH_relaxed_0001_pdb2pqr_Repair_25_r2_0001,7,-1.7,2.181,3.292,4.004,2.913,111.6,87.3,5.43,3.975,53.7,47.5,2.482,4.335,AA104H
EPH_relaxed_0001_pdb2pqr_Repair_25_r2_0001,10,-0.5,1.57,2.262,5.535,3.538,48.1,54.5,5.944,4.269,26.5,18.7,4.712,5.887,AA104H
EPH_relaxed_0001_pdb2pqr_Repair_25_r2_0001,11,0.6,2.305,4.075,4.508,4.247,50.6,41.8,4.862,3.903,34.4,55.9,5.396,5.021,AA104H
EPH_relaxed_0001_pdb2pqr_Repair_25_r2_0001,16,1.6,2.358,4.181,5.635,3.855,158.4,159.3,6.876,5.122,88.5,86.0,2.993,6.168,AA104H
EPH_relaxed_0001_pdb2pqr_Repair_26_r2_0001,1,-8.2,0.0,0.0,5.296,3.512,168.0,174.3,6.218,4.448,103.7,101.6,2.611,5.925,AA104I
EPH_relaxed_0001_pdb2pqr_Repair_26_r2_0001,4,-6.0,0.923,1.361,4.479,2.915,68.8,56.9,5.053,3.68,45.8,24.6,3.879,4.973,AA104I
EPH_relaxed_0001_pdb2pqr_Repair_26_r2_0001,7,-3.6,2.791,3.851,4.421,3.771,85.5,55.7,5.709,4.598,31.0,9.7,4.175,5.173,AA104I
EPH_relaxed_0001_pdb2pqr_Repair_26_r2_0001,8,-3.6,4.456,12.169,4.395,2.852,91.7,96.5,4.912,3.918,71.7,56.0,4.346,5.352,AA104I
EPH_relaxed_0001_pdb2pqr_Repair_26_r2_0001,13,-0.6,1.476,1.98,5.24,3.522,158.9,152.9,6.514,4.789,87.1,83.6,2.729,5.891,AA104I
EPH_relaxed_0001_pdb2pqr_Repair_26_r2_0001,14,-0.2,2.408,4.146,4.41,4.179,52.8,42.3,4.783,3.826,36.3,56.6,5.486,5.048,AA104I
EPH_relaxed_0001_pdb2pqr_Repair_26_r2_0001,17,1.1,2.27,4.059,5.639,3.959,155.4,153.8,6.944,5.257,85.0,83.2,3.006,6.109,AA104I
EPH_relaxed_0001_pdb2pqr_Repair_27_r2_0001,1,-7.7,0.0,0.0,5.226,3.469,165.5,176.5,6.207,4.453,100.6,99.5,2.516,5.93,AA104K
EPH_relaxed_0001_pdb2pqr_Repair_27_r2_0001,6,-4.4,4.408,12.067,4.25,2.869,92.1,98.9,5.029,4.132,62.0,50.3,4.336,5.24,AA104K
EPH_relaxed_0001_pdb2pqr_Repair_27_r2_0001,7,-2.9,2.004,3.368,4.259,3.256,79.8,79.4,5.282,3.882,38.1,56.3,3.03,3.761,AA104K
EPH_relaxed_0001_pdb2pqr_Repair_27_r2_0001,14,0.2,1.582,2.157,5.598,3.689,88.8,94.3,5.976,4.459,74.0,64.6,4.707,6.531,AA104K
EPH_relaxed_0001_pdb2pqr_Repair_27_r2_0001,18,1.9,2.267,4.077,5.469,3.762,156.6,160.2,6.706,5.028,88.0,86.1,2.878,6.094,AA104K
EPH_relaxed_0001_pdb2pqr_Repair_28_r2_0001,1,-7.8,0.0,0.0,5.033,3.362,140.5,135.3,5.073,3.569,137.4,121.8,2.92,5.702,AA104L
EPH_relaxed_0001_pdb2pqr_Repair_28_r2_0001,8,-1.4,5.342,12.139,4.41,3.581,73.4,98.5,4.904,4.136,54.3,76.5,3.914,2.87,AA104L
EPH_relaxed_0001_pdb2pqr_Repair_28_r2_0001,12,-0.2,1.575,2.233,5.692,3.749,41.6,45.1,5.724,4.15,40.1,25.5,4.505,5.863,AA104L
EPH_relaxed_0001_pdb2pqr_Repair_28_r2_0001,13,0.4,2.582,4.504,4.75,4.809,21.9,10.1,4.451,3.964,39.3,57.2,4.345,3.03,AA104L
EPH_relaxed_0001_pdb2pqr_Repair_28_r2_0001,14,0.9,5.395,12.239,4.424,2.861,91.3,94.3,4.93,3.901,71.7,55.0,4.291,5.44,AA104L
EPH_relaxed_0001_pdb2pqr_Repair_28_r2_0001,18,1.7,1.529,2.846,4.487,3.473,117.7,94.0,4.65,3.701,109.5,84.8,3.016,4.814,AA104L
EPH_relaxed_0001_pdb2pqr_Repair_29_r2_0001,1,-7.8,0.0,0.0,5.278,3.52,168.0,173.7,6.198,4.447,103.7,101.9,2.576,6.004,AA104M
EPH_relaxed_0001_pdb2pqr_Repair_29_r2_0001,5,-5.7,0.919,1.356,4.477,2.945,68.5,55.8,5.04,3.685,46.0,24.2,3.858,5.084,AA104M
EPH_relaxed_0001_pdb2pqr_Repair_29_r2_0001,6,-4.8,4.415,12.077,4.252,2.863,91.1,97.5,5.015,4.115,61.6,49.6,4.341,5.226,AA104M
EPH_relaxed_0001_pdb2pqr_Repair_29_r2_0001,9,-1.9,2.097,3.484,4.448,3.431,75.7,71.4,5.462,4.046,32.7,48.2,2.943,3.891,AA104M
EPH_relaxed_0001_pdb2pqr_Repair_29_r2_0001,17,-0.1,1.557,2.126,5.069,3.248,91.0,108.5,6.314,4.633,39.9,53.2,3.245,4.887,AA104M
EPH_relaxed_0001_pdb2pqr_Repair_29_r2_0001,18,0.5,2.721,4.649,4.738,4.857,22.9,11.1,4.418,3.993,40.9,58.3,4.257,2.994,AA104M
EPH_relaxed_0001_pdb2pqr_Repair_30_r2_0001,1,-7.9,0.0,0.0,5.356,3.524,169.7,173.2,6.256,4.445,105.0,102.1,2.639,6.036,AA104N
EPH_relaxed_0001_pdb2pqr_Repair_30_r2_0001,6,-3.0,4.513,12.189,4.368,2.773,88.4,94.8,4.908,3.858,67.6,53.9,4.303,5.324,AA104N
EPH_relaxed_0001_pdb2pqr_Repair_30_r2_0001,10,-1.2,2.257,3.594,4.466,3.337,168.4,142.6,5.465,4.01,99.6,103.3,2.706,4.913,AA104N
EPH_relaxed_0001_pdb2pqr_Repair_30_r2_0001,14,-0.3,1.606,2.16,5.672,3.676,41.0,43.5,5.686,4.035,40.4,26.0,4.428,5.825,AA104N
EPH_relaxed_0001_pdb2pqr_Repair_30_r2_0001,15,0.5,2.741,4.678,4.765,4.788,28.9,13.9,4.433,3.918,45.5,59.2,4.108,2.885,AA104N
EPH_relaxed_0001_pdb2pqr_Repair_30_r2_0001,19,1.7,1.611,2.811,3.496,2.721,137.0,131.9,4.01,2.733,107.5,130.8,2.509,2.763,AA104N
EPH_relaxed_0001_pdb2pqr_Repair_30_r2_0001,20,2.2,2.318,4.149,5.929,3.919,78.7,87.4,7.078,5.231,26.0,33.6,4.775,6.505,AA104N
EPH_relaxed_0001_pdb2pqr_Repair_31_r2_0001,1,-7.9,0.0,0.0,5.418,3.722,117.6,114.3,5.099,3.747,135.9,113.0,3.755,6.211,AA104P
EPH_relaxed_0001_pdb2pqr_Repair_31_r2_0001,5,-4.4,1.264,1.546,5.307,3.395,74.0,65.1,5.469,3.783,67.8,50.6,4.182,6.138,AA104P
EPH_relaxed_0001_pdb2pqr_Repair_31_r2_0001,7,-3.1,5.489,12.249,4.801,3.064,114.7,112.5,5.3,4.004,92.7,73.4,4.411,6.185,AA104P
EPH_relaxed_0001_pdb2pqr_Repair_31_r2_0001,14,-0.2,1.594,2.248,5.726,3.926,40.6,49.8,5.878,4.509,32.5,19.9,4.513,5.677,AA104P
EPH_relaxed_0001_pdb2pqr_Repair_31_r2_0001,15,0.3,1.514,2.736,3.514,2.799,135.3,133.9,4.025,2.856,106.6,129.7,2.693,2.894,AA104P
EPH_relaxed_0001_pdb2pqr_Repair_32_r2_0001,1,-7.9,0.0,0.0,5.257,3.497,169.4,172.2,6.175,4.415,104.1,102.1,2.628,6.019,AA104Q
EPH_relaxed_0001_pdb2pqr_Repair_32_r2_0001,6,-5.7,0.931,1.367,4.452,2.933,68.3,55.7,5.038,3.689,44.7,23.1,3.881,5.055,AA104Q
EPH_relaxed_0001_pdb2pqr_Repair_32_r2_0001,8,-2.4,4.346,12.153,4.435,2.988,88.1,93.7,4.934,4.047,68.9,53.6,4.304,5.362,AA104Q
EPH_relaxed_0001_pdb2pqr_Repair_32_r2_0001,10,-1.6,2.356,3.487,3.91,3.018,106.9,81.3,5.308,3.986,50.8,45.1,2.584,4.291,AA104Q
EPH_relaxed_0001_pdb2pqr_Repair_32_r2_0001,16,-0.3,1.618,2.223,5.677,3.734,41.8,44.2,5.677,4.096,41.9,26.6,4.435,5.896,AA104Q
EPH_relaxed_0001_pdb2pqr_Repair_32_r2_0001,19,1.6,1.614,2.815,3.436,2.81,137.0,130.6,3.94,2.771,107.9,133.1,2.5,2.767,AA104Q
EPH_relaxed_0001_pdb2pqr_Repair_33_r2_0001,1,-8.2,0.0,0.0,5.171,3.391,139.6,132.5,5.215,3.573,136.3,121.0,3.144,6.033,AA104R
EPH_relaxed_0001_pdb2pqr_Repair_33_r2_0001,8,-1.1,1.798,2.999,5.633,4.313,86.4,70.1,5.428,3.672,94.5,94.9,4.285,6.347,AA104R
EPH_relaxed_0001_pdb2pqr_Repair_33_r2_0001,14,-0.3,1.592,2.229,5.056,3.192,95.9,112.8,6.262,4.537,47.5,58.2,3.327,4.915,AA104R
EPH_relaxed_0001_pdb2pqr_Repair_33_r2_0001,16,-0.1,1.611,2.311,3.062,2.494,154.3,127.0,3.684,2.467,110.5,128.7,2.328,2.78,AA104R
EPH_relaxed_0001_pdb2pqr_Repair_33_r2_0001,17,0.4,5.343,12.197,4.426,2.813,89.1,95.7,4.979,3.899,67.8,54.5,4.255,5.373,AA104R
EPH_relaxed_0001_pdb2pqr_Repair_33_r2_0001,18,0.5,2.315,4.038,4.478,4.225,52.6,42.9,4.861,3.902,35.4,56.1,5.455,5.115,AA104R
EPH_relaxed_0001_pdb2pqr_Repair_34_r2_0001,1,-7.9,0.0,0.0,5.29,3.485,169.0,172.9,6.187,4.397,104.9,102.4,2.678,6.052,AA104S
EPH_relaxed_0001_pdb2pqr_Repair_34_r2_0001,5,-4.9,1.023,1.167,5.269,3.302,90.6,80.8,5.328,3.561,88.2,71.2,4.241,6.489,AA104S
EPH_relaxed_0001_pdb2pqr_Repair_34_r2_0001,8,-3.1,4.322,12.195,4.718,3.112,119.0,121.6,5.257,4.156,94.5,75.8,4.425,6.192,AA104S
EPH_relaxed_0001_pdb2pqr_Repair_34_r2_0001,10,-1.9,2.77,3.835,4.598,3.841,89.3,60.8,5.933,4.763,33.4,13.3,3.919,5.313,AA104S
EPH_relaxed_0001_pdb2pqr_Repair_34_r2_0001,17,-0.4,1.574,2.14,5.228,3.311,76.2,90.9,6.338,4.625,25.6,39.3,3.715,5.115,AA104S
EPH_relaxed_0001_pdb2pqr_Repair_34_r2_0001,19,0.5,2.709,4.64,4.745,4.826,20.5,10.4,4.425,3.969,39.5,57.8,4.322,2.995,AA104S
EPH_relaxed_0001_pdb2pqr_Repair_35_r2_0001,1,-7.7,0.0,0.0,5.116,3.429,138.5,132.8,5.114,3.596,138.4,122.1,2.994,5.822,AA104T
EPH_relaxed_0001_pdb2pqr_Repair_35_r2_0001,7,-2.8,2.041,3.413,4.26,3.34,85.3,84.5,5.296,3.935,44.2,62.3,3.077,3.579,AA104T
EPH_relaxed_0001_pdb2pqr_Repair_35_r2_0001,8,-2.8,5.38,12.241,4.437,2.872,90.6,94.3,4.974,3.935,69.8,54.1,4.247,5.391,AA104T
EPH_relaxed_0001_pdb2pqr_Repair_35_r2_0001,17,-0.1,1.629,2.312,5.344,3.448,85.2,99.1,6.617,4.86,29.8,43.2,4.054,5.57,AA104T
EPH_relaxed_0001_pdb2pqr_Repair_35_r2_0001,18,0.5,2.575,4.499,4.75,4.803,21.2,10.1,4.444,3.955,39.2,57.3,4.345,3.031,AA104T
EPH_relaxed_0001_pdb2pqr_Repair_36_r2_0001,1,-8.1,0.0,0.0,5.061,3.449,136.1,129.6,5.006,3.568,139.9,122.2,3.042,5.77,AA104V
EPH_relaxed_0001_pdb2pqr_Repair_36_r2_0001,5,-4.2,1.405,1.91,5.113,3.267,68.1,54.2,5.165,3.452,66.1,47.2,3.978,5.853,AA104V
EPH_relaxed_0001_pdb2pqr_Repair_36_r2_0001,6,-3.7,2.021,3.364,4.13,3.253,84.6,84.2,5.176,3.852,43.0,61.9,3.049,3.551,AA104V
EPH_relaxed_0001_pdb2pqr_Repair_36_r2_0001,8,-2.4,5.489,12.21,4.334,2.824,91.3,94.2,4.844,3.881,71.5,54.3,4.329,5.41,AA104V
EPH_relaxed_0001_pdb2pqr_Repair_36_r2_0001,12,-0.7,1.607,2.249,5.169,3.363,85.0,102.2,6.356,4.723,34.9,48.7,3.325,4.855,AA104V
EPH_relaxed_0001_pdb2pqr_Repair_36_r2_0001,14,0.5,2.1,4.153,4.296,3.812,151.4,120.7,4.825,3.728,115.6,125.4,2.782,4.21,AA104V
EPH_relaxed_0001_pdb2pqr_Repair_36_r2_0001,16,1.1,1.51,2.717,3.411,2.851,137.9,128.3,3.835,2.738,112.2,136.3,2.485,2.788,AA104V
EPH_relaxed_0001_pdb2pqr_Repair_37_r2_0001,1,-8.0,0.0,0.0,5.531,3.81,103.9,102.3,5.146,3.843,122.3,100.7,4.274,6.505,AA104W
EPH_relaxed_0001_pdb2pqr_Repair_37_r2_0001,17,0.7,5.092,12.158,4.544,3.043,85.6,92.2,5.256,4.222,58.1,47.2,4.527,5.108,AA104W
EPH_relaxed_0001_pdb2pqr_Repair_38_r2_0001,6,-2.8,1.412,1.893,4.689,2.729,74.4,88.2,5.39,3.58,46.4,56.9,2.371,4.046,AA104Y
EPH_relaxed_0001_pdb2pqr_Repair_38_r2_0001,14,0.5,2.353,4.058,4.508,4.044,55.7,41.5,4.917,3.736,37.9,54.1,5.544,5.204,AA104Y
EPH_relaxed_0001_pdb2pqr_Repair_38_r2_0001,15,1.1,1.609,2.95,4.181,3.417,155.9,155.4,5.503,4.427,83.3,94.4,2.696,3.693,AA104Y
EPH_relaxed_0001_pdb2pqr_Repair_38_r2_0001,17,1.5,4.37,12.16,4.874,3.181,95.6,99.5,5.245,4.062,80.9,65.3,4.426,5.718,AA104Y
EPH_relaxed_0001_pdb2pqr_Repair_38_r2_0001,19,2.0,2.38,4.214,5.525,4.085,103.5,110.2,4.84,3.931,140.8,117.8,4.096,5.754,AA104Y
EPH_relaxed_0001_pdb2pqr_Repair_229_r2_0001,1,-7.9,0.0,0.0,5.284,3.485,169.6,171.8,6.17,4.385,105.5,102.9,2.688,6.066,AA183C
EPH_relaxed_0001_pdb2pqr_Repair_229_r2_0001,5,-5.7,0.922,1.358,4.495,2.926,68.5,56.0,5.055,3.664,46.0,24.7,3.865,5.066,AA183C
EPH_relaxed_0001_pdb2pqr_Repair_229_r2_0001,7,-3.2,4.434,12.174,4.359,2.846,89.0,94.7,4.875,3.922,69.1,54.0,4.304,5.336,AA183C
EPH_relaxed_0001_pdb2pqr_Repair_229_r2_0001,15,-0.4,1.571,2.139,5.209,3.311,80.1,95.2,6.372,4.656,28.7,42.5,3.743,5.167,AA183C
EPH_relaxed_0001_pdb2pqr_Repair_229_r2_0001,16,-0.4,2.26,3.59,4.495,3.681,147.4,134.2,4.836,3.638,123.5,137.2,3.125,4.586,AA183C
EPH_relaxed_0001_pdb2pqr_Repair_229_r2_0001,17,1.2,2.356,4.136,4.619,4.243,40.5,25.7,4.34,3.336,52.5,64.7,5.025,4.87,AA183C
EPH_relaxed_0001_pdb2pqr_Repair_230_r2_0001,1,-7.9,0.0,0.0,5.285,3.504,170.6,167.3,6.101,4.337,108.8,105.2,2.686,6.064,AA183D
EPH_relaxed_0001_pdb2pqr_Repair_230_r2_0001,6,-3.1,4.408,12.215,4.66,3.021,124.7,126.5,5.192,4.06,99.1,79.1,4.392,6.269,AA183D
EPH_relaxed_0001_pdb2pqr_Repair_230_r2_0001,14,-0.4,2.005,3.193,3.688,2.52,112.7,99.1,5.097,3.511,55.4,61.3,2.338,3.901,AA183D
EPH_relaxed_0001_pdb2pqr_Repair_230_r2_0001,15,-0.0,1.58,2.175,5.915,3.994,95.3,94.2,6.533,4.885,70.9,59.7,4.766,6.979,AA183D
EPH_relaxed_0001_pdb2pqr_Repair_230_r2_0001,18,1.3,2.335,4.119,4.626,4.251,40.8,26.0,4.345,3.341,52.9,65.0,5.006,4.858,AA183D
EPH_relaxed_0001_pdb2pqr_Repair_231_r2_0001,1,-7.9,0.0,0.0,5.274,3.472,169.1,172.3,6.159,4.372,105.5,102.9,2.683,6.055,AA183E
EPH_relaxed_0001_pdb2pqr_Repair_231_r2_0001,6,-5.6,0.924,1.36,4.494,2.923,68.9,56.2,5.056,3.661,46.4,25.1,3.861,5.071,AA183E
EPH_relaxed_0001_pdb2pqr_Repair_231_r2_0001,8,-3.1,4.431,12.17,4.399,2.875,90.0,94.8,4.923,3.945,69.7,54.3,4.304,5.404,AA183E
EPH_relaxed_0001_pdb2pqr_Repair_231_r2_0001,15,-0.4,1.579,2.183,5.354,3.376,86.3,96.7,6.631,4.793,31.1,40.7,4.633,6.184,AA183E
EPH_relaxed_0001_pdb2pqr_Repair_231_r2_0001,16,1.2,2.314,4.112,4.616,4.202,42.1,27.8,4.351,3.294,53.4,66.0,4.971,4.865,AA183E
EPH_relaxed_0001_pdb2pqr_Repair_231_r2_0001,18,1.5,1.612,2.814,3.428,2.728,136.9,131.7,3.957,2.735,106.6,131.0,2.492,2.753,AA183E
EPH_relaxed_0001_pdb2pqr_Repair_232_r2_0001,1,-7.9,0.0,0.0,5.29,3.501,169.9,169.9,6.14,4.365,107.2,104.2,2.681,6.062,AA183F
EPH_relaxed_0001_pdb2pqr_Repair_232_r2_0001,5,-5.6,0.918,1.35,4.478,2.915,68.7,56.4,5.057,3.672,45.5,24.3,3.883,5.061,AA183F
EPH_relaxed_0001_pdb2pqr_Repair_232_r2_0001,7,-3.0,4.362,12.212,4.68,3.068,122.1,123.5,5.226,4.115,96.6,76.9,4.388,6.231,AA183F
EPH_relaxed_0001_pdb2pqr_Repair_232_r2_0001,11,-0.7,4.216,12.103,4.473,3.838,69.1,91.6,5.003,4.343,48.1,72.1,4.221,3.082,AA183F
EPH_relaxed_0001_pdb2pqr_Repair_232_r2_0001,13,0.0,1.505,2.039,5.26,3.538,162.1,150.2,6.478,4.733,90.2,85.4,2.825,6.104,AA183F
EPH_relaxed_0001_pdb2pqr_Repair_232_r2_0001,15,0.6,2.711,4.637,4.731,4.819,22.1,9.1,4.448,3.994,38.7,56.2,4.301,3.052,AA183F
EPH_relaxed_0001_pdb2pqr_Repair_232_r2_0001,17,1.9,2.283,4.082,5.545,3.838,159.3,156.7,6.801,5.097,88.1,85.5,3.018,6.194,AA183F
EPH_relaxed_0001_pdb2pqr_Repair_233_r2_0001,1,-7.7,0.0,0.0,5.233,3.514,165.0,160.7,5.882,4.204,115.5,110.2,2.699,6.007,AA183G
EPH_relaxed_0001_pdb2pqr_Repair_233_r2_0001,6,-2.9,4.508,12.211,4.451,2.922,93.2,97.1,4.989,3.993,72.2,56.2,4.31,5.506,AA183G
EPH_relaxed_0001_pdb2pqr_Repair_233_r2_0001,8,-1.7,2.745,3.802,4.524,3.821,87.7,58.9,5.842,4.71,32.3,11.9,3.952,5.242,AA183G
EPH_relaxed_0001_pdb2pqr_Repair_233_r2_0001,15,-0.2,1.579,2.187,5.115,3.258,81.9,98.5,6.278,4.611,31.7,45.5,3.584,5.031,AA183G
EPH_relaxed_0001_pdb2pqr_Repair_233_r2_0001,17,0.6,2.668,4.592,4.741,4.837,20.2,10.3,4.428,3.979,38.9,57.8,4.333,3.034,AA183G
EPH_relaxed_0001_pdb2pqr_Repair_234_r2_0001,1,-7.9,0.0,0.0,5.269,3.493,170.7,167.2,6.086,4.328,108.8,105.0,2.695,6.054,AA183H
EPH_relaxed_0001_pdb2pqr_Repair_234_r2_0001,6,-3.2,4.419,12.178,4.435,2.906,93.9,99.5,4.94,3.968,74.2,58.6,4.316,5.483,AA183H
EPH_relaxed_0001_pdb2pqr_Repair_234_r2_0001,8,-2.2,2.733,3.751,4.502,3.743,89.6,60.6,5.838,4.667,34.0,13.4,3.989,5.347,AA183H
EPH_relaxed_0001_pdb2pqr_Repair_234_r2_0001,14,-0.4,1.586,2.171,5.477,3.467,76.2,85.4,6.616,4.774,22.8,32.5,4.455,6.05,AA183H
EPH_relaxed_0001_pdb2pqr_Repair_234_r2_0001,16,1.2,2.303,4.112,4.645,4.236,41.8,27.5,4.367,3.324,53.7,66.1,4.95,4.848,AA183H
EPH_relaxed_0001_pdb2pqr_Repair_234_r2_0001,18,1.9,2.295,4.098,5.673,3.969,159.7,155.3,6.933,5.21,88.2,86.0,3.144,6.339,AA183H
EPH_relaxed_0001_pdb2pqr_Repair_235_r2_0001,1,-7.9,0.0,0.0,5.308,3.519,170.3,168.6,6.137,4.363,108.2,104.9,2.69,6.081,AA183I
EPH_relaxed_0001_pdb2pqr_Repair_235_r2_0001,6,-2.9,4.506,12.206,4.329,2.82,80.7,85.6,4.865,3.891,60.2,45.6,4.224,5.146,AA183I
EPH_relaxed_0001_pdb2pqr_Repair_235_r2_0001,12,-0.3,1.628,2.286,5.56,3.567,75.2,84.4,6.665,4.857,23.2,31.7,4.643,6.188,AA183I
EPH_relaxed_0001_pdb2pqr_Repair_235_r2_0001,14,0.5,2.715,4.643,4.74,4.833,21.4,9.6,4.438,3.997,39.2,56.8,4.318,3.033,AA183I
EPH_relaxed_0001_pdb2pqr_Repair_235_r2_0001,17,1.9,2.272,4.081,5.614,3.924,162.1,154.4,6.841,5.131,90.0,86.9,3.031,6.276,AA183I
EPH_relaxed_0001_pdb2pqr_Repair_236_r2_0001,1,-7.9,0.0,0.0,5.28,3.5,170.6,167.7,6.101,4.339,108.6,105.0,2.686,6.059,AA183K
EPH_relaxed_0001_pdb2pqr_Repair_236_r2_0001,6,-3.0,2.016,3.372,4.169,3.209,83.2,81.2,5.203,3.791,42.0,59.7,3.033,3.662,AA183K
EPH_relaxed_0001_pdb2pqr_Repair_236_r2_0001,7,-3.0,4.367,12.214,4.682,3.065,121.7,123.4,5.229,4.114,96.3,76.9,4.4,6.233,AA183K
EPH_relaxed_0001_pdb2pqr_Repair_236_r2_0001,13,-0.3,1.576,2.198,5.358,3.396,86.4,97.2,6.637,4.816,31.2,40.9,4.647,6.177,AA183K
EPH_relaxed_0001_pdb2pqr_Repair_236_r2_0001,15,0.5,2.702,4.618,4.712,4.801,20.4,9.0,4.427,3.98,37.7,56.0,4.361,3.078,AA183K
EPH_relaxed_0001_pdb2pqr_Repair_237_r2_0001,1,-7.7,0.0,0.0,5.228,3.51,165.0,160.6,5.876,4.196,115.5,110.3,2.699,6.014,AA183L
EPH_relaxed_0001_pdb2pqr_Repair_237_r2_0001,6,-2.9,4.517,12.216,4.353,2.854,84.5,89.0,4.885,3.926,64.1,48.9,4.246,5.234,AA183L
EPH_relaxed_0001_pdb2pqr_Repair_237_r2_0001,8,-1.8,2.712,3.763,4.521,3.788,89.3,60.5,5.857,4.707,33.5,13.2,3.934,5.289,AA183L
EPH_relaxed_0001_pdb2pqr_Repair_237_r2_0001,12,-0.1,1.608,2.226,5.533,3.6,41.2,45.7,5.654,4.094,35.1,20.6,4.496,5.807,AA183L
EPH_relaxed_0001_pdb2pqr_Repair_237_r2_0001,14,0.6,2.67,4.582,4.697,4.789,22.7,9.0,4.433,3.97,38.1,55.9,4.288,3.068,AA183L
EPH_relaxed_0001_pdb2pqr_Repair_237_r2_0001,16,1.5,1.574,2.763,3.468,2.852,137.3,130.4,3.934,2.797,109.9,134.2,2.576,2.856,AA183L
EPH_relaxed_0001_pdb2pqr_Repair_238_r2_0001,1,-7.8,0.0,0.0,5.229,3.505,164.8,160.7,5.874,4.189,115.6,110.5,2.699,6.02,AA183M
EPH_relaxed_0001_pdb2pqr_Repair_238_r2_0001,5,-5.6,0.879,1.307,4.404,2.897,68.5,58.4,5.038,3.735,42.8,22.5,3.923,5.002,AA183M
EPH_relaxed_0001_pdb2pqr_Repair_238_r2_0001,7,-2.8,4.481,12.157,4.343,2.888,87.8,93.0,5.027,4.067,61.5,48.3,4.259,5.231,AA183M
EPH_relaxed_0001_pdb2pqr_Repair_238_r2_0001,13,-0.2,1.612,2.263,5.723,3.821,42.1,44.1,5.648,4.129,45.7,29.5,4.45,5.928,AA183M
EPH_relaxed_0001_pdb2pqr_Repair_239_r2_0001,1,-7.9,0.0,0.0,5.284,3.485,169.6,171.8,6.169,4.384,105.6,102.9,2.686,6.06,AA183N
EPH_relaxed_0001_pdb2pqr_Repair_239_r2_0001,5,-5.6,0.925,1.36,4.498,2.926,68.7,56.2,5.056,3.664,46.4,25.0,3.865,5.069,AA183N
EPH_relaxed_0001_pdb2pqr_Repair_239_r2_0001,7,-3.2,4.417,12.174,4.42,2.899,90.1,95.6,4.937,3.967,70.1,55.1,4.287,5.383,AA183N
EPH_relaxed_0001_pdb2pqr_Repair_239_r2_0001,9,-1.9,2.582,3.67,4.295,3.426,98.4,70.5,5.707,4.463,41.3,26.5,3.186,4.836,AA183N
EPH_relaxed_0001_pdb2pqr_Repair_239_r2_0001,16,0.0,1.489,2.022,5.223,3.529,160.1,149.7,6.478,4.759,88.1,83.8,2.86,6.022,AA183N
EPH_relaxed_0001_pdb2pqr_Repair_239_r2_0001,17,0.6,2.352,4.205,4.579,4.317,48.8,38.6,4.798,3.815,39.1,59.3,5.269,4.966,AA183N
EPH_relaxed_0001_pdb2pqr_Repair_240_r2_0001,1,-7.9,0.0,0.0,5.278,3.485,169.5,171.1,6.146,4.369,106.3,103.5,2.675,6.047,AA183P
EPH_relaxed_0001_pdb2pqr_Repair_240_r2_0001,4,-5.6,0.918,1.352,4.491,2.929,68.5,55.5,5.045,3.656,46.3,24.7,3.859,5.062,AA183P
EPH_relaxed_0001_pdb2pqr_Repair_240_r2_0001,7,-3.1,4.428,12.184,4.403,2.885,90.5,95.2,4.932,3.958,70.0,54.5,4.282,5.402,AA183P
EPH_relaxed_0001_pdb2pqr_Repair_240_r2_0001,9,-1.9,2.77,3.806,4.449,3.769,87.3,57.8,5.76,4.639,32.2,11.1,4.022,5.251,AA183P
EPH_relaxed_0001_pdb2pqr_Repair_240_r2_0001,16,-0.5,1.573,2.19,5.46,3.471,82.5,92.1,6.676,4.845,28.7,37.4,4.67,6.246,AA183P
EPH_relaxed_0001_pdb2pqr_Repair_241_r2_0001,1,-8.0,0.0,0.0,5.268,3.491,170.5,166.7,6.072,4.314,109.3,105.5,2.701,6.053,AA183Q
EPH_relaxed_0001_pdb2pqr_Repair_241_r2_0001,5,-5.6,0.908,1.327,4.51,2.941,68.6,55.7,5.064,3.666,46.5,25.0,3.851,5.073,AA183Q
EPH_relaxed_0001_pdb2pqr_Repair_241_r2_0001,7,-3.1,4.38,12.199,4.689,3.066,120.2,124.0,5.177,4.079,97.5,78.6,4.437,6.206,AA183Q
EPH_relaxed_0001_pdb2pqr_Repair_241_r2_0001,10,-2.3,2.735,3.75,4.464,3.715,90.3,61.0,5.81,4.648,34.4,13.8,3.966,5.311,AA183Q
EPH_relaxed_0001_pdb2pqr_Repair_241_r2_0001,16,1.2,2.338,4.123,4.629,4.257,40.4,25.8,4.347,3.347,52.6,64.9,5.035,4.872,AA183Q
EPH_relaxed_0001_pdb2pqr_Repair_241_r2_0001,19,1.8,2.283,4.094,5.586,3.855,161.0,161.2,6.789,5.087,90.7,87.8,3.037,6.235,AA183Q
EPH_relaxed_0001_pdb2pqr_Repair_242_r2_0001,1,-7.9,0.0,0.0,5.276,3.482,169.4,171.5,6.151,4.371,105.9,103.2,2.68,6.052,AA183R
EPH_relaxed_0001_pdb2pqr_Repair_242_r2_0001,6,-3.1,4.466,12.188,4.38,2.844,91.6,96.2,4.919,3.927,70.6,55.1,4.297,5.432,AA183R
EPH_relaxed_0001_pdb2pqr_Repair_242_r2_0001,11,-0.9,2.097,3.514,4.307,3.395,80.9,78.5,5.324,3.972,39.8,57.1,3.074,3.693,AA183R
EPH_relaxed_0001_pdb2pqr_Repair_242_r2_0001,15,-0.2,1.602,2.176,5.74,3.782,41.5,42.2,5.637,4.032,46.4,30.4,4.408,5.927,AA183R
EPH_relaxed_0001_pdb2pqr_Repair_242_r2_0001,17,0.4,2.712,4.631,4.714,4.796,22.5,8.8,4.449,3.982,38.1,55.7,4.296,3.073,AA183R
EPH_relaxed_0001_pdb2pqr_Repair_242_r2_0001,19,1.8,2.274,4.076,5.553,3.862,160.5,156.4,6.797,5.099,88.9,86.3,3.028,6.201,AA183R
EPH_relaxed_0001_pdb2pqr_Repair_243_r2_0001,1,-8.0,0.0,0.0,5.266,3.483,170.4,168.0,6.089,4.324,108.4,104.9,2.699,6.054,AA183S
EPH_relaxed_0001_pdb2pqr_Repair_243_r2_0001,6,-5.6,0.913,1.334,4.51,2.944,68.7,55.8,5.064,3.669,46.5,25.0,3.845,5.069,AA183S
EPH_relaxed_0001_pdb2pqr_Repair_243_r2_0001,9,-3.2,4.453,12.187,4.386,2.864,91.1,95.9,4.917,3.942,70.5,55.0,4.276,5.389,AA183S
EPH_relaxed_0001_pdb2pqr_Repair_243_r2_0001,17,-0.4,1.567,2.13,5.163,3.268,81.6,97.0,6.33,4.611,31.1,44.5,3.607,5.063,AA183S
EPH_relaxed_0001_pdb2pqr_Repair_243_r2_0001,19,0.7,2.327,4.207,4.581,4.302,47.3,37.1,4.802,3.805,37.1,57.8,5.179,4.882,AA183S
EPH_relaxed_0001_pdb2pqr_Repair_244_r2_0001,1,-7.7,0.0,0.0,5.225,3.509,164.8,160.5,5.87,4.195,115.6,110.3,2.702,6.004,AA183T
EPH_relaxed_0001_pdb2pqr_Repair_244_r2_0001,6,-2.9,4.526,12.222,4.348,2.83,87.9,92.0,4.89,3.91,67.1,51.5,4.259,5.317,AA183T
EPH_relaxed_0001_pdb2pqr_Repair_244_r2_0001,8,-1.7,2.673,3.723,4.493,3.721,91.2,62.2,5.85,4.675,35.0,14.7,3.921,5.326,AA183T
EPH_relaxed_0001_pdb2pqr_Repair_244_r2_0001,14,-0.1,1.587,2.202,5.097,3.241,80.0,96.7,6.24,4.585,30.2,44.2,3.645,5.024,AA183T
EPH_relaxed_0001_pdb2pqr_Repair_244_r2_0001,16,1.4,2.284,4.087,4.605,4.215,40.5,24.8,4.312,3.309,53.1,64.0,4.971,4.831,AA183T
EPH_relaxed_0001_pdb2pqr_Repair_245_r2_0001,1,-7.9,0.0,0.0,5.276,3.495,170.1,167.4,6.083,4.321,109.1,105.5,2.696,6.061,AA183V
EPH_relaxed_0001_pdb2pqr_Repair_245_r2_0001,5,-5.6,0.909,1.331,4.505,2.936,68.6,55.9,5.064,3.669,46.2,24.8,3.851,5.071,AA183V
EPH_relaxed_0001_pdb2pqr_Repair_245_r2_0001,7,-3.1,4.438,12.194,4.432,2.904,91.9,96.9,4.974,3.984,70.9,55.7,4.297,5.456,AA183V
EPH_relaxed_0001_pdb2pqr_Repair_245_r2_0001,13,-0.2,1.605,2.174,5.486,3.523,44.0,48.3,5.7,4.088,33.1,20.1,4.543,5.808,AA183V
EPH_relaxed_0001_pdb2pqr_Repair_245_r2_0001,15,0.7,2.439,4.128,4.445,4.23,52.8,42.6,4.862,3.94,34.0,54.6,5.46,5.125,AA183V
EPH_relaxed_0001_pdb2pqr_Repair_245_r2_0001,17,1.9,2.279,4.094,5.57,3.82,161.1,164.1,6.741,5.032,92.1,89.2,3.027,6.234,AA183V
EPH_relaxed_0001_pdb2pqr_Repair_245_r2_0001,19,2.2,1.59,2.863,4.045,3.04,160.1,165.8,5.281,3.923,87.6,101.7,2.693,3.823,AA183V
EPH_relaxed_0001_pdb2pqr_Repair_246_r2_0001,1,-7.9,0.0,0.0,5.288,3.501,170.0,170.3,6.147,4.374,106.8,103.8,2.666,6.049,AA183W
EPH_relaxed_0001_pdb2pqr_Repair_246_r2_0001,4,-5.6,0.915,1.344,4.507,2.936,68.7,55.6,5.06,3.658,46.6,25.1,3.859,5.085,AA183W
EPH_relaxed_0001_pdb2pqr_Repair_246_r2_0001,7,-3.0,4.382,12.208,4.641,3.041,116.5,119.4,5.186,4.1,92.2,73.8,4.371,6.085,AA183W
EPH_relaxed_0001_pdb2pqr_Repair_246_r2_0001,13,-0.4,1.581,2.194,5.411,3.427,83.4,93.4,6.651,4.815,28.9,38.2,4.641,6.199,AA183W
EPH_relaxed_0001_pdb2pqr_Repair_246_r2_0001,16,0.5,2.732,4.663,4.76,4.851,24.7,11.7,4.432,3.984,42.5,58.6,4.212,2.959,AA183W
EPH_relaxed_0001_pdb2pqr_Repair_246_r2_0001,19,1.8,2.276,4.08,5.577,3.843,159.1,159.6,6.807,5.1,89.1,86.4,3.017,6.216,AA183W
EPH_relaxed_0001_pdb2pqr_Repair_247_r2_0001,1,-7.9,0.0,0.0,5.303,3.511,170.2,169.6,6.148,4.37,107.5,104.4,2.682,6.075,AA183Y
EPH_relaxed_0001_pdb2pqr_Repair_247_r2_0001,5,-3.0,4.341,12.213,4.697,3.096,119.7,121.5,5.253,4.151,94.3,75.3,4.414,6.207,AA183Y
EPH_relaxed_0001_pdb2pqr_Repair_247_r2_0001,6,-2.1,2.755,3.792,4.429,3.741,87.4,57.8,5.744,4.613,32.3,11.2,3.997,5.226,AA183Y
EPH_relaxed_0001_pdb2pqr_Repair_247_r2_0001,11,-0.4,1.588,2.155,5.181,3.242,75.7,89.7,6.293,4.544,24.7,38.6,3.752,5.164,AA183Y
EPH_relaxed_0001_pdb2pqr_Repair_247_r2_0001,13,0.8,2.372,4.147,4.478,4.23,50.4,40.7,4.826,3.867,34.6,55.7,5.323,4.987,AA183Y
EPH_relaxed_0001_pdb2pqr_Repair_247_r2_0001,16,1.8,1.607,2.811,3.445,2.756,136.8,131.5,3.959,2.753,107.3,131.6,2.517,2.753,AA183Y
EPH_relaxed_0001_pdb2pqr_Repair_267_r2_0001,1,-7.9,0.0,0.0,5.266,3.497,170.3,168.0,6.092,4.339,108.3,104.9,2.688,6.047,CA186A
EPH_relaxed_0001_pdb2pqr_Repair_267_r2_0001,6,-5.7,0.912,1.341,4.475,2.939,68.1,55.0,5.027,3.662,46.0,24.1,3.86,5.045,CA186A
EPH_relaxed_0001_pdb2pqr_Repair_267_r2_0001,7,-3.4,4.45,12.193,4.382,2.87,90.6,96.0,4.914,3.954,70.0,54.9,4.291,5.393,CA186A
EPH_relaxed_0001_pdb2pqr_Repair_267_r2_0001,14,-0.1,1.578,2.189,5.608,3.642,54.1,58.3,6.086,4.418,30.7,22.3,4.711,6.123,CA186A
EPH_relaxed_0001_pdb2pqr_Repair_267_r2_0001,15,0.5,2.7,4.62,4.702,4.813,20.0,9.8,4.395,3.971,38.4,57.0,4.364,3.06,CA186A
EPH_relaxed_0001_pdb2pqr_Repair_267_r2_0001,19,2.3,2.335,4.178,5.596,3.627,85.2,96.0,6.847,5.031,30.8,40.0,4.796,6.405,CA186A
EPH_relaxed_0001_pdb2pqr_Repair_268_r2_0001,1,-7.9,0.0,0.0,5.283,3.492,169.3,170.0,6.125,4.35,107.4,104.5,2.677,6.062,CA186D
EPH_relaxed_0001_pdb2pqr_Repair_268_r2_0001,5,-3.2,4.457,12.188,4.388,2.862,91.3,96.0,4.921,3.941,70.6,55.1,4.282,5.417,CA186D
EPH_relaxed_0001_pdb2pqr_Repair_268_r2_0001,8,-1.7,2.423,3.525,4.104,3.158,105.9,79.3,5.527,4.207,48.6,38.8,2.71,4.537,CA186D
EPH_relaxed_0001_pdb2pqr_Repair_268_r2_0001,12,-0.4,1.592,2.222,5.472,3.483,86.8,96.1,6.731,4.886,32.9,40.4,4.749,6.392,CA186D
EPH_relaxed_0001_pdb2pqr_Repair_268_r2_0001,14,1.3,2.322,4.068,4.583,4.195,40.6,25.9,4.308,3.284,52.5,64.8,5.013,4.871,CA186D
EPH_relaxed_0001_pdb2pqr_Repair_268_r2_0001,18,2.3,1.617,2.903,4.274,3.46,156.7,125.8,5.076,3.941,104.9,101.3,2.639,4.309,CA186D
EPH_relaxed_0001_pdb2pqr_Repair_269_r2_0001,1,-7.9,0.0,0.0,5.287,3.489,169.6,171.7,6.168,4.385,105.7,103.0,2.686,6.064,CA186E
EPH_relaxed_0001_pdb2pqr_Repair_269_r2_0001,6,-5.5,0.923,1.357,4.507,2.941,68.7,55.8,5.061,3.668,46.5,25.0,3.852,5.076,CA186E
EPH_relaxed_0001_pdb2pqr_Repair_269_r2_0001,8,-3.1,4.473,12.2,4.367,2.825,92.9,96.8,4.895,3.897,72.4,56.0,4.293,5.461,CA186E
EPH_relaxed_0001_pdb2pqr_Repair_269_r2_0001,9,-3.0,2.058,3.458,4.24,3.305,81.7,79.7,5.262,3.884,40.6,58.3,3.058,3.662,CA186E
EPH_relaxed_0001_pdb2pqr_Repair_269_r2_0001,15,-0.1,1.584,2.182,5.521,3.513,70.6,80.2,6.57,4.755,18.0,28.6,4.322,5.893,CA186E
EPH_relaxed_0001_pdb2pqr_Repair_269_r2_0001,16,0.8,2.351,4.246,4.603,4.353,46.5,36.4,4.748,3.775,39.9,60.4,5.238,4.902,CA186E
EPH_relaxed_0001_pdb2pqr_Repair_269_r2_0001,19,1.8,2.276,4.076,5.57,3.867,159.7,157.7,6.816,5.119,88.7,86.1,3.044,6.207,CA186E
EPH_relaxed_0001_pdb2pqr_Repair_270_r2_0001,1,-7.8,0.0,0.0,5.223,3.498,165.3,161.8,5.89,4.201,114.7,109.9,2.699,6.018,CA186F
EPH_relaxed_0001_pdb2pqr_Repair_270_r2_0001,6,-2.9,4.486,12.224,4.369,2.872,89.7,92.9,4.904,3.942,69.1,52.6,4.288,5.384,CA186F
EPH_relaxed_0001_pdb2pqr_Repair_270_r2_0001,8,-2.0,4.478,12.193,3.854,3.423,63.6,82.2,4.525,3.891,35.7,64.8,4.371,2.963,CA186F
EPH_relaxed_0001_pdb2pqr_Repair_270_r2_0001,16,0.0,2.128,3.484,4.371,3.4,172.9,144.2,5.197,3.805,107.6,117.0,2.62,4.688,CA186F
EPH_relaxed_0001_pdb2pqr_Repair_271_r2_0001,1,-7.8,0.0,0.0,5.283,3.49,169.3,170.8,6.138,4.362,106.8,103.9,2.677,6.058,CA186G
EPH_relaxed_0001_pdb2pqr_Repair_271_r2_0001,5,-5.6,0.918,1.348,4.51,2.941,68.5,55.3,5.052,3.652,46.9,25.2,3.854,5.087,CA186G
EPH_relaxed_0001_pdb2pqr_Repair_271_r2_0001,7,-3.2,4.37,12.212,4.68,3.064,121.4,124.2,5.21,4.106,96.6,77.6,4.413,6.218,CA186G
EPH_relaxed_0001_pdb2pqr_Repair_271_r2_0001,13,-0.0,1.591,2.182,5.451,3.475,75.9,86.9,6.596,4.795,21.6,33.6,4.328,5.852,CA186G
EPH_relaxed_0001_pdb2pqr_Repair_271_r2_0001,14,0.8,2.153,4.214,4.353,3.776,151.2,120.9,4.884,3.73,115.4,123.3,2.739,4.304,CA186G
EPH_relaxed_0001_pdb2pqr_Repair_272_r2_0001,1,-7.9,0.0,0.0,5.26,3.482,169.7,169.3,6.097,4.336,107.7,104.5,2.669,6.031,CA186H
EPH_relaxed_0001_pdb2pqr_Repair_272_r2_0001,6,-5.6,0.914,1.339,4.5,2.945,68.7,55.7,5.054,3.67,46.6,25.0,3.845,5.067,CA186H
EPH_relaxed_0001_pdb2pqr_Repair_272_r2_0001,8,-3.2,4.38,12.224,4.64,3.024,123.6,126.0,5.151,4.054,99.2,79.1,4.4,6.232,CA186H
EPH_relaxed_0001_pdb2pqr_Repair_272_r2_0001,9,-2.8,2.083,3.504,4.227,3.352,81.6,79.6,5.234,3.899,41.3,59.3,3.106,3.621,CA186H
EPH_relaxed_0001_pdb2pqr_Repair_272_r2_0001,16,-0.3,1.56,2.106,5.098,3.248,89.1,105.9,6.292,4.599,40.0,52.4,3.267,4.855,CA186H
EPH_relaxed_0001_pdb2pqr_Repair_272_r2_0001,17,0.6,2.372,4.157,4.499,4.254,50.1,40.3,4.821,3.862,35.5,56.5,5.323,5.005,CA186H
EPH_relaxed_0001_pdb2pqr_Repair_272_r2_0001,19,1.9,2.279,4.084,5.569,3.854,160.1,160.3,6.787,5.098,89.9,87.1,3.037,6.208,CA186H
EPH_relaxed_0001_pdb2pqr_Repair_272_r2_0001,20,2.2,1.583,2.853,3.994,2.986,162.6,163.7,5.193,3.817,89.7,103.5,2.699,3.878,CA186H
EPH_relaxed_0001_pdb2pqr_Repair_273_r2_0001,1,-7.8,0.0,0.0,5.239,3.516,170.1,166.2,6.038,4.338,109.5,105.5,2.7,6.012,CA186I
EPH_relaxed_0001_pdb2pqr_Repair_273_r2_0001,6,-2.9,2.062,3.462,4.218,3.304,84.6,84.0,5.257,3.904,43.3,61.7,3.032,3.615,CA186I
EPH_relaxed_0001_pdb2pqr_Repair_273_r2_0001,7,-2.9,4.421,12.198,4.421,2.929,87.3,91.6,4.957,4.0,66.7,51.3,4.254,5.308,CA186I
EPH_relaxed_0001_pdb2pqr_Repair_273_r2_0001,13,0.0,1.571,2.142,5.122,3.291,86.3,103.4,6.319,4.657,36.2,49.5,3.35,4.914,CA186I
EPH_relaxed_0001_pdb2pqr_Repair_273_r2_0001,14,0.5,2.693,4.608,4.736,4.841,19.6,11.5,4.398,3.957,39.8,59.2,4.35,3.022,CA186I
EPH_relaxed_0001_pdb2pqr_Repair_274_r2_0001,1,-7.9,0.0,0.0,5.294,3.497,170.0,170.9,6.166,4.383,106.2,103.4,2.684,6.072,CA186K
EPH_relaxed_0001_pdb2pqr_Repair_274_r2_0001,5,-5.6,0.916,1.351,4.502,2.933,68.8,56.0,5.056,3.663,46.7,25.2,3.854,5.073,CA186K
EPH_relaxed_0001_pdb2pqr_Repair_274_r2_0001,6,-4.3,1.204,1.469,5.147,3.19,74.2,63.4,5.387,3.589,64.9,48.7,4.162,6.123,CA186K
EPH_relaxed_0001_pdb2pqr_Repair_274_r2_0001,7,-3.1,4.331,12.201,4.702,3.1,119.5,121.4,5.254,4.151,94.4,75.4,4.424,6.213,CA186K
EPH_relaxed_0001_pdb2pqr_Repair_274_r2_0001,12,-0.5,1.574,2.114,5.076,3.175,82.8,98.5,6.213,4.486,34.8,47.5,3.28,4.832,CA186K
EPH_relaxed_0001_pdb2pqr_Repair_274_r2_0001,15,0.7,2.368,4.185,4.555,4.299,49.5,40.2,4.823,3.853,37.5,58.4,5.305,4.977,CA186K
EPH_relaxed_0001_pdb2pqr_Repair_274_r2_0001,19,1.8,1.621,2.824,3.438,2.76,137.4,131.3,3.955,2.748,107.5,132.0,2.468,2.726,CA186K
EPH_relaxed_0001_pdb2pqr_Repair_275_r2_0001,1,-7.9,0.0,0.0,5.285,3.503,171.3,167.6,6.116,4.349,108.2,104.6,2.695,6.09,CA186L
EPH_relaxed_0001_pdb2pqr_Repair_275_r2_0001,6,-3.2,4.466,12.191,4.383,2.857,91.2,96.1,4.926,3.944,70.1,54.8,4.256,5.385,CA186L
EPH_relaxed_0001_pdb2pqr_Repair_275_r2_0001,11,-0.8,1.987,3.244,3.914,2.891,175.6,146.8,4.953,3.495,98.0,107.8,2.316,4.264,CA186L
EPH_relaxed_0001_pdb2pqr_Repair_275_r2_0001,15,0.6,1.493,2.048,5.414,3.702,155.0,141.2,6.656,4.892,87.2,82.0,2.932,6.279,CA186L
EPH_relaxed_0001_pdb2pqr_Repair_275_r2_0001,18,1.1,2.348,4.13,4.617,4.25,40.6,25.9,4.332,3.336,52.9,65.1,5.029,4.869,CA186L
EPH_relaxed_0001_pdb2pqr_Repair_275_r2_0001,20,1.9,2.28,4.082,5.551,3.813,158.2,161.2,6.77,5.065,89.3,87.0,2.987,6.18,CA186L
EPH_relaxed_0001_pdb2pqr_Repair_276_r2_0001,1,-7.9,0.0,0.0,5.293,3.497,169.5,170.8,6.152,4.371,106.7,103.9,2.689,6.073,CA186M
EPH_relaxed_0001_pdb2pqr_Repair_276_r2_0001,6,-3.2,4.331,12.219,4.728,3.127,119.5,121.3,5.29,4.183,93.9,75.2,4.395,6.214,CA186M
EPH_relaxed_0001_pdb2pqr_Repair_276_r2_0001,8,-2.1,2.75,3.792,4.446,3.755,86.6,57.0,5.749,4.61,31.7,10.6,4.026,5.257,CA186M
EPH_relaxed_0001_pdb2pqr_Repair_276_r2_0001,14,-0.1,1.604,2.212,5.552,3.596,50.0,54.2,5.905,4.276,32.7,22.0,4.658,5.991,CA186M
EPH_relaxed_0001_pdb2pqr_Repair_276_r2_0001,15,1.4,2.317,4.121,4.609,4.213,41.4,27.5,4.331,3.292,53.2,66.2,4.969,4.834,CA186M
EPH_relaxed_0001_pdb2pqr_Repair_277_r2_0001,1,-7.7,0.0,0.0,5.214,3.497,165.0,160.6,5.863,4.185,115.4,110.2,2.701,6.005,CA186N
EPH_relaxed_0001_pdb2pqr_Repair_277_r2_0001,5,-5.5,0.891,1.307,4.39,2.864,68.4,58.4,5.034,3.708,42.3,22.3,3.969,5.034,CA186N
EPH_relaxed_0001_pdb2pqr_Repair_277_r2_0001,7,-2.9,4.527,12.235,4.372,2.856,92.2,94.7,4.919,3.931,70.9,54.1,4.261,5.441,CA186N
EPH_relaxed_0001_pdb2pqr_Repair_277_r2_0001,16,0.1,1.586,2.21,5.299,3.401,71.5,86.3,6.356,4.689,20.1,34.8,3.838,5.238,CA186N
EPH_relaxed_0001_pdb2pqr_Repair_277_r2_0001,18,1.3,2.304,4.11,4.643,4.275,40.9,25.6,4.328,3.354,54.4,65.2,4.985,4.842,CA186N
EPH_relaxed_0001_pdb2pqr_Repair_277_r2_0001,19,1.4,1.573,2.785,3.421,2.787,136.5,131.8,3.927,2.782,107.5,132.0,2.541,2.769,CA186N
EPH_relaxed_0001_pdb2pqr_Repair_278_r2_0001,1,-7.9,0.0,0.0,5.285,3.503,168.9,166.6,6.06,4.3,110.4,106.6,2.699,6.071,CA186P
EPH_relaxed_0001_pdb2pqr_Repair_278_r2_0001,6,-3.1,4.372,12.22,4.673,3.083,119.0,120.8,5.236,4.148,93.4,74.5,4.394,6.161,CA186P
EPH_relaxed_0001_pdb2pqr_Repair_278_r2_0001,8,-1.9,1.936,3.276,4.373,3.226,76.7,78.3,5.364,3.888,35.5,53.9,3.058,3.835,CA186P
EPH_relaxed_0001_pdb2pqr_Repair_278_r2_0001,12,-0.1,1.61,2.215,5.574,3.613,42.5,46.7,5.714,4.112,35.4,21.8,4.569,5.866,CA186P
EPH_relaxed_0001_pdb2pqr_Repair_278_r2_0001,14,0.4,2.385,4.126,4.462,4.223,51.5,41.3,4.838,3.887,34.4,55.1,5.381,5.053,CA186P
EPH_relaxed_0001_pdb2pqr_Repair_278_r2_0001,16,1.7,2.286,4.101,5.581,3.861,162.1,161.1,6.779,5.082,91.2,88.2,3.051,6.245,CA186P
EPH_relaxed_0001_pdb2pqr_Repair_278_r2_0001,18,2.1,1.602,2.903,3.939,3.096,171.2,152.0,5.057,3.813,94.3,105.2,2.636,3.704,CA186P
EPH_relaxed_0001_pdb2pqr_Repair_279_r2_0001,1,-7.9,0.0,0.0,5.282,3.483,169.8,171.9,6.173,4.388,105.3,102.6,2.69,6.066,CA186Q
EPH_relaxed_0001_pdb2pqr_Repair_279_r2_0001,7,-3.2,4.405,12.156,4.404,2.89,90.9,95.8,4.915,3.953,71.2,55.5,4.319,5.42,CA186Q
EPH_relaxed_0001_pdb2pqr_Repair_279_r2_0001,8,-2.9,2.092,3.495,4.264,3.351,82.6,79.1,5.304,3.938,40.7,57.4,3.007,3.666,CA186Q
EPH_relaxed_0001_pdb2pqr_Repair_279_r2_0001,15,0.4,1.592,2.19,5.703,3.758,92.9,97.5,6.135,4.548,75.9,66.7,4.84,6.746,CA186Q
EPH_relaxed_0001_pdb2pqr_Repair_279_r2_0001,19,1.6,2.643,3.578,3.82,3.56,62.7,96.9,4.762,4.971,16.6,40.7,5.056,2.724,CA186Q
EPH_relaxed_0001_pdb2pqr_Repair_279_r2_0001,20,1.8,2.276,4.079,5.605,3.884,162.4,161.3,6.798,5.102,91.5,88.4,3.085,6.276,CA186Q
EPH_relaxed_0001_pdb2pqr_Repair_280_r2_0001,1,-7.8,0.0,0.0,5.219,3.495,165.6,161.6,5.887,4.2,114.7,109.7,2.703,6.013,CA186R
EPH_relaxed_0001_pdb2pqr_Repair_280_r2_0001,5,-2.9,4.508,12.209,4.336,2.833,85.6,89.5,4.875,3.908,65.0,49.3,4.244,5.251,CA186R
EPH_relaxed_0001_pdb2pqr_Repair_280_r2_0001,7,-1.9,2.712,3.743,4.441,3.714,89.8,60.4,5.782,4.636,34.0,13.4,3.946,5.256,CA186R
EPH_relaxed_0001_pdb2pqr_Repair_280_r2_0001,12,-0.3,1.591,2.207,5.121,3.267,79.8,96.3,6.272,4.617,29.2,43.5,3.698,5.071,CA186R
EPH_relaxed_0001_pdb2pqr_Repair_280_r2_0001,15,0.5,2.657,4.612,4.749,4.852,18.5,12.2,4.395,3.952,39.9,60.0,4.401,3.042,CA186R
EPH_relaxed_0001_pdb2pqr_Repair_280_r2_0001,17,2.0,1.558,2.876,4.106,3.171,155.3,159.6,5.435,4.162,82.7,96.0,2.695,3.819,CA186R
EPH_relaxed_0001_pdb2pqr_Repair_281_r2_0001,1,-7.9,0.0,0.0,5.269,3.468,168.5,172.7,6.153,4.368,105.4,102.9,2.687,6.055,CA186S
EPH_relaxed_0001_pdb2pqr_Repair_281_r2_0001,7,-3.2,4.477,12.188,4.367,2.823,92.8,97.5,4.901,3.904,72.0,56.3,4.3,5.454,CA186S
EPH_relaxed_0001_pdb2pqr_Repair_281_r2_0001,15,-0.2,1.568,2.12,5.17,3.26,80.3,95.0,6.34,4.602,28.8,42.6,3.679,5.138,CA186S
EPH_relaxed_0001_pdb2pqr_Repair_281_r2_0001,16,1.4,2.325,4.129,4.62,4.221,41.3,27.4,4.336,3.299,53.4,66.2,4.973,4.838,CA186S
EPH_relaxed_0001_pdb2pqr_Repair_281_r2_0001,19,1.8,2.277,4.08,5.543,3.821,160.0,160.4,6.761,5.065,89.8,87.1,3.016,6.194,CA186S
EPH_relaxed_0001_pdb2pqr_Repair_282_r2_0001,1,-7.9,0.0,0.0,5.284,3.489,169.9,171.2,6.16,4.379,106.0,103.2,2.68,6.072,CA186T
EPH_relaxed_0001_pdb2pqr_Repair_282_r2_0001,6,-3.3,4.433,12.181,4.431,2.894,92.9,98.2,4.959,3.968,72.4,57.1,4.305,5.477,CA186T
EPH_relaxed_0001_pdb2pqr_Repair_282_r2_0001,13,-0.3,1.608,2.182,5.622,3.656,42.3,45.5,5.72,4.105,37.5,23.3,4.518,5.897,CA186T
EPH_relaxed_0001_pdb2pqr_Repair_282_r2_0001,15,1.3,2.337,4.134,4.637,4.245,41.2,27.8,4.321,3.298,54.7,67.5,5.001,4.856,CA186T
EPH_relaxed_0001_pdb2pqr_Repair_283_r2_0001,1,-7.9,0.0,0.0,5.281,3.479,169.2,172.3,6.169,4.382,105.3,102.7,2.683,6.058,CA186V
EPH_relaxed_0001_pdb2pqr_Repair_283_r2_0001,4,-5.6,0.92,1.358,4.484,2.908,68.4,55.8,5.042,3.643,46.0,24.7,3.88,5.072,CA186V
EPH_relaxed_0001_pdb2pqr_Repair_283_r2_0001,8,-3.1,4.379,12.205,4.662,3.034,123.4,125.9,5.175,4.062,99.0,79.1,4.393,6.229,CA186V
EPH_relaxed_0001_pdb2pqr_Repair_283_r2_0001,9,-3.0,2.057,3.452,4.32,3.338,79.1,77.3,5.328,3.929,38.0,55.4,3.065,3.736,CA186V
EPH_relaxed_0001_pdb2pqr_Repair_283_r2_0001,11,-1.2,4.189,12.135,4.375,3.625,76.2,92.7,5.26,4.358,40.3,64.5,4.153,3.603,CA186V
EPH_relaxed_0001_pdb2pqr_Repair_283_r2_0001,17,-0.4,1.612,2.177,5.658,3.679,40.2,41.4,5.588,3.958,43.7,27.9,4.393,5.858,CA186V
EPH_relaxed_0001_pdb2pqr_Repair_283_r2_0001,18,1.0,2.312,4.24,4.684,4.358,41.8,32.3,4.419,3.416,53.2,70.7,4.912,4.613,CA186V
EPH_relaxed_0001_pdb2pqr_Repair_284_r2_0001,1,-7.8,0.0,0.0,5.301,3.51,170.3,170.3,6.164,4.387,106.7,103.7,2.684,6.079,CA186W
EPH_relaxed_0001_pdb2pqr_Repair_284_r2_0001,5,-5.5,0.915,1.348,4.501,2.93,68.4,55.9,5.061,3.666,45.9,24.6,3.868,5.071,CA186W
EPH_relaxed_0001_pdb2pqr_Repair_284_r2_0001,8,-3.1,4.3,12.208,4.713,3.127,119.5,121.3,5.252,4.17,94.8,75.7,4.422,6.207,CA186W
EPH_relaxed_0001_pdb2pqr_Repair_284_r2_0001,13,0.0,2.429,3.485,4.508,3.68,94.7,68.2,5.686,4.391,47.8,40.0,2.568,4.453,CA186W
EPH_relaxed_0001_pdb2pqr_Repair_284_r2_0001,14,0.2,1.602,2.233,5.622,3.638,55.1,59.2,6.13,4.433,30.4,22.7,4.757,6.185,CA186W
EPH_relaxed_0001_pdb2pqr_Repair_284_r2_0001,16,0.6,2.711,4.637,4.744,4.841,20.2,10.4,4.417,3.983,39.6,57.9,4.335,3.001,CA186W
EPH_relaxed_0001_pdb2pqr_Repair_284_r2_0001,19,1.9,2.278,4.082,5.576,3.878,160.7,157.7,6.812,5.117,89.3,86.6,3.046,6.222,CA186W
EPH_relaxed_0001_pdb2pqr_Repair_285_r2_0001,1,-8.0,0.0,0.0,5.299,3.504,169.6,170.4,6.15,4.37,107.1,104.2,2.683,6.073,CA186Y
EPH_relaxed_0001_pdb2pqr_Repair_285_r2_0001,5,-2.5,4.35,12.207,4.707,3.1,118.7,121.5,5.249,4.149,94.1,75.6,4.426,6.191,CA186Y
EPH_relaxed_0001_pdb2pqr_Repair_285_r2_0001,9,-0.6,2.15,3.443,4.272,3.122,171.8,145.6,5.304,3.828,98.4,103.0,2.496,4.795,CA186Y
EPH_relaxed_0001_pdb2pqr_Repair_285_r2_0001,10,-0.6,1.578,2.204,5.475,3.489,85.3,95.0,6.724,4.887,31.2,39.5,4.771,6.365,CA186Y
EPH_relaxed_0001_pdb2pqr_Repair_285_r2_0001,11,0.6,2.697,4.626,4.704,4.797,20.2,10.4,4.382,3.942,39.3,57.6,4.346,3.013,CA186Y
EPH_relaxed_0001_pdb2pqr_Repair_285_r2_0001,14,1.8,2.278,4.084,5.524,3.814,158.7,158.8,6.763,5.077,88.6,86.0,3.001,6.145,CA186Y
EPH_relaxed_0001_pdb2pqr_Repair_115_r2_0001,1,-7.7,0.0,0.0,5.288,3.493,170.0,170.6,6.154,4.372,106.4,103.6,2.688,6.035,FA154A
EPH_relaxed_0001_pdb2pqr_Repair_115_r2_0001,8,-3.0,4.371,12.205,4.666,3.045,122.2,123.7,5.203,4.087,97.0,77.3,4.407,6.224,FA154A
EPH_relaxed_0001_pdb2pqr_Repair_115_r2_0001,15,-0.8,1.813,2.518,5.082,3.148,79.3,94.0,6.15,4.396,33.7,45.8,3.204,4.781,FA154A
EPH_relaxed_0001_pdb2pqr_Repair_116_r2_0001,3,-7.7,2.862,9.448,5.09,3.407,159.9,167.0,5.842,4.153,109.0,108.9,2.963,5.462,FA154C
EPH_relaxed_0001_pdb2pqr_Repair_116_r2_0001,4,-7.1,2.936,9.216,5.114,3.432,147.9,138.4,5.33,3.573,131.5,128.3,3.016,5.639,FA154C
EPH_relaxed_0001_pdb2pqr_Repair_116_r2_0001,10,-3.7,8.765,13.846,4.73,3.148,119.3,120.6,5.257,4.177,95.2,75.8,4.538,6.173,FA154C
EPH_relaxed_0001_pdb2pqr_Repair_116_r2_0001,11,-3.3,2.361,8.732,4.854,3.46,97.2,75.5,5.374,3.571,76.6,71.4,3.935,5.819,FA154C
EPH_relaxed_0001_pdb2pqr_Repair_116_r2_0001,18,-1.2,2.003,8.709,5.132,3.847,81.2,60.7,5.191,3.475,78.9,74.4,4.007,5.752,FA154C
EPH_relaxed_0001_pdb2pqr_Repair_116_r2_0001,19,-1.0,2.265,7.984,5.559,5.214,41.5,33.8,4.634,3.946,79.1,85.8,5.433,5.754,FA154C
EPH_relaxed_0001_pdb2pqr_Repair_116_r2_0001,20,-0.6,3.139,9.134,4.486,2.558,90.1,104.1,5.809,3.962,35.4,49.7,2.739,4.34,FA154C
EPH_relaxed_0001_pdb2pqr_Repair_117_r2_0001,1,-8.6,0.0,0.0,5.142,3.496,156.5,170.3,5.954,4.319,105.3,106.1,3.004,5.378,FA154D
EPH_relaxed_0001_pdb2pqr_Repair_117_r2_0001,7,-3.8,4.386,12.312,4.733,3.169,117.9,117.7,5.284,4.207,93.1,73.5,4.557,6.116,FA154D
EPH_relaxed_0001_pdb2pqr_Repair_117_r2_0001,11,-0.1,2.23,3.692,4.946,3.064,69.5,83.5,5.813,4.088,31.1,44.9,2.77,4.231,FA154D
EPH_relaxed_0001_pdb2pqr_Repair_117_r2_0001,12,0.2,1.805,2.581,4.887,3.05,84.1,101.4,6.048,4.367,35.6,50.1,3.045,4.431,FA154D
EPH_relaxed_0001_pdb2pqr_Repair_117_r2_0001,15,1.3,1.975,2.893,3.801,3.321,39.2,74.4,3.854,3.906,36.9,52.7,3.811,2.905,FA154D
EPH_relaxed_0001_pdb2pqr_Repair_118_r2_0001,1,-8.8,0.0,0.0,5.181,3.487,156.2,168.6,5.975,4.281,106.0,107.1,2.969,5.354,FA154E
EPH_relaxed_0001_pdb2pqr_Repair_118_r2_0001,6,-4.0,4.385,12.291,4.753,3.179,118.6,119.9,5.265,4.194,95.3,75.8,4.625,6.118,FA154E
EPH_relaxed_0001_pdb2pqr_Repair_118_r2_0001,9,-1.6,2.007,3.239,4.092,3.014,84.9,75.8,5.251,3.725,38.1,49.8,2.488,3.76,FA154E
EPH_relaxed_0001_pdb2pqr_Repair_118_r2_0001,11,-0.4,2.223,3.697,5.027,3.093,66.8,78.7,5.883,4.093,27.4,40.6,2.825,4.271,FA154E
EPH_relaxed_0001_pdb2pqr_Repair_118_r2_0001,16,1.0,2.202,4.211,4.371,3.916,143.1,113.4,4.876,3.835,112.4,117.5,2.706,4.223,FA154E
EPH_relaxed_0001_pdb2pqr_Repair_119_r2_0001,1,-7.5,0.0,0.0,5.271,3.53,170.3,168.4,6.106,4.382,107.9,104.5,2.659,5.987,FA154G
EPH_relaxed_0001_pdb2pqr_Repair_119_r2_0001,10,-2.8,4.425,12.199,4.377,2.899,86.4,89.6,4.899,3.955,66.4,50.0,4.245,5.267,FA154G
EPH_relaxed_0001_pdb2pqr_Repair_119_r2_0001,17,-0.8,1.799,2.937,5.582,4.153,82.0,64.3,5.32,3.529,92.3,87.8,4.155,6.318,FA154G
EPH_relaxed_0001_pdb2pqr_Repair_119_r2_0001,18,-0.4,1.809,2.54,5.297,3.364,74.1,87.0,6.409,4.665,21.1,35.2,3.895,5.371,FA154G
EPH_relaxed_0001_pdb2pqr_Repair_120_r2_0001,1,-7.9,0.0,0.0,5.285,3.502,170.6,167.6,6.104,4.338,108.6,105.0,2.697,6.056,FA154H
EPH_relaxed_0001_pdb2pqr_Repair_120_r2_0001,5,-5.6,0.908,1.333,4.502,2.933,68.6,56.0,5.063,3.669,46.2,24.8,3.859,5.073,FA154H
EPH_relaxed_0001_pdb2pqr_Repair_120_r2_0001,7,-3.1,4.476,12.18,4.365,2.831,89.4,94.6,4.893,3.91,69.0,53.9,4.301,5.364,FA154H
EPH_relaxed_0001_pdb2pqr_Repair_120_r2_0001,10,-1.8,4.313,12.159,4.416,3.604,78.1,104.2,4.711,3.991,66.9,87.9,3.731,2.695,FA154H
EPH_relaxed_0001_pdb2pqr_Repair_120_r2_0001,12,-0.7,1.686,2.306,5.152,3.254,83.9,99.4,6.307,4.577,35.2,47.8,3.322,4.921,FA154H
EPH_relaxed_0001_pdb2pqr_Repair_120_r2_0001,17,0.4,2.266,4.086,5.488,3.74,162.1,164.2,6.652,4.945,92.5,89.4,2.971,6.161,FA154H
EPH_relaxed_0001_pdb2pqr_Repair_121_r2_0001,1,-8.8,0.0,0.0,5.164,3.476,156.6,168.9,5.958,4.271,106.1,107.1,3.002,5.311,FA154I
EPH_relaxed_0001_pdb2pqr_Repair_121_r2_0001,5,-4.0,4.344,12.291,4.78,3.233,117.9,119.4,5.281,4.242,95.1,75.8,4.607,6.11,FA154I
EPH_relaxed_0001_pdb2pqr_Repair_121_r2_0001,10,-0.5,2.234,3.708,5.027,3.1,67.3,79.3,5.885,4.103,27.9,41.1,2.81,4.226,FA154I
EPH_relaxed_0001_pdb2pqr_Repair_122_r2_0001,1,-7.8,0.0,0.0,5.267,3.485,170.5,166.5,6.066,4.306,109.6,105.6,2.694,6.071,FA154K
EPH_relaxed_0001_pdb2pqr_Repair_122_r2_0001,6,-3.1,4.453,12.178,4.387,2.862,90.7,95.3,4.922,3.939,70.0,54.4,4.306,5.39,FA154K
EPH_relaxed_0001_pdb2pqr_Repair_122_r2_0001,13,-0.0,1.697,3.046,3.922,2.828,123.1,110.3,4.689,2.928,88.0,105.4,2.013,3.859,FA154K
EPH_relaxed_0001_pdb2pqr_Repair_122_r2_0001,19,1.8,2.277,4.089,5.534,3.801,159.4,161.3,6.746,5.043,89.9,87.3,2.933,6.153,FA154K
EPH_relaxed_0001_pdb2pqr_Repair_123_r2_0001,1,-8.9,0.0,0.0,5.234,3.539,159.1,168.9,6.012,4.318,107.7,107.9,3.016,5.407,FA154L
EPH_relaxed_0001_pdb2pqr_Repair_123_r2_0001,4,-4.0,4.332,12.286,4.781,3.22,116.1,118.1,5.278,4.226,93.8,74.9,4.664,6.046,FA154L
EPH_relaxed_0001_pdb2pqr_Repair_123_r2_0001,11,-0.8,2.091,3.376,4.413,3.397,172.7,145.4,5.227,3.818,108.2,116.9,2.796,4.639,FA154L
EPH_relaxed_0001_pdb2pqr_Repair_123_r2_0001,12,-0.6,1.828,2.632,5.893,3.987,53.6,46.9,5.696,4.045,61.7,44.6,4.363,5.846,FA154L
EPH_relaxed_0001_pdb2pqr_Repair_124_r2_0001,1,-7.8,0.0,0.0,5.28,3.477,168.9,172.7,6.171,4.384,105.2,102.6,2.669,6.051,FA154M
EPH_relaxed_0001_pdb2pqr_Repair_124_r2_0001,4,-5.6,0.926,1.363,4.509,2.945,68.4,55.6,5.062,3.672,46.2,24.7,3.855,5.061,FA154M
EPH_relaxed_0001_pdb2pqr_Repair_124_r2_0001,5,-3.1,4.465,12.18,4.387,2.853,91.6,96.6,4.935,3.942,70.4,55.2,4.275,5.378,FA154M
EPH_relaxed_0001_pdb2pqr_Repair_124_r2_0001,8,-1.2,4.199,12.113,4.524,3.701,78.6,96.2,5.386,4.442,44.1,67.4,3.995,3.54,FA154M
EPH_relaxed_0001_pdb2pqr_Repair_124_r2_0001,11,-0.7,1.719,2.38,5.125,3.222,82.9,98.4,6.255,4.527,35.3,47.6,3.295,4.881,FA154M
EPH_relaxed_0001_pdb2pqr_Repair_124_r2_0001,16,1.1,2.299,4.506,4.749,4.385,133.9,107.4,4.685,3.794,138.3,142.0,3.236,4.393,FA154M
EPH_relaxed_0001_pdb2pqr_Repair_124_r2_0001,19,1.8,2.299,4.155,5.851,3.987,74.2,75.2,6.188,4.669,60.9,48.9,4.683,6.469,FA154M
EPH_relaxed_0001_pdb2pqr_Repair_125_r2_0001,3,-6.0,3.004,9.597,5.111,3.455,160.5,168.0,5.865,4.221,109.2,108.3,2.929,5.518,FA154N
EPH_relaxed_0001_pdb2pqr_Repair_125_r2_0001,4,-4.3,2.957,9.239,4.915,3.028,65.7,73.9,5.773,3.929,25.5,39.7,2.652,4.341,FA154N
EPH_relaxed_0001_pdb2pqr_Repair_125_r2_0001,7,-3.1,9.161,14.125,4.738,3.151,118.4,118.2,5.297,4.191,93.2,73.7,4.482,6.161,FA154N
EPH_relaxed_0001_pdb2pqr_Repair_125_r2_0001,19,0.4,2.484,9.071,4.417,2.604,75.1,85.8,5.285,3.445,39.7,55.3,2.277,3.889,FA154N
EPH_relaxed_0001_pdb2pqr_Repair_126_r2_0001,1,-8.0,0.0,0.0,5.132,3.43,155.3,162.9,5.792,4.095,111.7,111.9,3.059,5.435,FA154P
EPH_relaxed_0001_pdb2pqr_Repair_126_r2_0001,4,-3.7,4.485,12.356,4.745,3.153,119.1,120.5,5.259,4.169,95.6,76.1,4.457,6.231,FA154P
EPH_relaxed_0001_pdb2pqr_Repair_126_r2_0001,8,-0.4,2.257,3.703,4.98,3.041,67.5,78.6,5.855,4.043,27.2,40.6,2.745,4.361,FA154P
EPH_relaxed_0001_pdb2pqr_Repair_127_r2_0001,3,-6.5,2.905,9.437,5.409,3.413,62.0,57.3,5.825,4.029,44.4,31.5,4.325,6.06,FA154Q
EPH_relaxed_0001_pdb2pqr_Repair_127_r2_0001,6,-5.8,2.834,9.172,4.496,2.534,79.8,92.5,5.225,3.346,51.3,62.3,2.418,4.061,FA154Q
EPH_relaxed_0001_pdb2pqr_Repair_127_r2_0001,14,-2.5,8.778,13.865,4.688,3.073,116.6,120.0,5.192,4.096,94.0,75.6,4.415,6.145,FA154Q
EPH_relaxed_0001_pdb2pqr_Repair_127_r2_0001,15,-2.4,4.491,9.218,4.601,2.634,84.6,99.9,5.576,3.762,45.8,56.8,2.705,4.296,FA154Q
EPH_relaxed_0001_pdb2pqr_Repair_127_r2_0001,16,-2.2,2.41,9.32,3.419,2.636,143.3,137.3,4.027,2.782,106.7,126.5,2.399,2.882,FA154Q
EPH_relaxed_0001_pdb2pqr_Repair_128_r2_0001,1,-7.0,0.0,0.0,5.236,3.515,172.6,166.9,6.095,4.397,107.1,102.9,2.697,6.03,FA154R
EPH_relaxed_0001_pdb2pqr_Repair_128_r2_0001,9,-2.9,4.429,12.133,4.305,2.819,82.3,86.9,4.838,3.894,62.0,46.8,4.247,5.139,FA154R
EPH_relaxed_0001_pdb2pqr_Repair_128_r2_0001,14,2.0,1.593,2.829,4.043,3.085,156.0,163.9,5.351,4.054,83.6,97.7,2.692,3.815,FA154R
EPH_relaxed_0001_pdb2pqr_Repair_128_r2_0001,15,2.3,2.364,4.157,4.594,4.237,38.4,25.9,4.256,3.269,53.1,67.0,4.979,4.7,FA154R
EPH_relaxed_0001_pdb2pqr_Repair_129_r2_0001,1,-7.5,0.0,0.0,5.212,3.496,164.8,160.2,5.856,4.175,115.7,110.6,2.697,5.977,FA154S
EPH_relaxed_0001_pdb2pqr_Repair_129_r2_0001,7,-2.9,4.521,12.233,4.395,2.885,89.8,93.9,4.941,3.966,68.7,53.1,4.273,5.375,FA154S
EPH_relaxed_0001_pdb2pqr_Repair_129_r2_0001,15,-0.6,1.833,2.583,5.061,3.183,81.6,97.9,6.158,4.467,35.4,48.0,3.207,4.792,FA154S
EPH_relaxed_0001_pdb2pqr_Repair_129_r2_0001,20,0.4,2.31,4.122,5.47,3.804,161.8,159.1,6.684,5.03,90.4,87.5,2.978,6.134,FA154S
EPH_relaxed_0001_pdb2pqr_Repair_130_r2_0001,1,-8.4,0.0,0.0,5.195,3.527,160.3,169.3,5.97,4.313,108.2,107.7,2.945,5.33,FA154T
EPH_relaxed_0001_pdb2pqr_Repair_130_r2_0001,7,-3.5,4.391,12.305,4.719,3.148,118.7,118.4,5.278,4.194,93.3,73.7,4.501,6.014,FA154T
EPH_relaxed_0001_pdb2pqr_Repair_130_r2_0001,10,-3.0,1.388,1.894,5.131,3.501,141.4,126.4,5.177,3.335,137.8,137.7,3.078,5.551,FA154T
EPH_relaxed_0001_pdb2pqr_Repair_130_r2_0001,16,-0.2,2.243,3.749,5.006,3.098,66.5,79.3,5.857,4.107,27.2,40.9,2.812,4.146,FA154T
EPH_relaxed_0001_pdb2pqr_Repair_130_r2_0001,19,0.4,1.917,2.792,5.485,3.609,75.3,71.9,5.877,4.296,60.0,45.5,4.668,6.006,FA154T
EPH_relaxed_0001_pdb2pqr_Repair_131_r2_0001,1,-8.7,0.0,0.0,5.166,3.469,156.8,169.2,5.97,4.273,105.7,106.7,2.98,5.41,FA154V
EPH_relaxed_0001_pdb2pqr_Repair_131_r2_0001,5,-4.0,4.418,12.309,4.738,3.153,120.0,121.0,5.289,4.197,94.7,75.4,4.573,6.169,FA154V
EPH_relaxed_0001_pdb2pqr_Repair_131_r2_0001,11,-0.4,2.23,3.726,5.005,3.081,67.9,79.8,5.864,4.071,29.0,42.3,2.762,4.284,FA154V
EPH_relaxed_0001_pdb2pqr_Repair_132_r2_0001,1,-7.9,0.0,0.0,5.266,3.482,170.1,166.8,6.064,4.302,109.5,105.7,2.697,6.047,FA154W
EPH_relaxed_0001_pdb2pqr_Repair_132_r2_0001,6,-3.0,4.481,12.189,4.343,2.825,86.0,91.3,4.877,3.905,65.6,50.8,4.28,5.248,FA154W
EPH_relaxed_0001_pdb2pqr_Repair_132_r2_0001,8,-1.6,1.577,2.632,5.259,3.575,66.8,48.3,5.082,3.205,73.6,62.1,4.002,5.991,FA154W
EPH_relaxed_0001_pdb2pqr_Repair_132_r2_0001,16,0.7,1.496,2.089,5.52,3.538,89.1,98.7,6.803,4.959,34.7,42.2,4.865,6.501,FA154W
EPH_relaxed_0001_pdb2pqr_Repair_132_r2_0001,17,0.8,2.286,4.085,5.616,3.872,159.1,158.6,6.859,5.132,88.6,86.0,3.019,6.259,FA154W
EPH_relaxed_0001_pdb2pqr_Repair_132_r2_0001,18,1.7,1.606,2.801,3.435,2.747,137.7,132.0,3.96,2.753,107.4,131.3,2.503,2.714,FA154W
EPH_relaxed_0001_pdb2pqr_Repair_133_r2_0001,1,-7.8,0.0,0.0,5.232,3.511,165.0,160.2,5.874,4.196,115.8,110.3,2.701,6.014,FA154Y
EPH_relaxed_0001_pdb2pqr_Repair_133_r2_0001,5,-5.6,0.89,1.314,4.407,2.909,67.6,57.2,5.017,3.722,42.8,22.0,3.913,4.973,FA154Y
EPH_relaxed_0001_pdb2pqr_Repair_133_r2_0001,8,-2.9,4.531,12.223,4.379,2.862,90.4,93.9,4.922,3.938,69.4,53.2,4.261,5.37,FA154Y
EPH_relaxed_0001_pdb2pqr_Repair_133_r2_0001,14,1.2,2.296,4.104,4.627,4.253,40.3,25.4,4.311,3.326,53.9,65.3,4.979,4.787,FA154Y
EPH_relaxed_0001_pdb2pqr_Repair_133_r2_0001,15,1.4,1.588,2.769,3.414,2.786,137.1,131.7,3.916,2.776,108.1,132.2,2.556,2.752,FA154Y
EPH_relaxed_0001_pdb2pqr_Repair_305_r2_0001,7,-8.4,2.834,8.767,5.248,3.497,166.8,165.3,6.375,4.632,94.8,92.0,2.743,5.994,FA193A
EPH_relaxed_0001_pdb2pqr_Repair_305_r2_0001,8,-8.1,2.179,8.413,5.238,3.469,135.9,123.4,5.145,3.268,142.5,136.5,2.703,6.081,FA193A
EPH_relaxed_0001_pdb2pqr_Repair_305_r2_0001,11,-7.9,2.25,8.66,5.247,3.282,69.7,61.0,5.609,3.814,55.3,40.5,4.22,6.109,FA193A
EPH_relaxed_0001_pdb2pqr_Repair_305_r2_0001,12,-7.9,2.265,8.359,4.341,2.435,81.1,92.8,5.256,3.362,44.8,58.5,2.562,4.041,FA193A
EPH_relaxed_0001_pdb2pqr_Repair_305_r2_0001,13,-7.8,1.354,7.742,4.283,3.353,80.2,78.3,5.301,3.94,39.0,56.6,3.09,3.684,FA193A
EPH_relaxed_0001_pdb2pqr_Repair_305_r2_0001,14,-7.7,2.758,8.443,5.232,3.294,74.0,66.4,5.451,3.76,65.6,49.0,4.152,6.072,FA193A
EPH_relaxed_0001_pdb2pqr_Repair_305_r2_0001,20,-7.0,2.976,7.884,5.148,4.498,18.8,7.1,4.78,3.927,41.2,44.9,4.955,4.979,FA193A
EPH_relaxed_0001_pdb2pqr_Repair_306_r2_0001,5,-7.2,2.689,8.106,5.212,3.478,134.9,122.4,5.099,3.277,143.0,135.4,2.697,6.056,FA193C
EPH_relaxed_0001_pdb2pqr_Repair_306_r2_0001,6,-6.7,2.789,8.296,5.281,3.346,66.7,59.2,5.659,3.917,51.5,36.3,4.224,6.071,FA193C
EPH_relaxed_0001_pdb2pqr_Repair_306_r2_0001,10,-6.2,1.598,7.507,4.218,3.301,81.3,80.4,5.237,3.887,40.3,58.7,3.103,3.642,FA193C
EPH_relaxed_0001_pdb2pqr_Repair_306_r2_0001,12,-5.5,2.993,8.004,4.254,2.398,87.9,103.7,5.226,3.406,50.0,64.4,2.579,4.037,FA193C
EPH_relaxed_0001_pdb2pqr_Repair_306_r2_0001,14,-4.2,3.112,8.329,5.118,3.323,74.3,69.4,5.699,4.167,51.2,36.0,4.236,5.892,FA193C
EPH_relaxed_0001_pdb2pqr_Repair_306_r2_0001,16,-3.6,2.194,7.785,5.014,3.479,97.7,77.8,5.305,3.406,86.0,80.5,3.967,6.245,FA193C
EPH_relaxed_0001_pdb2pqr_Repair_307_r2_0001,3,-8.7,2.198,8.025,4.519,2.59,82.6,94.3,5.211,3.305,55.9,67.3,2.275,4.112,FA193D
EPH_relaxed_0001_pdb2pqr_Repair_307_r2_0001,5,-8.3,2.381,8.258,5.419,3.44,84.0,77.7,5.589,3.867,77.4,61.9,4.21,6.397,FA193D
EPH_relaxed_0001_pdb2pqr_Repair_307_r2_0001,10,-6.6,1.423,7.58,4.233,3.322,82.9,80.9,5.274,3.918,41.2,58.8,3.045,3.631,FA193D
EPH_relaxed_0001_pdb2pqr_Repair_307_r2_0001,16,-4.7,3.576,7.899,4.756,2.747,74.3,87.4,5.675,3.84,35.4,46.7,2.789,4.407,FA193D
EPH_relaxed_0001_pdb2pqr_Repair_308_r2_0001,3,-7.2,2.859,9.141,5.26,3.489,141.8,129.8,5.322,3.465,137.0,131.2,2.7,6.11,FA193E
EPH_relaxed_0001_pdb2pqr_Repair_308_r2_0001,5,-7.0,2.79,9.367,5.424,3.426,62.0,57.6,5.863,4.062,43.3,30.7,4.346,6.116,FA193E
EPH_relaxed_0001_pdb2pqr_Repair_308_r2_0001,11,-2.9,4.129,9.15,4.731,2.738,78.5,92.7,5.705,3.889,38.2,49.4,2.795,4.44,FA193E
EPH_relaxed_0001_pdb2pqr_Repair_308_r2_0001,13,-2.2,8.796,13.6,4.715,3.105,118.4,120.7,5.241,4.137,94.5,75.7,4.422,6.212,FA193E
EPH_relaxed_0001_pdb2pqr_Repair_308_r2_0001,15,-1.2,1.919,8.554,3.587,2.939,99.2,86.8,4.739,3.434,54.2,68.4,2.624,3.112,FA193E
EPH_relaxed_0001_pdb2pqr_Repair_308_r2_0001,18,-0.8,3.316,9.606,4.405,3.138,141.2,160.2,5.847,4.376,72.9,86.2,2.73,4.2,FA193E
EPH_relaxed_0001_pdb2pqr_Repair_308_r2_0001,19,-0.7,2.648,8.071,4.262,3.38,173.3,142.5,5.145,3.805,105.0,115.0,2.695,4.531,FA193E
EPH_relaxed_0001_pdb2pqr_Repair_309_r2_0001,6,-8.6,2.43,8.224,4.319,2.435,81.2,92.1,5.226,3.324,45.3,59.4,2.521,4.005,FA193G
EPH_relaxed_0001_pdb2pqr_Repair_309_r2_0001,7,-8.6,2.649,8.411,4.952,2.993,74.5,87.8,5.913,4.114,33.1,45.4,3.066,4.627,FA193G
EPH_relaxed_0001_pdb2pqr_Repair_309_r2_0001,10,-8.2,2.588,8.096,4.565,2.625,78.0,89.2,5.228,3.322,52.2,63.5,2.342,4.105,FA193G
EPH_relaxed_0001_pdb2pqr_Repair_309_r2_0001,11,-8.2,1.365,7.914,5.176,4.533,18.7,6.7,4.786,3.941,42.3,45.8,4.979,5.003,FA193G
EPH_relaxed_0001_pdb2pqr_Repair_309_r2_0001,12,-8.0,2.424,8.38,5.23,3.275,72.0,63.0,5.46,3.705,63.1,46.9,4.163,6.094,FA193G
EPH_relaxed_0001_pdb2pqr_Repair_309_r2_0001,14,-7.7,2.928,7.514,4.275,3.352,79.1,78.2,5.267,3.919,38.8,57.2,3.164,3.675,FA193G
EPH_relaxed_0001_pdb2pqr_Repair_310_r2_0001,5,-7.2,2.634,8.122,4.419,2.526,86.7,101.6,5.126,3.303,59.4,71.1,2.423,4.03,FA193H
EPH_relaxed_0001_pdb2pqr_Repair_310_r2_0001,6,-6.9,2.872,8.313,5.311,3.376,61.6,56.1,5.713,3.988,44.7,30.1,4.249,5.955,FA193H
EPH_relaxed_0001_pdb2pqr_Repair_310_r2_0001,9,-5.6,1.598,7.515,4.196,3.282,82.9,82.0,5.231,3.88,41.5,59.8,3.261,3.603,FA193H
EPH_relaxed_0001_pdb2pqr_Repair_310_r2_0001,10,-5.3,2.568,8.302,3.528,2.786,148.3,139.6,4.158,2.972,108.3,125.9,2.631,3.083,FA193H
EPH_relaxed_0001_pdb2pqr_Repair_310_r2_0001,16,-3.6,3.892,7.996,4.555,2.654,89.7,107.3,5.581,3.829,49.2,60.8,2.758,4.297,FA193H
EPH_relaxed_0001_pdb2pqr_Repair_310_r2_0001,18,-2.8,3.085,8.56,4.781,3.731,106.8,80.3,5.112,3.809,92.6,77.4,2.759,5.04,FA193H
EPH_relaxed_0001_pdb2pqr_Repair_310_r2_0001,19,-2.5,4.46,8.453,5.633,3.948,170.2,168.5,6.665,5.02,99.7,95.9,2.923,6.312,FA193H
EPH_relaxed_0001_pdb2pqr_Repair_311_r2_0001,4,-7.2,2.336,8.328,5.441,3.452,83.3,77.5,5.587,3.862,77.6,62.3,4.222,6.402,FA193I
EPH_relaxed_0001_pdb2pqr_Repair_311_r2_0001,11,-4.1,3.725,7.876,4.603,2.62,80.7,94.7,5.532,3.691,43.3,54.6,2.699,4.31,FA193I
EPH_relaxed_0001_pdb2pqr_Repair_311_r2_0001,13,-3.7,3.471,7.944,5.366,3.428,71.6,66.5,5.536,3.894,65.0,49.0,4.276,6.127,FA193I
EPH_relaxed_0001_pdb2pqr_Repair_311_r2_0001,15,-2.1,8.318,12.638,4.736,3.135,118.5,121.2,5.286,4.186,93.6,75.3,4.401,6.182,FA193I
EPH_relaxed_0001_pdb2pqr_Repair_311_r2_0001,18,2.7,1.406,7.584,4.594,3.884,90.8,63.0,5.83,4.68,40.7,27.9,3.011,4.636,FA193I
EPH_relaxed_0001_pdb2pqr_Repair_312_r2_0001,1,-2.7,0.0,0.0,4.369,2.839,89.8,95.1,4.902,3.921,69.3,54.1,4.288,5.375,FA193K
EPH_relaxed_0001_pdb2pqr_Repair_312_r2_0001,2,-1.9,4.5,12.071,5.227,3.46,169.4,163.4,5.975,4.228,111.7,107.2,2.684,6.03,FA193K
EPH_relaxed_0001_pdb2pqr_Repair_312_r2_0001,15,3.1,4.571,12.853,4.746,2.763,79.9,94.4,5.703,3.897,40.9,51.7,2.777,4.428,FA193K
EPH_relaxed_0001_pdb2pqr_Repair_312_r2_0001,16,3.6,8.622,13.127,4.584,4.671,20.4,9.7,4.308,3.839,37.1,56.3,4.376,3.089,FA193K
EPH_relaxed_0001_pdb2pqr_Repair_312_r2_0001,17,4.0,4.272,11.71,4.996,3.11,86.8,103.3,6.201,4.476,36.7,49.7,3.296,4.83,FA193K
EPH_relaxed_0001_pdb2pqr_Repair_313_r2_0001,5,-7.7,2.042,8.071,4.495,2.564,79.9,91.5,5.209,3.305,52.2,63.9,2.344,4.069,FA193L
EPH_relaxed_0001_pdb2pqr_Repair_313_r2_0001,6,-7.4,2.359,8.311,5.287,3.327,68.7,60.9,5.67,3.894,53.4,38.7,4.219,6.083,FA193L
EPH_relaxed_0001_pdb2pqr_Repair_313_r2_0001,11,-4.9,1.379,7.746,4.216,3.257,79.8,80.1,5.211,3.836,39.7,58.7,3.168,3.66,FA193L
EPH_relaxed_0001_pdb2pqr_Repair_313_r2_0001,13,-4.4,3.609,7.864,4.602,2.623,80.2,94.4,5.531,3.697,42.8,54.2,2.696,4.286,FA193L
EPH_relaxed_0001_pdb2pqr_Repair_313_r2_0001,15,-2.4,1.435,7.834,5.245,4.819,30.0,24.7,4.532,3.684,62.2,74.0,5.322,5.132,FA193L
EPH_relaxed_0001_pdb2pqr_Repair_313_r2_0001,16,-2.2,8.301,12.624,4.689,3.087,120.0,121.5,5.252,4.147,94.2,75.2,4.411,6.206,FA193L
EPH_relaxed_0001_pdb2pqr_Repair_313_r2_0001,17,-2.0,2.561,8.413,4.159,2.973,146.2,167.7,5.494,3.945,79.0,98.0,3.689,4.591,FA193L
EPH_relaxed_0001_pdb2pqr_Repair_314_r2_0001,1,-8.4,0.0,0.0,5.305,3.332,67.9,59.6,5.652,3.846,54.1,39.4,4.236,6.127,FA193M
EPH_relaxed_0001_pdb2pqr_Repair_314_r2_0001,15,-3.0,4.696,12.499,4.703,3.093,118.6,120.7,5.228,4.124,94.7,75.7,4.414,6.2,FA193M
EPH_relaxed_0001_pdb2pqr_Repair_314_r2_0001,17,-2.8,2.428,3.094,4.455,3.733,90.9,61.6,5.808,4.676,34.9,14.2,3.923,5.259,FA193M
EPH_relaxed_0001_pdb2pqr_Repair_315_r2_0001,5,-8.8,2.04,8.382,4.547,2.61,79.5,90.8,5.222,3.315,53.2,64.6,2.324,4.112,FA193N
EPH_relaxed_0001_pdb2pqr_Repair_315_r2_0001,6,-8.3,2.252,8.669,5.28,3.311,68.5,60.3,5.65,3.852,53.7,39.1,4.227,6.111,FA193N
EPH_relaxed_0001_pdb2pqr_Repair_315_r2_0001,10,-6.5,1.372,7.55,4.5,3.747,93.0,64.3,5.875,4.733,36.4,16.7,3.802,5.24,FA193N
EPH_relaxed_0001_pdb2pqr_Repair_315_r2_0001,13,-5.5,2.639,8.404,4.397,2.468,89.5,105.5,5.445,3.613,48.1,60.7,2.694,4.234,FA193N
EPH_relaxed_0001_pdb2pqr_Repair_315_r2_0001,17,-4.7,2.095,8.614,3.424,2.651,145.7,141.1,4.09,2.888,105.3,123.7,2.558,3.005,FA193N
EPH_relaxed_0001_pdb2pqr_Repair_316_r2_0001,6,-8.5,2.823,8.76,5.249,3.501,169.0,166.3,6.339,4.6,96.7,93.7,2.749,6.006,FA193P
EPH_relaxed_0001_pdb2pqr_Repair_316_r2_0001,7,-8.4,2.068,8.369,4.563,2.629,78.8,90.0,5.219,3.315,53.2,64.6,2.319,4.102,FA193P
EPH_relaxed_0001_pdb2pqr_Repair_316_r2_0001,8,-8.1,2.254,8.351,4.355,2.45,79.9,91.4,5.254,3.359,44.2,57.9,2.557,4.038,FA193P
EPH_relaxed_0001_pdb2pqr_Repair_316_r2_0001,9,-7.9,1.359,7.732,4.29,3.368,79.8,77.5,5.3,3.943,38.7,56.2,3.1,3.699,FA193P
EPH_relaxed_0001_pdb2pqr_Repair_316_r2_0001,10,-7.9,2.763,8.443,5.227,3.289,73.5,66.0,5.463,3.772,64.4,48.0,4.154,6.057,FA193P
EPH_relaxed_0001_pdb2pqr_Repair_317_r2_0001,1,-8.8,0.0,0.0,5.355,3.388,68.2,61.2,5.77,3.986,51.5,37.5,4.236,6.129,FA193Q
EPH_relaxed_0001_pdb2pqr_Repair_317_r2_0001,11,-4.2,2.304,4.314,4.615,2.639,82.2,96.8,5.553,3.724,44.7,55.8,2.7,4.336,FA193Q
EPH_relaxed_0001_pdb2pqr_Repair_317_r2_0001,12,-3.8,2.575,4.134,5.703,3.948,159.7,162.7,6.903,5.176,90.6,88.5,3.082,6.335,FA193Q
EPH_relaxed_0001_pdb2pqr_Repair_317_r2_0001,13,-3.4,1.709,2.247,5.397,3.436,67.6,64.6,5.856,4.146,48.9,36.1,4.344,6.104,FA193Q
EPH_relaxed_0001_pdb2pqr_Repair_317_r2_0001,14,-2.9,4.641,12.437,4.624,3.054,105.4,111.0,5.115,4.087,85.1,68.8,4.409,5.872,FA193Q
EPH_relaxed_0001_pdb2pqr_Repair_317_r2_0001,19,-2.1,1.938,2.801,4.077,3.134,172.6,148.5,4.967,3.586,104.3,116.6,2.614,4.35,FA193Q
EPH_relaxed_0001_pdb2pqr_Repair_318_r2_0001,1,-2.7,0.0,0.0,4.391,2.862,90.1,95.3,4.927,3.943,69.4,54.3,4.336,5.386,FA193R
EPH_relaxed_0001_pdb2pqr_Repair_318_r2_0001,2,-2.0,0.809,1.176,4.098,3.498,66.3,86.6,4.657,3.902,44.0,71.4,4.338,2.908,FA193R
EPH_relaxed_0001_pdb2pqr_Repair_318_r2_0001,3,-0.2,4.227,12.887,4.94,3.161,70.8,65.7,5.831,4.17,31.6,21.6,4.382,5.731,FA193R
EPH_relaxed_0001_pdb2pqr_Repair_319_r2_0001,4,-8.3,2.829,8.342,5.263,3.525,164.3,163.5,6.429,4.7,92.7,90.0,2.79,5.97,FA193S
EPH_relaxed_0001_pdb2pqr_Repair_319_r2_0001,6,-8.2,2.099,7.949,4.583,2.64,77.4,88.5,5.234,3.327,51.9,63.2,2.317,4.108,FA193S
EPH_relaxed_0001_pdb2pqr_Repair_319_r2_0001,7,-7.6,1.398,7.399,4.277,3.36,80.3,78.3,5.285,3.928,39.5,57.3,3.071,3.68,FA193S
EPH_relaxed_0001_pdb2pqr_Repair_319_r2_0001,9,-7.4,2.38,7.963,4.373,2.448,80.7,92.6,5.274,3.377,45.0,58.2,2.556,4.086,FA193S
EPH_relaxed_0001_pdb2pqr_Repair_319_r2_0001,11,-6.5,2.649,8.083,5.312,3.388,72.8,66.3,5.638,3.959,60.1,44.5,4.236,6.109,FA193S
EPH_relaxed_0001_pdb2pqr_Repair_319_r2_0001,20,-4.4,1.957,7.692,4.652,3.307,85.4,64.9,5.2,3.352,64.3,63.3,3.791,5.557,FA193S
EPH_relaxed_0001_pdb2pqr_Repair_320_r2_0001,4,-8.6,2.172,8.026,4.566,2.635,78.6,89.8,5.223,3.318,53.0,64.5,2.325,4.106,FA193T
EPH_relaxed_0001_pdb2pqr_Repair_320_r2_0001,5,-8.2,3.052,8.35,5.344,3.612,165.0,161.7,6.513,4.792,92.8,89.6,2.884,6.091,FA193T
EPH_relaxed_0001_pdb2pqr_Repair_320_r2_0001,6,-8.2,2.344,8.267,5.268,3.311,73.8,64.1,5.597,3.797,61.0,45.8,4.214,6.209,FA193T
EPH_relaxed_0001_pdb2pqr_Repair_320_r2_0001,10,-7.5,1.402,7.518,4.461,3.798,89.6,60.3,5.802,4.713,33.8,12.9,3.972,5.225,FA193T
EPH_relaxed_0001_pdb2pqr_Repair_320_r2_0001,14,-6.0,1.572,7.534,4.724,3.761,65.1,64.0,5.475,4.106,31.8,50.9,3.352,3.978,FA193T
EPH_relaxed_0001_pdb2pqr_Repair_320_r2_0001,16,-5.5,2.782,8.232,5.168,3.304,74.1,69.1,5.702,4.098,52.9,38.2,4.258,5.949,FA193T
EPH_relaxed_0001_pdb2pqr_Repair_320_r2_0001,18,-4.5,3.876,8.265,4.593,3.094,71.8,68.9,5.433,4.154,36.5,24.1,4.333,5.204,FA193T
EPH_relaxed_0001_pdb2pqr_Repair_321_r2_0001,4,-8.0,2.517,8.96,4.546,2.608,79.1,90.6,5.231,3.332,52.3,63.8,2.331,4.092,FA193V
EPH_relaxed_0001_pdb2pqr_Repair_321_r2_0001,5,-7.6,3.387,9.62,5.446,3.721,160.8,157.0,6.687,4.963,89.0,86.1,2.988,6.171,FA193V
EPH_relaxed_0001_pdb2pqr_Repair_321_r2_0001,7,-7.2,2.728,9.264,5.367,3.394,67.6,60.8,5.785,3.993,50.7,36.8,4.246,6.13,FA193V
EPH_relaxed_0001_pdb2pqr_Repair_321_r2_0001,9,-7.0,2.31,8.043,4.263,3.376,81.3,78.5,5.287,3.947,40.0,57.3,3.099,3.667,FA193V
EPH_relaxed_0001_pdb2pqr_Repair_321_r2_0001,11,-6.6,4.009,9.654,5.565,3.914,156.9,147.2,6.847,5.144,86.4,83.3,3.033,6.217,FA193V
EPH_relaxed_0001_pdb2pqr_Repair_321_r2_0001,15,-5.2,2.182,8.05,4.658,3.683,67.1,65.9,5.418,4.02,34.2,53.2,3.3,3.939,FA193V
EPH_relaxed_0001_pdb2pqr_Repair_321_r2_0001,16,-5.2,3.261,9.331,5.185,3.317,75.1,70.0,5.737,4.121,53.3,38.7,4.261,5.985,FA193V
EPH_relaxed_0001_pdb2pqr_Repair_321_r2_0001,18,-4.8,2.467,9.261,3.458,2.67,149.2,142.4,4.157,2.939,105.5,122.6,2.509,3.082,FA193V
EPH_relaxed_0001_pdb2pqr_Repair_322_r2_0001,4,-7.3,2.95,9.483,5.27,3.502,172.1,164.8,6.078,4.319,109.3,105.4,2.688,6.07,FA193W
EPH_relaxed_0001_pdb2pqr_Repair_322_r2_0001,6,-6.7,2.909,9.188,4.606,2.622,80.3,93.1,5.298,3.429,53.3,63.0,2.389,4.211,FA193W
EPH_relaxed_0001_pdb2pqr_Repair_322_r2_0001,8,-5.2,2.651,8.151,4.288,3.279,79.1,79.7,5.299,3.909,37.9,56.4,3.122,3.743,FA193W
EPH_relaxed_0001_pdb2pqr_Repair_322_r2_0001,12,-4.0,2.414,9.304,3.407,2.659,143.1,137.1,4.01,2.796,106.7,126.9,2.463,2.911,FA193W
EPH_relaxed_0001_pdb2pqr_Repair_322_r2_0001,16,-2.6,8.832,13.903,4.366,2.858,89.0,94.4,4.851,3.911,70.3,54.6,4.295,5.359,FA193W
EPH_relaxed_0001_pdb2pqr_Repair_322_r2_0001,18,-1.9,3.159,9.538,4.462,3.404,88.8,61.9,4.585,3.47,83.9,59.5,3.052,4.758,FA193W
EPH_relaxed_0001_pdb2pqr_Repair_323_r2_0001,3,-6.6,2.909,9.442,5.543,3.558,85.9,82.0,5.65,3.966,81.8,66.8,4.32,6.511,FA193Y
EPH_relaxed_0001_pdb2pqr_Repair_323_r2_0001,9,-3.9,2.839,9.188,4.518,2.547,80.6,93.7,5.242,3.372,52.4,62.9,2.386,4.134,FA193Y
EPH_relaxed_0001_pdb2pqr_Repair_323_r2_0001,12,-3.0,2.432,9.351,3.398,2.666,143.1,136.9,3.993,2.798,107.2,127.2,2.475,2.897,FA193Y
EPH_relaxed_0001_pdb2pqr_Repair_323_r2_0001,14,-2.8,8.715,13.819,4.672,3.096,116.9,119.4,5.206,4.143,93.0,74.3,4.415,6.123,FA193Y
EPH_relaxed_0001_pdb2pqr_Repair_323_r2_0001,17,-2.1,1.968,8.553,3.602,2.981,100.8,90.7,4.727,3.442,56.8,73.2,2.719,3.045,FA193Y
EPH_relaxed_0001_pdb2pqr_Repair_381_r2_0001,1,-7.7,0.0,0.0,5.207,3.236,79.7,91.3,6.252,4.392,35.4,47.0,2.93,4.896,FA265A
EPH_relaxed_0001_pdb2pqr_Repair_381_r2_0001,2,-7.7,4.828,11.56,3.892,2.656,159.5,152.1,4.479,3.767,115.4,87.8,2.747,4.635,FA265A
EPH_relaxed_0001_pdb2pqr_Repair_381_r2_0001,8,-2.7,4.432,12.132,4.395,2.898,89.2,96.9,4.924,3.991,68.8,55.2,4.345,5.339,FA265A
EPH_relaxed_0001_pdb2pqr_Repair_381_r2_0001,15,0.2,1.59,2.186,5.716,3.741,40.3,42.5,5.651,4.036,43.5,28.3,4.487,5.942,FA265A
EPH_relaxed_0001_pdb2pqr_Repair_381_r2_0001,18,1.2,2.088,4.205,4.375,3.819,150.2,120.0,4.877,3.742,116.4,124.2,2.793,4.321,FA265A
EPH_relaxed_0001_pdb2pqr_Repair_382_r2_0001,1,-7.8,0.0,0.0,5.188,3.218,79.9,91.6,6.236,4.381,35.4,47.0,2.916,4.886,FA265C
EPH_relaxed_0001_pdb2pqr_Repair_382_r2_0001,4,-5.6,0.971,1.316,4.493,2.929,68.0,55.0,5.035,3.643,46.3,24.6,3.862,5.08,FA265C
EPH_relaxed_0001_pdb2pqr_Repair_382_r2_0001,7,-3.1,4.747,11.813,3.735,2.644,163.8,143.4,4.489,3.849,108.4,80.9,2.734,4.498,FA265C
EPH_relaxed_0001_pdb2pqr_Repair_382_r2_0001,8,-2.8,4.444,12.197,4.761,3.097,120.7,126.8,5.153,4.03,102.0,83.4,4.507,6.328,FA265C
EPH_relaxed_0001_pdb2pqr_Repair_382_r2_0001,10,-1.6,3.917,11.672,4.569,3.656,142.5,126.5,5.85,5.161,79.9,61.7,5.018,6.285,FA265C
EPH_relaxed_0001_pdb2pqr_Repair_382_r2_0001,15,-0.4,1.504,2.082,5.342,3.415,92.9,107.1,6.631,4.819,39.7,51.2,3.114,5.198,FA265C
EPH_relaxed_0001_pdb2pqr_Repair_383_r2_0001,1,-7.8,0.0,0.0,5.152,3.188,80.8,92.7,6.215,4.36,36.0,47.7,2.936,4.875,FA265D
EPH_relaxed_0001_pdb2pqr_Repair_383_r2_0001,5,-5.5,0.976,1.316,4.489,2.926,68.2,55.4,5.049,3.656,45.7,24.2,3.86,5.068,FA265D
EPH_relaxed_0001_pdb2pqr_Repair_383_r2_0001,7,-2.2,4.388,12.178,4.518,3.006,89.0,95.8,5.01,4.053,70.0,55.9,4.329,5.428,FA265D
EPH_relaxed_0001_pdb2pqr_Repair_383_r2_0001,9,-2.1,2.0,3.354,4.303,3.364,80.2,72.4,5.352,3.937,37.3,51.1,2.903,3.815,FA265D
EPH_relaxed_0001_pdb2pqr_Repair_383_r2_0001,14,-0.4,4.748,12.505,4.755,3.084,140.6,161.4,4.999,3.874,124.5,105.0,2.666,5.286,FA265D
EPH_relaxed_0001_pdb2pqr_Repair_383_r2_0001,15,-0.0,1.769,2.585,3.013,2.809,152.0,120.1,3.531,2.547,114.6,137.9,2.629,2.597,FA265D
EPH_relaxed_0001_pdb2pqr_Repair_383_r2_0001,16,0.0,1.573,2.133,5.573,3.605,40.7,43.3,5.589,3.981,40.0,24.7,4.438,5.81,FA265D
EPH_relaxed_0001_pdb2pqr_Repair_383_r2_0001,17,0.6,4.233,11.572,4.677,3.935,47.9,75.9,5.171,4.969,21.1,33.0,4.231,3.007,FA265D
EPH_relaxed_0001_pdb2pqr_Repair_384_r2_0001,1,-7.8,0.0,0.0,5.083,3.123,78.4,90.9,6.071,4.237,36.9,48.5,2.894,4.71,FA265E
EPH_relaxed_0001_pdb2pqr_Repair_384_r2_0001,10,-0.3,1.494,2.044,5.072,3.179,94.4,110.3,6.298,4.523,44.8,56.4,3.091,4.922,FA265E
EPH_relaxed_0001_pdb2pqr_Repair_384_r2_0001,12,0.3,4.799,12.496,5.05,3.277,123.3,139.4,4.969,3.76,127.8,110.2,2.6,5.296,FA265E
EPH_relaxed_0001_pdb2pqr_Repair_384_r2_0001,14,2.3,2.333,4.183,5.696,3.916,156.5,160.4,6.929,5.185,88.3,86.2,3.068,6.324,FA265E
EPH_relaxed_0001_pdb2pqr_Repair_385_r2_0001,1,-7.4,0.0,0.0,4.404,2.881,157.0,174.7,4.901,3.909,119.7,96.3,2.736,5.187,FA265G
EPH_relaxed_0001_pdb2pqr_Repair_385_r2_0001,2,-6.6,4.665,11.865,5.166,3.196,80.1,91.9,6.223,4.365,35.3,47.0,2.949,4.895,FA265G
EPH_relaxed_0001_pdb2pqr_Repair_385_r2_0001,6,-3.7,1.41,2.763,4.23,2.812,91.2,96.3,4.899,4.003,65.4,51.0,4.313,5.25,FA265G
EPH_relaxed_0001_pdb2pqr_Repair_385_r2_0001,7,-3.3,1.555,3.182,4.541,3.686,141.5,124.6,5.865,5.2,77.7,60.0,5.028,6.227,FA265G
EPH_relaxed_0001_pdb2pqr_Repair_385_r2_0001,14,-0.2,7.433,12.126,4.401,3.318,174.5,145.6,5.282,3.878,105.3,110.0,2.673,4.906,FA265G
EPH_relaxed_0001_pdb2pqr_Repair_386_r2_0001,1,-7.8,0.0,0.0,5.233,3.459,169.3,165.3,5.999,4.252,110.8,106.5,2.706,6.024,FA265H
EPH_relaxed_0001_pdb2pqr_Repair_386_r2_0001,6,-2.4,4.423,12.168,4.608,3.062,95.2,101.2,5.128,4.115,74.8,60.2,4.308,5.594,FA265H
EPH_relaxed_0001_pdb2pqr_Repair_386_r2_0001,8,-1.3,4.682,12.259,4.353,2.836,156.4,174.0,4.846,3.85,119.6,96.8,2.668,5.071,FA265H
EPH_relaxed_0001_pdb2pqr_Repair_386_r2_0001,12,-0.2,1.617,2.223,5.708,3.744,41.4,43.9,5.702,4.095,41.8,26.9,4.478,5.911,FA265H
EPH_relaxed_0001_pdb2pqr_Repair_387_r2_0001,1,-7.6,0.0,0.0,5.219,3.248,81.1,92.6,6.3,4.434,35.2,46.9,2.944,4.931,FA265I
EPH_relaxed_0001_pdb2pqr_Repair_387_r2_0001,7,-2.4,4.706,11.846,3.804,2.698,165.9,147.6,4.551,3.907,109.3,82.5,2.781,4.527,FA265I
EPH_relaxed_0001_pdb2pqr_Repair_387_r2_0001,8,-2.4,1.819,3.146,4.313,3.229,79.4,78.8,5.336,3.874,37.5,55.0,2.963,3.761,FA265I
EPH_relaxed_0001_pdb2pqr_Repair_387_r2_0001,14,-0.2,1.491,2.019,5.498,3.571,105.6,118.9,6.881,4.991,49.3,59.8,3.234,5.602,FA265I
EPH_relaxed_0001_pdb2pqr_Repair_387_r2_0001,16,0.2,4.313,12.031,4.442,3.043,101.0,112.1,5.146,4.267,73.0,62.4,4.522,5.484,FA265I
EPH_relaxed_0001_pdb2pqr_Repair_388_r2_0001,1,-7.7,0.0,0.0,5.186,3.208,77.9,89.3,6.236,4.377,32.5,44.4,3.014,4.905,FA265K
EPH_relaxed_0001_pdb2pqr_Repair_388_r2_0001,7,-2.6,1.925,3.302,4.242,3.335,81.1,79.2,5.249,3.892,40.6,58.6,3.082,3.644,FA265K
EPH_relaxed_0001_pdb2pqr_Repair_388_r2_0001,14,1.6,2.258,4.041,4.624,4.245,40.6,26.1,4.343,3.333,52.7,65.1,4.99,4.85,FA265K
EPH_relaxed_0001_pdb2pqr_Repair_389_r2_0001,1,-7.6,0.0,0.0,5.189,3.217,81.2,92.8,6.273,4.408,35.3,47.0,2.98,4.93,FA265L
EPH_relaxed_0001_pdb2pqr_Repair_389_r2_0001,6,-2.6,4.36,12.191,4.476,2.99,85.5,91.4,4.915,4.0,68.7,53.4,4.342,5.348,FA265L
EPH_relaxed_0001_pdb2pqr_Repair_389_r2_0001,8,-1.8,2.604,3.61,4.481,3.75,88.8,59.6,5.812,4.656,33.2,12.5,3.948,5.272,FA265L
EPH_relaxed_0001_pdb2pqr_Repair_389_r2_0001,12,-0.4,1.489,2.031,5.332,3.421,93.5,108.1,6.6,4.805,41.4,52.8,3.1,5.136,FA265L
EPH_relaxed_0001_pdb2pqr_Repair_389_r2_0001,18,2.3,2.315,4.179,5.558,3.837,164.0,161.9,6.73,5.036,92.7,89.2,3.078,6.256,FA265L
EPH_relaxed_0001_pdb2pqr_Repair_390_r2_0001,1,-7.8,0.0,0.0,5.236,3.461,169.3,165.4,6.004,4.253,110.8,106.5,2.698,6.04,FA265M
EPH_relaxed_0001_pdb2pqr_Repair_390_r2_0001,6,-3.7,1.385,1.926,5.262,3.316,68.6,56.3,5.335,3.497,65.8,49.6,4.045,6.078,FA265M
EPH_relaxed_0001_pdb2pqr_Repair_390_r2_0001,7,-3.3,4.831,11.975,3.8,2.597,159.7,147.7,4.42,3.717,113.8,85.8,2.702,4.547,FA265M
EPH_relaxed_0001_pdb2pqr_Repair_390_r2_0001,8,-2.8,2.032,3.411,4.113,3.227,82.8,80.5,5.111,3.738,43.2,61.7,3.127,3.592,FA265M
EPH_relaxed_0001_pdb2pqr_Repair_390_r2_0001,9,-2.8,4.432,12.193,4.747,3.132,116.3,120.5,5.231,4.138,94.5,76.6,4.449,6.183,FA265M
EPH_relaxed_0001_pdb2pqr_Repair_390_r2_0001,11,-2.0,4.385,12.071,4.108,3.494,69.2,89.8,4.926,4.24,35.2,61.5,4.332,3.221,FA265M
EPH_relaxed_0001_pdb2pqr_Repair_390_r2_0001,13,-0.9,4.132,11.754,4.415,3.513,141.5,123.9,5.726,5.025,78.1,59.6,4.868,6.1,FA265M
EPH_relaxed_0001_pdb2pqr_Repair_390_r2_0001,15,-0.6,1.56,2.135,5.379,3.467,99.7,114.0,6.706,4.87,45.8,56.8,3.128,5.32,FA265M
EPH_relaxed_0001_pdb2pqr_Repair_390_r2_0001,20,0.7,2.351,4.13,4.501,4.246,51.0,40.4,4.829,3.856,36.3,56.5,5.339,5.044,FA265M
EPH_relaxed_0001_pdb2pqr_Repair_391_r2_0001,1,-7.6,0.0,0.0,5.204,3.49,164.8,160.3,5.847,4.173,115.6,110.3,2.702,5.996,FA265N
EPH_relaxed_0001_pdb2pqr_Repair_391_r2_0001,6,-2.6,4.547,12.202,4.428,2.894,91.5,95.9,4.931,3.945,72.0,56.0,4.302,5.469,FA265N
EPH_relaxed_0001_pdb2pqr_Repair_391_r2_0001,7,-2.6,4.716,12.23,4.187,2.761,159.6,168.1,4.742,3.832,117.5,93.5,2.674,4.949,FA265N
EPH_relaxed_0001_pdb2pqr_Repair_391_r2_0001,17,0.1,1.607,2.259,5.414,3.494,94.7,106.9,6.794,4.974,37.0,47.6,4.578,6.279,FA265N
EPH_relaxed_0001_pdb2pqr_Repair_392_r2_0001,1,-7.4,0.0,0.0,5.059,3.356,147.8,140.6,5.28,3.681,131.1,119.1,2.865,5.859,FA265P
EPH_relaxed_0001_pdb2pqr_Repair_392_r2_0001,2,-7.1,4.962,11.515,3.686,2.5,155.0,140.3,4.286,3.6,112.9,83.3,2.705,4.502,FA265P
EPH_relaxed_0001_pdb2pqr_Repair_392_r2_0001,8,-3.5,5.098,12.166,4.375,2.886,89.7,95.5,4.9,3.969,69.4,54.4,4.303,5.34,FA265P
EPH_relaxed_0001_pdb2pqr_Repair_392_r2_0001,14,-0.3,1.617,2.255,5.282,3.396,97.3,112.5,6.601,4.807,43.5,55.4,3.184,5.176,FA265P
EPH_relaxed_0001_pdb2pqr_Repair_393_r2_0001,1,-7.7,0.0,0.0,5.174,3.207,80.6,92.4,6.236,4.379,35.8,47.4,2.948,4.884,FA265Q
EPH_relaxed_0001_pdb2pqr_Repair_393_r2_0001,10,-0.4,1.514,2.071,5.229,3.347,93.9,109.5,6.48,4.719,42.9,54.5,3.106,5.018,FA265Q
EPH_relaxed_0001_pdb2pqr_Repair_393_r2_0001,13,1.6,2.265,4.048,4.622,4.245,40.8,26.1,4.34,3.335,53.0,65.1,5.004,4.868,FA265Q
EPH_relaxed_0001_pdb2pqr_Repair_394_r2_0001,1,-7.8,0.0,0.0,5.053,3.087,74.9,87.6,5.982,4.163,35.3,46.9,2.857,4.634,FA265R
EPH_relaxed_0001_pdb2pqr_Repair_394_r2_0001,11,-0.2,1.584,2.178,5.653,3.696,39.1,41.5,5.568,3.986,43.4,27.4,4.448,5.847,FA265R
EPH_relaxed_0001_pdb2pqr_Repair_394_r2_0001,18,1.6,2.176,3.947,4.588,4.212,40.2,26.2,4.345,3.314,50.9,64.6,5.046,4.882,FA265R
EPH_relaxed_0001_pdb2pqr_Repair_395_r2_0001,1,-7.6,0.0,0.0,5.152,3.185,79.4,91.3,6.195,4.346,35.1,46.9,2.977,4.857,FA265S
EPH_relaxed_0001_pdb2pqr_Repair_395_r2_0001,2,-7.6,4.819,11.466,3.757,2.609,160.3,144.8,4.422,3.758,111.7,83.5,2.723,4.511,FA265S
EPH_relaxed_0001_pdb2pqr_Repair_395_r2_0001,12,0.1,4.292,12.183,4.629,3.366,46.4,63.9,5.197,4.352,9.2,18.5,4.279,4.343,FA265S
EPH_relaxed_0001_pdb2pqr_Repair_395_r2_0001,14,0.2,1.536,2.081,5.351,3.447,104.0,117.5,6.802,4.936,44.6,56.0,3.973,5.874,FA265S
EPH_relaxed_0001_pdb2pqr_Repair_396_r2_0001,1,-7.7,0.0,0.0,5.203,3.232,79.8,91.4,6.251,4.391,35.3,46.9,2.922,4.895,FA265T
EPH_relaxed_0001_pdb2pqr_Repair_396_r2_0001,5,-5.4,0.976,1.32,4.493,2.93,68.2,55.0,5.036,3.642,46.5,24.8,3.855,5.074,FA265T
EPH_relaxed_0001_pdb2pqr_Repair_396_r2_0001,6,-4.8,4.712,11.563,3.711,2.699,162.7,139.2,4.503,3.913,106.3,78.8,2.804,4.457,FA265T
EPH_relaxed_0001_pdb2pqr_Repair_396_r2_0001,8,-3.5,1.308,1.628,5.241,3.274,73.2,61.8,5.354,3.52,68.8,52.8,4.149,6.204,FA265T
EPH_relaxed_0001_pdb2pqr_Repair_396_r2_0001,11,-1.5,2.593,3.616,4.373,3.669,88.4,58.8,5.701,4.556,33.0,13.1,3.81,5.098,FA265T
EPH_relaxed_0001_pdb2pqr_Repair_396_r2_0001,12,-0.8,4.209,12.148,4.429,3.155,67.3,80.9,5.11,4.338,39.1,34.3,4.503,4.799,FA265T
EPH_relaxed_0001_pdb2pqr_Repair_397_r2_0001,1,-7.7,0.0,0.0,5.181,3.208,80.1,91.7,6.232,4.368,35.6,47.2,2.941,4.894,FA265V
EPH_relaxed_0001_pdb2pqr_Repair_397_r2_0001,5,-3.2,4.673,11.718,3.805,2.757,165.3,144.4,4.582,3.976,107.8,81.0,2.83,4.52,FA265V
EPH_relaxed_0001_pdb2pqr_Repair_397_r2_0001,9,-1.6,2.254,3.24,3.99,2.953,108.1,82.5,5.439,4.048,49.6,41.0,2.677,4.514,FA265V
EPH_relaxed_0001_pdb2pqr_Repair_397_r2_0001,11,-0.4,1.496,2.059,5.309,3.385,98.9,113.2,6.619,4.78,45.7,56.5,3.088,5.257,FA265V
EPH_relaxed_0001_pdb2pqr_Repair_397_r2_0001,15,0.2,4.262,11.707,4.818,3.982,40.9,67.7,5.147,4.883,21.8,28.6,4.092,3.127,FA265V
EPH_relaxed_0001_pdb2pqr_Repair_397_r2_0001,16,0.2,4.265,11.912,4.353,3.062,105.0,114.8,5.236,4.403,69.6,59.9,4.568,5.445,FA265V
EPH_relaxed_0001_pdb2pqr_Repair_398_r2_0001,1,-7.7,0.0,0.0,4.701,3.166,140.2,139.5,4.743,3.4,136.9,123.2,2.692,5.203,FA265W
EPH_relaxed_0001_pdb2pqr_Repair_398_r2_0001,14,-0.2,1.566,2.179,5.116,3.215,46.0,54.7,5.533,4.016,23.0,15.4,4.642,5.576,FA265W
EPH_relaxed_0001_pdb2pqr_Repair_398_r2_0001,16,0.4,2.541,4.452,4.726,4.817,19.7,10.0,4.425,3.97,38.0,57.3,4.361,3.067,FA265W
EPH_relaxed_0001_pdb2pqr_Repair_398_r2_0001,18,1.3,1.465,2.67,3.402,2.796,138.0,129.9,3.864,2.733,110.4,134.3,2.447,2.736,FA265W
EPH_relaxed_0001_pdb2pqr_Repair_398_r2_0001,6,1.981,2.428,8.384,4.237,3.218,82.4,84.1,5.255,3.845,41.7,60.8,3.03,3.659,FA265W
EPH_relaxed_0001_pdb2pqr_Repair_399_r2_0001,1,-8.0,0.0,0.0,5.288,3.488,169.4,172.5,6.187,4.4,104.9,102.4,2.699,6.062,FA265Y
EPH_relaxed_0001_pdb2pqr_Repair_399_r2_0001,6,-3.7,4.331,12.19,4.74,3.131,118.0,121.3,5.256,4.158,94.7,76.3,4.426,6.196,FA265Y
EPH_relaxed_0001_pdb2pqr_Repair_399_r2_0001,9,-2.2,2.733,3.774,4.5,3.724,91.1,62.2,5.856,4.675,34.9,14.8,3.857,5.287,FA265Y
EPH_relaxed_0001_pdb2pqr_Repair_399_r2_0001,14,-0.3,1.576,2.175,5.502,3.526,82.2,93.0,6.74,4.908,26.7,37.8,4.411,6.036,FA265Y
EPH_relaxed_0001_pdb2pqr_Repair_400_r2_0001,1,-7.4,0.0,0.0,5.281,3.495,170.5,169.0,6.123,4.352,107.6,104.3,2.674,6.064,FA296A
EPH_relaxed_0001_pdb2pqr_Repair_400_r2_0001,12,-3.1,4.311,12.186,4.758,3.161,119.4,123.8,5.243,4.171,97.0,78.6,4.483,6.224,FA296A
EPH_relaxed_0001_pdb2pqr_Repair_401_r2_0001,1,-7.3,0.0,0.0,5.296,3.502,170.4,167.1,6.103,4.322,109.2,105.7,2.69,6.076,FA296C
EPH_relaxed_0001_pdb2pqr_Repair_401_r2_0001,8,-3.0,4.48,12.196,4.379,2.869,84.0,89.7,4.923,3.952,63.2,49.1,4.219,5.202,FA296C
EPH_relaxed_0001_pdb2pqr_Repair_401_r2_0001,18,-0.5,1.708,3.081,4.519,3.397,155.4,133.5,5.204,3.484,110.0,127.5,2.563,4.974,FA296C
EPH_relaxed_0001_pdb2pqr_Repair_402_r2_0001,1,-7.4,0.0,0.0,5.235,3.518,165.5,161.1,5.895,4.218,115.0,109.8,2.699,6.013,FA296D
EPH_relaxed_0001_pdb2pqr_Repair_402_r2_0001,7,-2.9,4.506,12.214,4.331,2.856,82.3,86.0,4.858,3.916,62.2,46.4,4.215,5.163,FA296D
EPH_relaxed_0001_pdb2pqr_Repair_402_r2_0001,18,0.1,1.591,2.205,5.124,3.289,81.4,98.1,6.297,4.648,30.4,44.9,3.712,5.078,FA296D
EPH_relaxed_0001_pdb2pqr_Repair_403_r2_0001,1,-7.8,0.0,0.0,5.259,3.475,170.2,167.6,6.073,4.311,108.8,105.1,2.704,6.057,FA296E
EPH_relaxed_0001_pdb2pqr_Repair_403_r2_0001,6,-3.1,4.459,12.189,4.38,2.854,90.1,94.4,4.915,3.93,69.5,53.8,4.279,5.389,FA296E
EPH_relaxed_0001_pdb2pqr_Repair_403_r2_0001,11,-0.5,1.916,3.206,4.917,3.892,81.3,64.1,5.062,3.441,75.8,80.8,4.244,5.608,FA296E
EPH_relaxed_0001_pdb2pqr_Repair_403_r2_0001,14,-0.1,1.611,2.208,5.631,3.677,40.2,43.4,5.623,4.042,40.7,25.4,4.452,5.817,FA296E
EPH_relaxed_0001_pdb2pqr_Repair_403_r2_0001,16,0.6,2.713,4.648,4.755,4.848,22.2,10.4,4.44,3.994,40.2,57.6,4.29,2.999,FA296E
EPH_relaxed_0001_pdb2pqr_Repair_404_r2_0001,2,-4.3,3.263,8.181,4.5,2.591,85.1,103.7,5.324,3.677,53.0,61.3,2.632,4.327,FA296G
EPH_relaxed_0001_pdb2pqr_Repair_404_r2_0001,12,-1.1,9.262,12.701,4.399,2.983,74.0,77.9,5.015,4.067,49.9,36.1,4.121,4.863,FA296G
EPH_relaxed_0001_pdb2pqr_Repair_405_r2_0001,1,-7.7,0.0,0.0,5.278,3.477,168.9,172.5,6.166,4.381,105.3,102.7,2.678,6.049,FA296H
EPH_relaxed_0001_pdb2pqr_Repair_405_r2_0001,5,-5.5,0.925,1.359,4.511,2.943,68.5,55.8,5.068,3.674,46.1,24.7,3.862,5.071,FA296H
EPH_relaxed_0001_pdb2pqr_Repair_405_r2_0001,7,-3.1,4.46,12.184,4.364,2.832,90.0,94.7,4.891,3.906,69.7,54.1,4.291,5.381,FA296H
EPH_relaxed_0001_pdb2pqr_Repair_405_r2_0001,8,-2.7,2.007,3.37,4.266,3.226,82.9,81.2,5.323,3.874,40.3,57.3,2.947,3.736,FA296H
EPH_relaxed_0001_pdb2pqr_Repair_405_r2_0001,16,-0.2,1.613,2.221,5.732,3.775,41.9,44.3,5.708,4.112,43.2,28.2,4.495,5.944,FA296H
EPH_relaxed_0001_pdb2pqr_Repair_405_r2_0001,17,0.6,2.711,4.64,4.734,4.82,20.2,10.2,4.419,3.967,39.0,57.5,4.356,3.041,FA296H
EPH_relaxed_0001_pdb2pqr_Repair_406_r2_0001,1,-7.2,0.0,0.0,5.271,3.487,166.4,161.7,5.95,4.19,114.4,109.8,2.711,6.061,FA296I
EPH_relaxed_0001_pdb2pqr_Repair_406_r2_0001,3,-5.2,0.885,1.294,4.522,2.947,68.8,55.6,5.07,3.661,46.9,25.4,3.836,5.076,FA296I
EPH_relaxed_0001_pdb2pqr_Repair_406_r2_0001,7,-3.1,4.528,12.216,4.362,2.845,82.1,87.7,4.905,3.925,61.3,47.3,4.219,5.162,FA296I
EPH_relaxed_0001_pdb2pqr_Repair_406_r2_0001,10,-1.6,2.649,3.694,4.45,3.678,92.0,63.0,5.815,4.644,35.6,15.7,3.743,5.17,FA296I
EPH_relaxed_0001_pdb2pqr_Repair_406_r2_0001,16,-0.1,1.604,2.206,5.135,3.216,79.7,94.7,6.255,4.519,31.1,44.1,3.573,5.018,FA296I
EPH_relaxed_0001_pdb2pqr_Repair_406_r2_0001,18,0.1,2.221,3.92,3.704,3.46,131.9,120.0,4.024,3.099,113.5,145.3,3.841,3.651,FA296I
EPH_relaxed_0001_pdb2pqr_Repair_407_r2_0001,1,-6.7,0.0,0.0,5.305,3.53,169.6,172.0,6.195,4.442,105.3,102.4,2.701,6.032,FA296K
EPH_relaxed_0001_pdb2pqr_Repair_407_r2_0001,5,-5.2,0.94,1.371,4.489,2.926,68.7,57.3,5.107,3.719,43.7,23.3,3.903,5.052,FA296K
EPH_relaxed_0001_pdb2pqr_Repair_407_r2_0001,7,-2.1,2.778,3.797,4.464,3.725,87.6,58.1,5.771,4.598,32.9,12.2,4.136,5.394,FA296K
EPH_relaxed_0001_pdb2pqr_Repair_407_r2_0001,12,-0.3,1.565,2.16,5.485,3.512,85.9,96.1,6.754,4.922,30.7,40.0,4.705,6.293,FA296K
EPH_relaxed_0001_pdb2pqr_Repair_407_r2_0001,16,0.3,4.433,12.15,4.376,2.829,93.4,97.7,4.902,3.901,72.9,56.7,4.315,5.483,FA296K
EPH_relaxed_0001_pdb2pqr_Repair_407_r2_0001,19,1.3,2.374,4.158,4.619,4.238,40.9,26.5,4.352,3.332,52.4,65.1,5.054,4.898,FA296K
EPH_relaxed_0001_pdb2pqr_Repair_408_r2_0001,1,-7.3,0.0,0.0,4.853,2.901,75.7,89.8,5.78,3.993,36.8,48.7,2.961,4.485,FA296L
EPH_relaxed_0001_pdb2pqr_Repair_408_r2_0001,3,-5.5,0.877,1.228,4.525,2.938,67.9,55.0,5.082,3.656,45.5,24.3,3.838,5.081,FA296L
EPH_relaxed_0001_pdb2pqr_Repair_408_r2_0001,9,-3.0,4.564,12.248,4.597,2.976,119.6,121.4,5.115,4.011,95.8,76.0,4.407,6.155,FA296L
EPH_relaxed_0001_pdb2pqr_Repair_409_r2_0001,1,-7.7,0.0,0.0,5.286,3.496,170.5,170.5,6.159,4.382,106.2,103.3,2.668,6.047,FA296M
EPH_relaxed_0001_pdb2pqr_Repair_409_r2_0001,4,-5.4,0.92,1.349,4.507,2.937,68.5,55.9,5.07,3.672,45.9,24.7,3.87,5.074,FA296M
EPH_relaxed_0001_pdb2pqr_Repair_409_r2_0001,7,-3.2,4.455,12.19,4.387,2.849,90.8,96.1,4.909,3.922,70.6,55.4,4.32,5.427,FA296M
EPH_relaxed_0001_pdb2pqr_Repair_409_r2_0001,15,-0.1,1.572,2.141,5.446,3.456,76.6,87.0,6.601,4.779,22.3,33.7,4.358,5.906,FA296M
EPH_relaxed_0001_pdb2pqr_Repair_409_r2_0001,18,1.1,2.164,4.246,4.403,3.843,150.4,120.3,4.874,3.741,118.1,126.1,2.796,4.321,FA296M
EPH_relaxed_0001_pdb2pqr_Repair_410_r2_0001,1,-7.2,0.0,0.0,5.225,3.491,165.9,161.2,5.892,4.197,114.8,109.5,2.704,6.025,FA296N
EPH_relaxed_0001_pdb2pqr_Repair_410_r2_0001,6,-2.9,4.536,12.243,4.688,3.076,120.2,120.1,5.266,4.134,93.8,74.2,4.389,6.22,FA296N
EPH_relaxed_0001_pdb2pqr_Repair_410_r2_0001,14,0.0,1.595,2.209,5.139,3.294,85.4,102.2,6.32,4.651,35.9,48.8,3.518,5.03,FA296N
EPH_relaxed_0001_pdb2pqr_Repair_410_r2_0001,16,0.3,2.18,3.904,3.62,3.355,134.5,122.3,4.004,3.056,112.2,143.4,3.788,3.641,FA296N
EPH_relaxed_0001_pdb2pqr_Repair_411_r2_0001,1,-7.5,0.0,0.0,5.269,3.491,170.5,168.2,6.097,4.336,108.2,104.7,2.679,6.046,FA296P
EPH_relaxed_0001_pdb2pqr_Repair_411_r2_0001,5,-5.3,0.903,1.331,4.485,2.917,68.6,55.9,5.046,3.653,46.1,24.7,3.879,5.077,FA296P
EPH_relaxed_0001_pdb2pqr_Repair_411_r2_0001,12,-3.1,4.419,12.176,4.383,2.886,82.5,88.7,4.881,3.943,63.4,49.2,4.286,5.203,FA296P
EPH_relaxed_0001_pdb2pqr_Repair_411_r2_0001,15,-2.5,2.099,3.515,4.295,3.396,80.6,77.9,5.308,3.962,39.6,56.9,3.083,3.676,FA296P
EPH_relaxed_0001_pdb2pqr_Repair_412_r2_0001,1,-7.6,0.0,0.0,5.277,3.476,170.0,171.0,6.15,4.363,106.1,103.3,2.691,6.063,FA296Q
EPH_relaxed_0001_pdb2pqr_Repair_412_r2_0001,6,-3.1,4.429,12.175,4.379,2.881,83.9,89.2,4.897,3.947,64.1,49.3,4.267,5.235,FA296Q
EPH_relaxed_0001_pdb2pqr_Repair_412_r2_0001,14,-0.1,1.585,2.162,5.413,3.435,73.4,84.7,6.52,4.726,19.6,32.6,4.114,5.631,FA296Q
EPH_relaxed_0001_pdb2pqr_Repair_412_r2_0001,16,0.7,2.207,4.012,3.656,3.406,132.0,120.1,4.041,3.079,110.3,142.4,3.695,3.504,FA296Q
EPH_relaxed_0001_pdb2pqr_Repair_412_r2_0001,17,0.8,2.707,4.637,4.739,4.838,20.1,11.0,4.396,3.965,40.2,58.6,4.34,2.987,FA296Q
EPH_relaxed_0001_pdb2pqr_Repair_413_r2_0001,8,-1.7,2.389,3.468,3.079,3.696,80.0,107.9,4.087,5.124,41.7,50.6,2.657,4.481,FA296R
EPH_relaxed_0001_pdb2pqr_Repair_414_r2_0001,1,-7.5,0.0,0.0,5.238,3.462,169.6,164.9,6.006,4.253,110.8,106.5,2.698,6.053,FA296S
EPH_relaxed_0001_pdb2pqr_Repair_414_r2_0001,9,-4.0,1.182,1.417,5.286,3.356,72.0,61.1,5.554,3.761,61.6,45.7,4.065,6.108,FA296S
EPH_relaxed_0001_pdb2pqr_Repair_414_r2_0001,12,-3.0,4.408,12.213,4.689,3.132,117.3,119.3,5.226,4.18,93.2,74.2,4.456,6.15,FA296S
EPH_relaxed_0001_pdb2pqr_Repair_415_r2_0001,1,-7.3,0.0,0.0,5.224,3.483,165.0,161.0,5.876,4.172,115.3,110.3,2.698,6.016,FA296T
EPH_relaxed_0001_pdb2pqr_Repair_415_r2_0001,5,-5.2,0.882,1.309,4.414,2.9,67.8,56.5,5.013,3.69,43.6,22.4,3.899,4.993,FA296T
EPH_relaxed_0001_pdb2pqr_Repair_415_r2_0001,13,-2.8,4.53,12.222,4.317,2.813,82.9,87.9,4.86,3.896,62.1,47.4,4.236,5.175,FA296T
EPH_relaxed_0001_pdb2pqr_Repair_415_r2_0001,20,-1.3,1.565,2.48,4.934,3.371,75.7,54.8,5.079,3.206,70.2,60.8,3.748,5.75,FA296T
EPH_relaxed_0001_pdb2pqr_Repair_416_r2_0001,1,-7.5,0.0,0.0,5.242,3.463,169.9,165.9,6.026,4.266,110.1,106.1,2.693,6.047,FA296V
EPH_relaxed_0001_pdb2pqr_Repair_416_r2_0001,9,-3.1,4.421,12.245,4.697,3.049,123.1,125.6,5.199,4.061,99.1,79.6,4.416,6.284,FA296V
EPH_relaxed_0001_pdb2pqr_Repair_417_r2_0001,1,-6.4,0.0,0.0,5.32,3.56,168.9,173.6,6.253,4.515,103.4,100.7,2.699,6.034,FA296W
EPH_relaxed_0001_pdb2pqr_Repair_417_r2_0001,3,-5.5,0.968,1.398,4.489,2.939,68.0,56.9,5.097,3.729,43.3,22.8,3.908,5.044,FA296W
EPH_relaxed_0001_pdb2pqr_Repair_417_r2_0001,8,-3.4,4.362,12.131,4.685,3.032,122.8,126.9,5.157,4.031,100.2,80.9,4.5,6.304,FA296W
EPH_relaxed_0001_pdb2pqr_Repair_417_r2_0001,10,-2.1,2.312,3.658,4.337,3.286,171.3,142.0,5.263,3.863,102.9,107.2,2.694,4.854,FA296W
EPH_relaxed_0001_pdb2pqr_Repair_417_r2_0001,12,-0.9,1.547,2.071,5.188,3.259,73.1,87.6,6.248,4.537,23.5,37.3,3.635,5.047,FA296W
EPH_relaxed_0001_pdb2pqr_Repair_417_r2_0001,13,-0.9,4.111,12.056,4.722,3.809,77.2,103.4,5.214,4.517,58.2,74.9,3.747,3.091,FA296W
EPH_relaxed_0001_pdb2pqr_Repair_417_r2_0001,16,0.2,2.432,4.176,4.544,4.281,50.6,41.5,4.816,3.841,38.5,59.3,5.367,5.044,FA296W
EPH_relaxed_0001_pdb2pqr_Repair_418_r2_0001,1,-4.3,0.0,0.0,5.282,3.502,171.7,169.8,6.168,4.405,105.8,102.5,2.696,6.057,FA296Y
EPH_relaxed_0001_pdb2pqr_Repair_418_r2_0001,3,-3.2,4.412,12.121,4.391,2.856,90.6,95.8,4.915,3.929,70.3,55.1,4.311,5.414,FA296Y
EPH_relaxed_0001_pdb2pqr_Repair_418_r2_0001,9,-0.5,1.368,1.803,5.19,3.273,77.7,92.5,6.319,4.597,27.0,40.7,3.654,5.089,FA296Y
EPH_relaxed_0001_pdb2pqr_Repair_418_r2_0001,17,2.7,1.619,2.846,3.797,2.765,153.3,171.3,5.023,3.653,85.7,101.7,2.666,3.571,FA296Y
EPH_relaxed_0001_pdb2pqr_Repair_418_r2_0001,19,2.9,2.141,3.894,5.428,3.707,162.5,161.3,6.623,4.919,91.3,88.4,2.946,6.112,FA296Y
EPH_relaxed_0001_pdb2pqr_Repair_1_r2_0001,1,-7.5,0.0,0.0,5.257,3.532,164.8,160.2,5.894,4.213,116.0,110.5,2.702,6.007,HA100A
EPH_relaxed_0001_pdb2pqr_Repair_1_r2_0001,7,-2.8,4.509,12.21,4.367,2.867,82.1,87.1,4.894,3.933,61.9,47.2,4.225,5.159,HA100A
EPH_relaxed_0001_pdb2pqr_Repair_1_r2_0001,13,-0.3,2.543,3.666,4.662,3.91,91.5,64.3,5.882,4.7,42.2,30.2,2.939,4.669,HA100A
EPH_relaxed_0001_pdb2pqr_Repair_1_r2_0001,14,0.1,1.611,2.264,5.397,3.458,86.5,97.7,6.676,4.883,31.3,41.2,4.677,6.237,HA100A
EPH_relaxed_0001_pdb2pqr_Repair_1_r2_0001,17,0.4,2.682,4.615,4.76,4.846,21.4,11.7,4.417,3.961,41.0,59.2,4.314,3.001,HA100A
EPH_relaxed_0001_pdb2pqr_Repair_2_r2_0001,1,-7.5,0.0,0.0,5.256,3.542,165.5,160.5,5.911,4.232,115.3,110.2,2.701,5.993,HA100C
EPH_relaxed_0001_pdb2pqr_Repair_2_r2_0001,8,-2.1,2.125,3.476,4.399,3.434,83.1,79.7,5.502,4.14,38.1,53.2,2.836,3.707,HA100C
EPH_relaxed_0001_pdb2pqr_Repair_2_r2_0001,16,0.4,1.542,2.129,5.271,3.658,157.6,144.9,6.536,4.873,87.0,82.6,2.858,6.003,HA100C
EPH_relaxed_0001_pdb2pqr_Repair_2_r2_0001,19,8.5,4.507,12.223,4.452,2.94,94.6,97.9,4.966,3.993,74.4,57.5,4.271,5.482,HA100C
EPH_relaxed_0001_pdb2pqr_Repair_3_r2_0001,1,-7.6,0.0,0.0,5.235,3.483,168.6,172.2,6.128,4.394,105.0,102.4,2.65,6.013,HA100D
EPH_relaxed_0001_pdb2pqr_Repair_3_r2_0001,4,-5.5,0.941,1.382,4.385,2.895,67.8,56.7,4.995,3.7,43.1,21.9,3.914,4.986,HA100D
EPH_relaxed_0001_pdb2pqr_Repair_3_r2_0001,8,-2.7,4.455,12.186,4.36,2.852,90.8,94.5,4.914,3.94,69.3,53.3,4.273,5.403,HA100D
EPH_relaxed_0001_pdb2pqr_Repair_3_r2_0001,10,-1.6,2.67,3.748,4.42,3.608,96.2,67.8,5.82,4.633,39.1,21.7,3.486,5.088,HA100D
EPH_relaxed_0001_pdb2pqr_Repair_3_r2_0001,15,0.1,1.605,2.229,5.784,3.887,43.9,45.5,5.715,4.195,47.2,31.2,4.375,5.943,HA100D
EPH_relaxed_0001_pdb2pqr_Repair_3_r2_0001,18,0.9,2.385,4.277,4.603,4.403,45.3,35.8,4.795,3.881,36.4,57.9,5.21,4.806,HA100D
EPH_relaxed_0001_pdb2pqr_Repair_4_r2_0001,1,-7.8,0.0,0.0,5.197,3.494,165.0,159.8,5.845,4.168,115.5,110.7,2.697,6.006,HA100E
EPH_relaxed_0001_pdb2pqr_Repair_4_r2_0001,7,-2.9,4.512,12.212,4.411,2.93,92.7,97.0,4.958,4.018,71.4,55.5,4.311,5.48,HA100E
EPH_relaxed_0001_pdb2pqr_Repair_4_r2_0001,15,-0.2,1.603,2.254,5.436,3.503,74.5,86.5,6.56,4.817,20.5,33.4,4.279,5.799,HA100E
EPH_relaxed_0001_pdb2pqr_Repair_4_r2_0001,16,1.3,2.301,4.109,4.623,4.303,40.4,25.5,4.286,3.362,54.8,66.0,4.994,4.835,HA100E
EPH_relaxed_0001_pdb2pqr_Repair_4_r2_0001,19,3.9,2.171,3.464,4.405,3.592,151.3,135.7,4.814,3.611,121.8,134.1,2.903,4.552,HA100E
EPH_relaxed_0001_pdb2pqr_Repair_5_r2_0001,1,-7.7,0.0,0.0,5.281,3.474,169.1,172.4,6.17,4.373,105.3,102.9,2.692,6.072,HA100F
EPH_relaxed_0001_pdb2pqr_Repair_5_r2_0001,6,-3.3,4.408,12.183,4.419,2.911,92.8,97.1,4.939,3.977,72.6,56.4,4.307,5.478,HA100F
EPH_relaxed_0001_pdb2pqr_Repair_5_r2_0001,7,-2.7,2.103,3.481,4.213,3.342,84.0,78.5,5.268,3.909,41.8,57.5,2.961,3.653,HA100F
EPH_relaxed_0001_pdb2pqr_Repair_5_r2_0001,11,-0.5,1.576,2.154,5.203,3.262,77.6,91.8,6.332,4.582,26.7,40.1,3.705,5.18,HA100F
EPH_relaxed_0001_pdb2pqr_Repair_5_r2_0001,14,0.9,2.315,4.252,4.655,4.397,44.2,35.9,4.659,3.685,44.1,65.1,5.134,4.775,HA100F
EPH_relaxed_0001_pdb2pqr_Repair_5_r2_0001,17,1.6,2.277,4.083,5.557,3.853,160.5,157.6,6.797,5.096,89.1,86.4,3.028,6.204,HA100F
EPH_relaxed_0001_pdb2pqr_Repair_6_r2_0001,1,-7.5,0.0,0.0,5.287,3.538,165.2,161.6,5.939,4.239,115.4,110.0,2.699,6.002,HA100G
EPH_relaxed_0001_pdb2pqr_Repair_6_r2_0001,7,-2.6,4.505,12.231,4.444,2.91,83.8,87.4,4.996,3.971,62.6,47.7,4.168,5.191,HA100G
EPH_relaxed_0001_pdb2pqr_Repair_6_r2_0001,13,0.4,1.624,2.338,5.563,3.625,86.3,97.3,6.836,5.043,31.0,40.7,4.74,6.336,HA100G
EPH_relaxed_0001_pdb2pqr_Repair_6_r2_0001,14,0.4,2.662,4.58,4.724,4.764,19.9,11.9,4.376,3.875,40.4,59.2,4.366,3.005,HA100G
EPH_relaxed_0001_pdb2pqr_Repair_6_r2_0001,19,2.4,2.146,3.551,4.382,3.437,81.7,77.9,5.441,4.071,38.6,54.2,2.955,3.65,HA100G
EPH_relaxed_0001_pdb2pqr_Repair_7_r2_0001,1,-7.9,0.0,0.0,5.198,3.43,166.4,161.5,5.881,4.134,114.1,109.6,2.7,6.011,HA100I
EPH_relaxed_0001_pdb2pqr_Repair_7_r2_0001,5,-5.4,0.894,1.295,4.493,2.935,68.9,55.2,5.044,3.647,46.8,25.0,3.832,5.07,HA100I
EPH_relaxed_0001_pdb2pqr_Repair_7_r2_0001,7,-2.9,4.532,12.235,4.652,3.043,124.5,126.5,5.192,4.093,98.6,78.7,4.396,6.265,HA100I
EPH_relaxed_0001_pdb2pqr_Repair_7_r2_0001,11,-0.3,1.592,2.203,5.145,3.232,77.2,92.3,6.267,4.553,26.7,40.7,3.748,5.1,HA100I
EPH_relaxed_0001_pdb2pqr_Repair_7_r2_0001,13,1.0,2.28,4.208,4.652,4.347,40.9,30.7,4.332,3.367,54.6,70.9,4.912,4.644,HA100I
EPH_relaxed_0001_pdb2pqr_Repair_7_r2_0001,19,2.0,2.314,4.124,5.627,3.905,160.4,158.6,6.865,5.14,89.1,87.1,3.175,6.325,HA100I
EPH_relaxed_0001_pdb2pqr_Repair_8_r2_0001,1,-7.8,0.0,0.0,5.255,3.454,169.4,170.9,6.119,4.328,106.4,103.8,2.693,6.05,HA100K
EPH_relaxed_0001_pdb2pqr_Repair_8_r2_0001,6,-5.5,0.927,1.36,4.479,2.915,68.9,55.9,5.043,3.65,46.3,24.8,3.866,5.067,HA100K
EPH_relaxed_0001_pdb2pqr_Repair_8_r2_0001,8,-2.9,4.298,12.204,4.731,3.174,119.6,121.1,5.324,4.258,92.7,74.1,4.387,6.182,HA100K
EPH_relaxed_0001_pdb2pqr_Repair_8_r2_0001,13,-0.4,1.576,2.137,5.176,3.253,77.2,91.8,6.299,4.566,26.6,40.4,3.681,5.102,HA100K
EPH_relaxed_0001_pdb2pqr_Repair_9_r2_0001,1,-7.8,0.0,0.0,5.253,3.442,169.0,172.1,6.138,4.336,105.4,103.0,2.687,6.056,HA100L
EPH_relaxed_0001_pdb2pqr_Repair_9_r2_0001,6,-5.5,0.923,1.357,4.497,2.926,68.7,55.3,5.046,3.638,46.8,25.1,3.834,5.076,HA100L
EPH_relaxed_0001_pdb2pqr_Repair_9_r2_0001,8,-3.0,4.323,12.189,4.697,3.12,117.7,121.3,5.225,4.166,93.9,75.6,4.415,6.154,HA100L
EPH_relaxed_0001_pdb2pqr_Repair_9_r2_0001,10,-1.7,2.779,3.853,4.484,3.857,85.7,56.2,5.78,4.693,30.8,9.5,4.053,5.245,HA100L
EPH_relaxed_0001_pdb2pqr_Repair_9_r2_0001,16,-0.1,1.582,2.187,5.479,3.467,61.1,67.3,6.243,4.48,22.6,22.5,4.678,6.08,HA100L
EPH_relaxed_0001_pdb2pqr_Repair_10_r2_0001,1,-7.7,0.0,0.0,5.25,3.477,167.9,165.5,6.003,4.245,111.2,107.7,2.697,6.056,HA100M
EPH_relaxed_0001_pdb2pqr_Repair_10_r2_0001,7,-2.9,4.446,12.201,4.42,2.919,90.9,96.2,4.967,4.009,69.7,54.7,4.274,5.404,HA100M
EPH_relaxed_0001_pdb2pqr_Repair_10_r2_0001,9,-1.5,2.731,3.772,4.43,3.803,86.5,56.7,5.735,4.649,31.6,10.3,4.086,5.26,HA100M
EPH_relaxed_0001_pdb2pqr_Repair_10_r2_0001,11,-1.0,4.329,12.14,4.518,3.734,76.6,96.3,5.272,4.402,46.8,70.3,3.965,3.395,HA100M
EPH_relaxed_0001_pdb2pqr_Repair_10_r2_0001,15,0.1,1.577,2.191,5.82,3.916,93.4,92.0,6.469,4.837,67.9,56.5,4.738,6.895,HA100M
EPH_relaxed_0001_pdb2pqr_Repair_11_r2_0001,1,-6.0,0.0,0.0,4.509,2.607,84.5,103.2,5.335,3.701,52.3,60.7,2.626,4.305,HA100N
EPH_relaxed_0001_pdb2pqr_Repair_11_r2_0001,6,-2.2,4.584,12.268,4.396,2.971,72.4,74.3,4.938,3.985,51.2,35.1,4.088,4.877,HA100N
EPH_relaxed_0001_pdb2pqr_Repair_11_r2_0001,14,1.2,1.422,2.724,3.383,2.811,137.0,134.4,3.892,2.863,107.6,130.5,2.542,2.803,HA100N
EPH_relaxed_0001_pdb2pqr_Repair_11_r2_0001,15,1.3,1.678,2.399,5.408,3.626,50.9,60.2,5.901,4.499,25.0,18.5,4.665,5.843,HA100N
EPH_relaxed_0001_pdb2pqr_Repair_11_r2_0001,18,2.2,2.142,4.011,4.714,4.316,39.6,23.3,4.304,3.374,57.0,64.8,4.943,4.739,HA100N
EPH_relaxed_0001_pdb2pqr_Repair_12_r2_0001,1,-7.5,0.0,0.0,5.026,3.407,139.1,134.1,5.035,3.605,138.3,121.4,2.88,5.606,HA100P
EPH_relaxed_0001_pdb2pqr_Repair_12_r2_0001,4,-5.3,0.843,1.039,5.434,3.443,80.1,76.6,6.038,4.273,56.4,44.9,4.21,6.301,HA100P
EPH_relaxed_0001_pdb2pqr_Repair_12_r2_0001,7,-2.7,5.417,12.227,4.485,2.971,82.8,86.0,5.04,4.027,61.5,46.4,4.171,5.215,HA100P
EPH_relaxed_0001_pdb2pqr_Repair_12_r2_0001,13,0.0,1.68,2.402,5.446,3.517,89.1,100.6,6.751,4.961,33.5,43.2,4.722,6.293,HA100P
EPH_relaxed_0001_pdb2pqr_Repair_12_r2_0001,17,1.2,1.484,2.693,3.486,2.795,137.0,131.7,3.967,2.783,109.0,132.3,2.58,2.779,HA100P
EPH_relaxed_0001_pdb2pqr_Repair_12_r2_0001,18,1.4,2.179,4.064,4.735,4.338,39.8,25.6,4.373,3.39,55.3,66.4,5.021,4.846,HA100P
EPH_relaxed_0001_pdb2pqr_Repair_13_r2_0001,1,-7.6,0.0,0.0,5.248,3.506,164.9,160.1,5.893,4.175,115.7,111.0,2.701,5.995,HA100Q
EPH_relaxed_0001_pdb2pqr_Repair_13_r2_0001,5,-2.6,4.502,12.218,4.389,2.939,83.5,87.7,4.913,4.0,63.5,47.9,4.205,5.181,HA100Q
EPH_relaxed_0001_pdb2pqr_Repair_13_r2_0001,10,-0.0,1.602,2.241,5.336,3.372,86.8,97.3,6.62,4.794,31.5,41.0,4.611,6.16,HA100Q
EPH_relaxed_0001_pdb2pqr_Repair_13_r2_0001,14,2.1,1.567,2.883,3.886,2.933,163.9,161.6,5.012,3.663,92.7,107.4,2.693,3.739,HA100Q
EPH_relaxed_0001_pdb2pqr_Repair_13_r2_0001,16,2.7,2.335,4.146,5.655,3.984,161.2,156.8,6.892,5.205,89.5,87.2,3.056,6.241,HA100Q
EPH_relaxed_0001_pdb2pqr_Repair_14_r2_0001,1,-7.7,0.0,0.0,5.296,3.497,171.1,167.3,6.12,4.324,108.5,105.5,2.706,6.09,HA100R
EPH_relaxed_0001_pdb2pqr_Repair_14_r2_0001,5,-5.5,0.914,1.341,4.484,2.919,68.6,54.4,5.016,3.606,47.4,25.3,3.846,5.072,HA100R
EPH_relaxed_0001_pdb2pqr_Repair_14_r2_0001,13,-0.1,1.561,2.073,5.024,3.119,85.1,100.6,6.143,4.389,38.9,51.2,3.223,4.787,HA100R
EPH_relaxed_0001_pdb2pqr_Repair_14_r2_0001,17,1.8,2.28,4.099,5.586,3.837,162.8,162.1,6.775,5.043,91.7,89.0,3.076,6.272,HA100R
EPH_relaxed_0001_pdb2pqr_Repair_14_r2_0001,18,5.5,4.499,12.186,4.303,2.817,82.3,89.4,4.839,3.913,61.8,48.3,4.25,5.138,HA100R
EPH_relaxed_0001_pdb2pqr_Repair_15_r2_0001,1,-7.5,0.0,0.0,5.246,3.538,164.8,160.0,5.887,4.215,115.9,110.7,2.701,6.006,HA100S
EPH_relaxed_0001_pdb2pqr_Repair_15_r2_0001,5,-5.2,0.886,1.314,4.376,2.893,68.8,58.1,5.002,3.722,43.6,22.6,3.932,4.986,HA100S
EPH_relaxed_0001_pdb2pqr_Repair_15_r2_0001,7,-2.7,4.507,12.214,4.42,2.947,83.9,88.1,4.971,4.021,62.8,47.8,4.198,5.218,HA100S
EPH_relaxed_0001_pdb2pqr_Repair_15_r2_0001,8,-2.6,2.008,3.364,4.135,3.199,85.8,85.3,5.205,3.833,43.4,61.7,2.963,3.568,HA100S
EPH_relaxed_0001_pdb2pqr_Repair_15_r2_0001,14,0.2,1.631,2.319,5.495,3.555,82.2,92.8,6.717,4.937,27.9,37.6,4.686,6.258,HA100S
EPH_relaxed_0001_pdb2pqr_Repair_15_r2_0001,17,1.4,2.331,4.138,4.684,4.341,40.8,26.1,4.326,3.391,56.1,66.8,5.005,4.84,HA100S
EPH_relaxed_0001_pdb2pqr_Repair_15_r2_0001,18,1.4,1.567,2.762,3.449,2.814,137.0,130.1,3.918,2.758,109.6,134.0,2.552,2.863,HA100S
EPH_relaxed_0001_pdb2pqr_Repair_16_r2_0001,1,-7.8,0.0,0.0,5.25,3.455,170.3,169.8,6.113,4.321,106.6,104.1,2.67,6.064,HA100T
EPH_relaxed_0001_pdb2pqr_Repair_16_r2_0001,6,-3.0,4.477,12.198,4.359,2.845,92.8,98.1,4.898,3.937,71.9,56.4,4.307,5.465,HA100T
EPH_relaxed_0001_pdb2pqr_Repair_16_r2_0001,12,-0.3,1.573,2.132,5.11,3.215,85.5,101.1,6.287,4.552,36.2,48.8,3.33,4.933,HA100T
EPH_relaxed_0001_pdb2pqr_Repair_16_r2_0001,16,1.8,2.265,4.076,5.56,3.828,160.8,160.2,6.78,5.061,90.0,87.4,3.031,6.244,HA100T
EPH_relaxed_0001_pdb2pqr_Repair_17_r2_0001,1,-7.5,0.0,0.0,5.232,3.524,165.5,160.3,5.889,4.213,115.2,110.2,2.698,5.99,HA100V
EPH_relaxed_0001_pdb2pqr_Repair_17_r2_0001,7,-2.6,4.489,12.208,4.417,2.949,83.8,88.6,4.97,4.03,62.6,47.9,4.202,5.184,HA100V
EPH_relaxed_0001_pdb2pqr_Repair_17_r2_0001,13,0.3,1.642,2.343,5.554,3.597,80.0,89.9,6.741,4.95,26.2,35.5,4.634,6.25,HA100V
EPH_relaxed_0001_pdb2pqr_Repair_17_r2_0001,14,1.2,2.464,4.201,4.478,4.337,49.0,39.7,4.838,3.996,32.1,54.1,5.445,4.957,HA100V
EPH_relaxed_0001_pdb2pqr_Repair_17_r2_0001,16,1.5,1.565,2.791,3.42,2.789,136.6,131.4,3.919,2.773,107.9,132.4,2.553,2.762,HA100V
EPH_relaxed_0001_pdb2pqr_Repair_18_r2_0001,2,-5.6,2.605,9.218,5.083,3.405,171.5,160.5,5.873,4.142,109.9,107.8,2.65,6.005,HA100W
EPH_relaxed_0001_pdb2pqr_Repair_18_r2_0001,6,-1.7,8.301,12.898,4.182,2.888,73.9,80.7,4.729,3.991,52.8,38.9,4.097,4.84,HA100W
EPH_relaxed_0001_pdb2pqr_Repair_18_r2_0001,15,2.1,3.577,9.367,5.263,3.279,81.2,89.9,6.475,4.637,27.3,36.0,4.623,6.204,HA100W
EPH_relaxed_0001_pdb2pqr_Repair_19_r2_0001,1,-6.2,0.0,0.0,5.167,3.437,155.3,146.4,5.567,3.877,124.9,116.5,2.805,6.031,HA100Y
EPH_relaxed_0001_pdb2pqr_Repair_19_r2_0001,7,-2.4,4.825,12.296,4.333,2.853,81.4,86.8,4.907,3.955,59.5,45.6,4.161,5.09,HA100Y
EPH_relaxed_0001_pdb2pqr_Repair_19_r2_0001,14,0.6,1.682,2.4,5.227,3.331,77.8,92.8,6.364,4.66,26.5,40.6,3.777,5.203,HA100Y
EPH_relaxed_0001_pdb2pqr_Repair_39_r2_0001,1,-7.8,0.0,0.0,5.257,3.463,168.1,172.0,6.12,4.346,106.2,103.6,2.693,6.029,IA105A
EPH_relaxed_0001_pdb2pqr_Repair_39_r2_0001,8,-2.9,2.005,3.383,4.163,3.192,84.7,83.3,5.209,3.795,43.1,61.0,2.983,3.636,IA105A
EPH_relaxed_0001_pdb2pqr_Repair_39_r2_0001,9,-2.8,7.735,12.136,4.386,3.601,92.7,117.6,5.736,5.112,37.5,55.1,6.987,6.189,IA105A
EPH_relaxed_0001_pdb2pqr_Repair_39_r2_0001,10,-2.5,4.434,12.183,4.364,2.855,89.9,94.7,4.866,3.916,70.6,54.6,4.28,5.352,IA105A
EPH_relaxed_0001_pdb2pqr_Repair_39_r2_0001,15,-0.1,1.642,2.458,3.097,2.588,151.4,125.6,3.628,2.528,113.9,129.4,2.192,2.685,IA105A
EPH_relaxed_0001_pdb2pqr_Repair_39_r2_0001,19,0.8,2.136,4.163,4.306,3.688,153.5,122.8,4.893,3.7,113.6,121.9,2.704,4.331,IA105A
EPH_relaxed_0001_pdb2pqr_Repair_40_r2_0001,1,-7.8,0.0,0.0,5.258,3.457,168.0,172.0,6.117,4.335,106.4,103.8,2.693,6.04,IA105C
EPH_relaxed_0001_pdb2pqr_Repair_40_r2_0001,6,-2.7,4.49,12.176,4.324,2.81,83.2,88.4,4.859,3.888,62.7,48.1,4.252,5.204,IA105C
EPH_relaxed_0001_pdb2pqr_Repair_40_r2_0001,14,-0.2,1.585,2.174,5.235,3.285,72.3,86.1,6.304,4.567,21.1,35.2,3.808,5.208,IA105C
EPH_relaxed_0001_pdb2pqr_Repair_40_r2_0001,15,0.6,2.39,4.146,4.495,4.261,51.3,40.8,4.821,3.867,36.7,57.0,5.392,5.081,IA105C
EPH_relaxed_0001_pdb2pqr_Repair_41_r2_0001,1,-7.7,0.0,0.0,5.222,3.51,165.2,161.1,5.88,4.207,115.1,110.0,2.699,6.01,IA105D
EPH_relaxed_0001_pdb2pqr_Repair_41_r2_0001,8,-2.7,7.628,12.141,4.163,3.377,87.7,113.1,5.473,4.866,33.5,52.6,6.742,5.989,IA105D
EPH_relaxed_0001_pdb2pqr_Repair_41_r2_0001,9,-2.5,4.511,12.239,4.675,3.086,115.2,117.0,5.194,4.115,92.2,73.2,4.421,6.127,IA105D
EPH_relaxed_0001_pdb2pqr_Repair_41_r2_0001,15,-0.1,1.591,2.212,5.065,3.244,81.7,99.2,6.219,4.6,32.1,46.1,3.601,4.955,IA105D
EPH_relaxed_0001_pdb2pqr_Repair_41_r2_0001,19,1.2,1.603,2.919,3.852,3.161,175.0,141.7,4.735,3.648,104.5,111.2,2.839,3.866,IA105D
EPH_relaxed_0001_pdb2pqr_Repair_42_r2_0001,1,-7.7,0.0,0.0,4.984,3.37,140.1,134.5,5.018,3.575,137.5,121.3,2.913,5.713,IA105E
EPH_relaxed_0001_pdb2pqr_Repair_42_r2_0001,5,-5.1,5.082,12.136,4.327,2.92,92.1,98.6,5.09,4.165,62.6,50.7,4.321,5.261,IA105E
EPH_relaxed_0001_pdb2pqr_Repair_42_r2_0001,8,-1.8,2.517,3.654,4.497,3.725,91.8,63.0,5.858,4.693,35.6,15.2,3.909,5.34,IA105E
EPH_relaxed_0001_pdb2pqr_Repair_42_r2_0001,15,1.2,1.497,2.669,3.415,2.787,137.8,134.1,3.955,2.838,106.7,130.2,2.594,2.793,IA105E
EPH_relaxed_0001_pdb2pqr_Repair_43_r2_0001,1,-7.7,0.0,0.0,5.138,3.473,131.1,124.9,4.985,3.523,141.6,121.8,3.176,5.935,IA105F
EPH_relaxed_0001_pdb2pqr_Repair_43_r2_0001,7,-3.8,5.207,12.066,4.432,3.035,90.3,99.5,5.144,4.254,62.8,52.4,4.39,5.252,IA105F
EPH_relaxed_0001_pdb2pqr_Repair_43_r2_0001,9,-1.7,2.577,3.747,4.615,3.899,86.2,57.8,5.914,4.763,31.1,10.8,4.105,5.399,IA105F
EPH_relaxed_0001_pdb2pqr_Repair_43_r2_0001,12,-0.4,1.65,2.335,5.473,3.499,72.7,82.4,6.548,4.769,20.8,30.3,4.505,6.052,IA105F
EPH_relaxed_0001_pdb2pqr_Repair_44_r2_0001,1,-7.6,0.0,0.0,5.217,3.513,165.4,161.4,5.88,4.218,114.9,109.7,2.701,5.994,IA105G
EPH_relaxed_0001_pdb2pqr_Repair_44_r2_0001,7,-3.4,7.862,12.234,4.654,3.97,98.8,123.0,6.005,5.482,44.2,59.0,7.397,6.667,IA105G
EPH_relaxed_0001_pdb2pqr_Repair_44_r2_0001,8,-2.7,2.017,3.383,4.225,3.24,83.3,83.6,5.272,3.885,41.3,59.7,3.021,3.687,IA105G
EPH_relaxed_0001_pdb2pqr_Repair_44_r2_0001,10,-2.1,4.514,12.214,4.373,2.864,93.1,94.9,4.918,3.933,71.9,54.5,4.284,5.474,IA105G
EPH_relaxed_0001_pdb2pqr_Repair_44_r2_0001,14,-0.6,1.914,3.664,4.987,3.958,48.5,73.4,5.615,5.089,0.3,22.8,5.905,5.303,IA105G
EPH_relaxed_0001_pdb2pqr_Repair_44_r2_0001,17,0.0,1.61,2.264,5.382,3.469,89.1,100.8,6.692,4.916,33.4,43.3,4.706,6.26,IA105G
EPH_relaxed_0001_pdb2pqr_Repair_44_r2_0001,19,0.6,2.663,4.573,4.677,4.782,19.8,9.9,4.388,3.94,37.4,57.0,4.367,3.078,IA105G
EPH_relaxed_0001_pdb2pqr_Repair_45_r2_0001,1,-7.8,0.0,0.0,5.368,3.569,176.3,161.1,6.233,4.422,107.2,103.0,2.702,6.226,IA105H
EPH_relaxed_0001_pdb2pqr_Repair_45_r2_0001,7,-2.8,1.957,3.314,4.164,3.188,82.4,80.7,5.185,3.761,41.7,59.6,3.035,3.66,IA105H
EPH_relaxed_0001_pdb2pqr_Repair_45_r2_0001,13,-0.2,4.271,12.126,4.453,3.154,91.7,104.8,5.258,4.442,60.5,54.1,4.586,5.249,IA105H
EPH_relaxed_0001_pdb2pqr_Repair_45_r2_0001,14,0.1,1.589,2.197,5.545,3.54,79.4,89.5,6.742,4.884,24.3,35.5,4.106,5.858,IA105H
EPH_relaxed_0001_pdb2pqr_Repair_46_r2_0001,1,-7.3,0.0,0.0,5.514,3.459,65.8,69.9,6.462,4.553,15.9,21.3,4.062,5.857,IA105K
EPH_relaxed_0001_pdb2pqr_Repair_46_r2_0001,6,-2.7,2.005,3.342,4.209,3.296,83.6,80.7,5.263,3.896,41.4,58.5,3.011,3.631,IA105K
EPH_relaxed_0001_pdb2pqr_Repair_46_r2_0001,12,0.6,2.654,4.611,4.746,4.839,20.1,10.4,4.422,3.982,39.4,57.8,4.349,3.025,IA105K
EPH_relaxed_0001_pdb2pqr_Repair_46_r2_0001,14,0.8,1.571,2.201,5.69,3.953,148.0,136.1,6.974,5.149,83.0,79.3,2.807,6.379,IA105K
EPH_relaxed_0001_pdb2pqr_Repair_46_r2_0001,17,1.8,1.661,2.891,3.451,2.793,136.7,130.9,3.919,2.76,109.4,133.1,2.597,2.76,IA105K
EPH_relaxed_0001_pdb2pqr_Repair_46_r2_0001,19,1.9,4.198,12.107,4.516,3.222,63.8,76.9,5.141,4.352,37.3,31.5,4.466,4.786,IA105K
EPH_relaxed_0001_pdb2pqr_Repair_47_r2_0001,1,-7.7,0.0,0.0,5.213,3.498,164.7,161.4,5.866,4.194,115.2,110.2,2.699,5.987,IA105L
EPH_relaxed_0001_pdb2pqr_Repair_47_r2_0001,2,-6.4,4.471,12.122,4.164,2.826,88.6,93.4,5.005,4.109,56.1,44.5,4.3,5.069,IA105L
EPH_relaxed_0001_pdb2pqr_Repair_47_r2_0001,7,-3.8,1.41,1.955,5.14,3.231,68.2,55.7,5.145,3.392,68.1,49.7,4.031,5.986,IA105L
EPH_relaxed_0001_pdb2pqr_Repair_47_r2_0001,8,-2.5,2.083,3.449,4.172,3.3,85.0,81.7,5.239,3.899,42.5,59.4,2.962,3.589,IA105L
EPH_relaxed_0001_pdb2pqr_Repair_47_r2_0001,17,0.5,2.675,4.596,4.722,4.823,21.0,10.7,4.405,3.96,39.5,58.1,4.321,3.035,IA105L
EPH_relaxed_0001_pdb2pqr_Repair_48_r2_0001,1,-7.3,0.0,0.0,5.418,3.401,60.8,65.9,6.259,4.431,14.5,18.7,4.147,5.783,IA105M
EPH_relaxed_0001_pdb2pqr_Repair_48_r2_0001,2,-7.2,0.857,1.103,5.002,3.392,126.2,121.1,4.732,3.384,144.7,121.4,3.097,5.663,IA105M
EPH_relaxed_0001_pdb2pqr_Repair_48_r2_0001,11,-0.1,4.215,12.141,4.471,3.125,92.8,104.5,5.31,4.426,60.1,53.3,4.5,5.257,IA105M
EPH_relaxed_0001_pdb2pqr_Repair_48_r2_0001,12,0.0,1.493,2.009,5.499,3.512,72.4,81.7,6.568,4.773,20.6,29.7,4.403,6.023,IA105M
EPH_relaxed_0001_pdb2pqr_Repair_48_r2_0001,14,0.6,2.675,4.63,4.764,4.868,21.3,11.3,4.432,3.991,40.5,58.9,4.312,2.998,IA105M
EPH_relaxed_0001_pdb2pqr_Repair_49_r2_0001,1,-7.9,0.0,0.0,5.265,3.467,168.2,171.5,6.12,4.34,106.6,103.9,2.691,6.04,IA105N
EPH_relaxed_0001_pdb2pqr_Repair_49_r2_0001,5,-5.6,0.916,1.352,4.496,2.936,68.8,55.7,5.045,3.657,46.9,25.2,3.854,5.068,IA105N
EPH_relaxed_0001_pdb2pqr_Repair_49_r2_0001,7,-2.7,4.492,12.184,4.382,2.829,91.8,97.1,4.917,3.91,71.0,55.9,4.305,5.445,IA105N
EPH_relaxed_0001_pdb2pqr_Repair_49_r2_0001,9,-1.8,2.385,3.482,4.042,3.045,106.5,81.1,5.478,4.114,48.7,40.4,2.693,4.492,IA105N
EPH_relaxed_0001_pdb2pqr_Repair_49_r2_0001,13,-0.4,1.575,2.146,5.2,3.267,74.9,89.2,6.298,4.569,24.1,38.0,3.718,5.124,IA105N
EPH_relaxed_0001_pdb2pqr_Repair_49_r2_0001,16,1.0,2.334,4.248,4.708,4.365,41.9,31.8,4.368,3.376,56.3,72.0,4.901,4.659,IA105N
EPH_relaxed_0001_pdb2pqr_Repair_50_r2_0001,1,-7.8,0.0,0.0,4.524,2.633,101.3,120.2,5.344,3.703,68.8,73.7,2.658,4.505,IA105P
EPH_relaxed_0001_pdb2pqr_Repair_50_r2_0001,2,-6.4,4.428,12.097,4.254,2.759,94.7,97.5,5.02,3.989,64.9,50.6,4.36,5.324,IA105P
EPH_relaxed_0001_pdb2pqr_Repair_50_r2_0001,12,-0.5,2.169,3.463,4.418,3.498,147.7,134.1,4.79,3.462,121.9,136.6,3.188,4.66,IA105P
EPH_relaxed_0001_pdb2pqr_Repair_50_r2_0001,15,-0.0,1.586,2.205,5.458,3.635,35.3,43.8,5.442,4.089,36.3,20.1,4.484,5.514,IA105P
EPH_relaxed_0001_pdb2pqr_Repair_50_r2_0001,18,0.9,1.55,2.883,3.926,3.237,172.9,140.3,4.775,3.744,106.0,109.5,2.913,3.947,IA105P
EPH_relaxed_0001_pdb2pqr_Repair_51_r2_0001,1,-7.7,0.0,0.0,5.352,3.573,175.3,167.6,6.29,4.509,103.9,100.8,2.696,6.153,IA105Q
EPH_relaxed_0001_pdb2pqr_Repair_51_r2_0001,5,-5.4,0.995,1.424,4.37,2.847,66.1,58.2,5.034,3.721,38.5,19.9,3.9,4.82,IA105Q
EPH_relaxed_0001_pdb2pqr_Repair_51_r2_0001,7,-2.6,4.318,12.152,4.491,3.003,89.5,95.2,4.964,4.036,71.3,55.9,4.306,5.385,IA105Q
EPH_relaxed_0001_pdb2pqr_Repair_51_r2_0001,9,-2.0,2.761,3.784,4.488,3.724,92.0,63.0,5.854,4.691,35.6,15.4,3.895,5.299,IA105Q
EPH_relaxed_0001_pdb2pqr_Repair_51_r2_0001,13,-0.1,1.588,2.201,5.541,3.551,82.9,91.9,6.749,4.917,29.9,37.3,4.732,6.371,IA105Q
EPH_relaxed_0001_pdb2pqr_Repair_51_r2_0001,17,1.3,2.373,4.135,4.622,4.246,40.6,25.7,4.339,3.336,52.8,64.8,5.039,4.872,IA105Q
EPH_relaxed_0001_pdb2pqr_Repair_52_r2_0001,1,-6.6,0.0,0.0,5.762,3.7,57.9,59.8,6.5,4.595,17.3,14.9,3.97,5.902,IA105R
EPH_relaxed_0001_pdb2pqr_Repair_52_r2_0001,12,0.7,2.291,4.065,4.475,4.241,51.1,41.4,4.815,3.866,35.8,56.7,5.411,5.037,IA105R
EPH_relaxed_0001_pdb2pqr_Repair_52_r2_0001,15,1.3,1.597,2.212,5.668,3.906,152.5,139.7,6.896,5.064,87.0,82.7,2.784,6.429,IA105R
EPH_relaxed_0001_pdb2pqr_Repair_52_r2_0001,16,2.0,1.967,2.712,4.762,3.782,50.5,65.7,4.249,4.027,70.5,56.5,2.766,2.399,IA105R
EPH_relaxed_0001_pdb2pqr_Repair_52_r2_0001,20,10.8,1.929,3.258,4.217,3.257,81.9,80.4,5.241,3.845,40.8,58.7,3.05,3.651,IA105R
EPH_relaxed_0001_pdb2pqr_Repair_53_r2_0001,1,-7.8,0.0,0.0,5.284,3.492,169.3,171.3,6.151,4.376,106.3,103.5,2.673,6.045,IA105S
EPH_relaxed_0001_pdb2pqr_Repair_53_r2_0001,7,-2.9,2.02,3.38,4.272,3.246,81.8,80.1,5.324,3.893,39.2,56.2,2.968,3.725,IA105S
EPH_relaxed_0001_pdb2pqr_Repair_53_r2_0001,8,-2.5,4.355,12.205,4.722,3.098,117.3,120.7,5.22,4.111,94.8,76.4,4.449,6.203,IA105S
EPH_relaxed_0001_pdb2pqr_Repair_53_r2_0001,13,-0.2,1.578,2.15,4.97,3.149,89.3,107.3,6.162,4.513,40.5,53.1,3.52,4.86,IA105S
EPH_relaxed_0001_pdb2pqr_Repair_53_r2_0001,15,0.2,7.448,12.041,4.298,3.362,77.7,100.7,5.488,4.776,25.2,44.8,6.366,5.67,IA105S
EPH_relaxed_0001_pdb2pqr_Repair_53_r2_0001,16,0.7,2.355,4.152,4.524,4.252,50.9,39.8,4.816,3.82,37.9,57.5,5.326,5.062,IA105S
EPH_relaxed_0001_pdb2pqr_Repair_53_r2_0001,19,2.0,2.269,4.066,5.603,3.889,161.7,157.8,6.828,5.12,90.0,87.0,3.032,6.267,IA105S
EPH_relaxed_0001_pdb2pqr_Repair_54_r2_0001,1,-7.8,0.0,0.0,5.275,3.478,168.6,171.6,6.137,4.359,106.5,103.7,2.692,6.046,IA105T
EPH_relaxed_0001_pdb2pqr_Repair_54_r2_0001,7,-2.6,4.452,12.185,4.401,2.867,90.5,95.6,4.932,3.943,70.0,54.8,4.276,5.392,IA105T
EPH_relaxed_0001_pdb2pqr_Repair_54_r2_0001,13,-0.3,1.575,2.141,5.145,3.267,82.2,98.3,6.303,4.611,32.6,45.7,3.554,4.985,IA105T
EPH_relaxed_0001_pdb2pqr_Repair_54_r2_0001,16,1.3,2.362,4.134,4.634,4.26,40.8,25.7,4.356,3.357,52.8,64.6,5.044,4.895,IA105T
EPH_relaxed_0001_pdb2pqr_Repair_55_r2_0001,1,-7.8,0.0,0.0,5.251,3.453,167.9,172.1,6.112,4.334,106.3,103.6,2.693,6.032,IA105V
EPH_relaxed_0001_pdb2pqr_Repair_55_r2_0001,5,-5.5,0.92,1.353,4.503,2.943,69.1,56.1,5.061,3.674,46.8,25.2,3.847,5.074,IA105V
EPH_relaxed_0001_pdb2pqr_Repair_55_r2_0001,8,-2.9,4.489,12.191,4.38,2.829,91.2,96.2,4.92,3.912,70.3,55.1,4.29,5.423,IA105V
EPH_relaxed_0001_pdb2pqr_Repair_55_r2_0001,15,0.5,2.707,4.636,4.748,4.835,20.7,10.3,4.43,3.981,39.5,57.7,4.313,3.008,IA105V
EPH_relaxed_0001_pdb2pqr_Repair_55_r2_0001,16,0.7,7.57,12.069,4.355,3.53,87.9,113.1,5.662,5.028,33.5,52.2,6.5,5.703,IA105V
EPH_relaxed_0001_pdb2pqr_Repair_55_r2_0001,17,0.9,2.11,3.529,4.279,3.394,80.9,77.9,5.294,3.953,39.9,57.2,3.083,3.659,IA105V
EPH_relaxed_0001_pdb2pqr_Repair_55_r2_0001,19,2.0,2.273,4.082,5.479,3.746,160.3,164.7,6.64,4.958,92.1,89.2,2.999,6.128,IA105V
EPH_relaxed_0001_pdb2pqr_Repair_56_r2_0001,4,-5.4,2.459,8.102,5.628,3.546,62.8,66.2,6.53,4.577,11.8,18.3,3.816,5.77,IA105W
EPH_relaxed_0001_pdb2pqr_Repair_56_r2_0001,8,-1.0,1.557,7.819,4.953,3.587,99.4,79.9,5.283,3.447,86.0,85.3,4.176,6.186,IA105W
EPH_relaxed_0001_pdb2pqr_Repair_56_r2_0001,12,0.9,1.66,7.707,4.74,4.827,20.4,10.5,4.41,3.967,39.8,57.9,4.33,2.99,IA105W
EPH_relaxed_0001_pdb2pqr_Repair_57_r2_0001,1,-7.8,0.0,0.0,5.504,3.458,57.5,59.7,6.209,4.351,20.1,16.6,4.292,5.916,IA105Y
EPH_relaxed_0001_pdb2pqr_Repair_57_r2_0001,7,-2.1,2.716,3.676,4.495,3.75,90.3,61.2,5.844,4.684,34.3,13.9,3.925,5.258,IA105Y
EPH_relaxed_0001_pdb2pqr_Repair_57_r2_0001,10,-0.3,1.487,1.99,5.334,3.337,85.8,95.2,6.591,4.739,31.7,39.8,4.715,6.266,IA105Y
EPH_relaxed_0001_pdb2pqr_Repair_57_r2_0001,18,2.3,1.876,3.068,4.319,3.336,109.8,84.5,4.454,3.541,103.6,76.8,2.972,4.647,IA105Y
EPH_relaxed_0001_pdb2pqr_Repair_57_r2_0001,19,2.4,2.302,4.121,5.984,3.965,75.7,83.2,7.102,5.236,22.4,29.9,4.687,6.533,IA105Y
EPH_relaxed_0001_pdb2pqr_Repair_324_r2_0001,3,-7.0,2.981,9.443,5.333,3.356,70.1,63.2,5.747,3.961,53.5,39.5,4.263,6.159,IA196A
EPH_relaxed_0001_pdb2pqr_Repair_324_r2_0001,7,-6.2,2.943,9.236,4.505,2.534,78.3,90.7,5.218,3.334,50.3,61.2,2.452,4.107,IA196A
EPH_relaxed_0001_pdb2pqr_Repair_324_r2_0001,8,-6.0,2.295,8.384,3.986,3.146,177.5,147.1,4.991,3.618,99.5,114.8,2.718,4.204,IA196A
EPH_relaxed_0001_pdb2pqr_Repair_324_r2_0001,14,-4.6,2.064,8.516,3.676,3.037,98.8,85.0,4.844,3.566,53.1,65.4,2.641,3.171,IA196A
EPH_relaxed_0001_pdb2pqr_Repair_325_r2_0001,3,-6.5,3.02,9.571,5.206,3.437,172.3,164.2,6.015,4.26,109.2,104.8,2.695,6.031,IA196C
EPH_relaxed_0001_pdb2pqr_Repair_325_r2_0001,6,-5.5,3.055,9.312,5.242,3.457,141.3,130.6,5.294,3.474,137.2,129.2,2.701,6.084,IA196C
EPH_relaxed_0001_pdb2pqr_Repair_325_r2_0001,12,-3.5,2.852,9.018,4.419,2.562,80.4,89.8,5.232,3.311,48.5,62.2,2.347,4.0,IA196C
EPH_relaxed_0001_pdb2pqr_Repair_325_r2_0001,13,-2.5,8.896,13.986,4.749,3.135,113.1,118.6,5.22,4.136,92.4,75.5,4.433,6.103,IA196C
EPH_relaxed_0001_pdb2pqr_Repair_325_r2_0001,16,-1.9,2.424,9.322,3.438,2.68,141.0,134.7,3.968,2.755,109.1,129.1,2.357,2.861,IA196C
EPH_relaxed_0001_pdb2pqr_Repair_325_r2_0001,17,-1.7,4.446,9.272,4.694,2.707,82.1,96.7,5.664,3.847,43.0,53.5,2.754,4.416,IA196C
EPH_relaxed_0001_pdb2pqr_Repair_325_r2_0001,18,-1.2,2.217,8.688,5.591,3.898,35.4,23.9,4.646,2.869,75.2,66.6,4.005,5.608,IA196C
EPH_relaxed_0001_pdb2pqr_Repair_326_r2_0001,1,-7.4,0.0,0.0,5.34,3.368,70.2,63.2,5.752,3.969,53.8,39.8,4.241,6.15,IA196D
EPH_relaxed_0001_pdb2pqr_Repair_326_r2_0001,4,-6.4,1.332,1.926,4.515,2.541,78.5,91.0,5.236,3.354,50.3,61.0,2.436,4.112,IA196D
EPH_relaxed_0001_pdb2pqr_Repair_326_r2_0001,10,-4.4,1.848,2.682,4.267,3.26,78.6,79.5,5.264,3.871,37.9,56.9,3.179,3.729,IA196D
EPH_relaxed_0001_pdb2pqr_Repair_326_r2_0001,12,-3.1,2.312,4.341,4.594,2.626,86.3,101.6,5.591,3.77,46.7,57.6,2.707,4.367,IA196D
EPH_relaxed_0001_pdb2pqr_Repair_326_r2_0001,13,-3.0,4.794,12.467,4.41,2.874,90.8,96.8,4.928,3.947,70.7,56.0,4.313,5.41,IA196D
EPH_relaxed_0001_pdb2pqr_Repair_326_r2_0001,18,-1.5,1.419,2.518,3.823,2.796,150.8,151.9,4.912,3.365,90.2,111.6,3.253,4.114,IA196D
EPH_relaxed_0001_pdb2pqr_Repair_326_r2_0001,19,-1.0,1.706,3.286,3.403,2.638,146.1,139.5,4.072,2.837,105.3,124.8,2.531,3.004,IA196D
EPH_relaxed_0001_pdb2pqr_Repair_326_r2_0001,20,-1.0,2.841,4.467,4.867,3.079,73.0,68.6,5.802,4.142,32.5,23.7,4.385,5.732,IA196D
EPH_relaxed_0001_pdb2pqr_Repair_327_r2_0001,5,-5.3,2.886,9.701,5.266,3.497,169.6,170.8,6.287,4.541,99.7,96.6,2.706,6.011,IA196E
EPH_relaxed_0001_pdb2pqr_Repair_327_r2_0001,7,-5.0,3.029,9.416,5.258,3.472,139.8,131.1,5.264,3.479,139.2,130.5,2.715,6.046,IA196E
EPH_relaxed_0001_pdb2pqr_Repair_327_r2_0001,8,-4.0,2.75,8.28,4.246,3.308,82.9,81.4,5.284,3.912,41.3,59.0,3.038,3.651,IA196E
EPH_relaxed_0001_pdb2pqr_Repair_327_r2_0001,10,-2.7,8.438,13.56,4.723,3.139,115.4,117.9,5.284,4.2,90.7,72.8,4.415,6.132,IA196E
EPH_relaxed_0001_pdb2pqr_Repair_327_r2_0001,11,-2.6,4.053,9.324,4.663,2.685,83.8,98.7,5.637,3.82,44.9,55.4,2.722,4.398,IA196E
EPH_relaxed_0001_pdb2pqr_Repair_327_r2_0001,15,-0.8,3.275,9.841,4.818,3.746,107.4,81.2,5.227,3.877,90.1,76.3,2.727,5.021,IA196E
EPH_relaxed_0001_pdb2pqr_Repair_327_r2_0001,17,0.0,4.453,9.611,4.932,3.144,73.3,67.7,5.844,4.175,34.1,23.8,4.37,5.8,IA196E
EPH_relaxed_0001_pdb2pqr_Repair_327_r2_0001,18,0.4,1.819,8.788,5.792,4.246,39.9,35.6,4.489,2.907,92.9,87.7,4.089,5.622,IA196E
EPH_relaxed_0001_pdb2pqr_Repair_328_r2_0001,4,-5.6,2.964,9.609,5.26,3.538,172.2,169.1,6.167,4.468,105.0,101.3,2.7,6.034,IA196F
EPH_relaxed_0001_pdb2pqr_Repair_328_r2_0001,6,-5.0,3.06,9.362,5.229,3.487,139.9,130.4,5.246,3.514,138.5,128.6,2.723,6.049,IA196F
EPH_relaxed_0001_pdb2pqr_Repair_328_r2_0001,12,-2.4,2.735,8.171,4.276,3.377,80.6,81.9,5.257,3.945,41.2,60.8,3.212,3.645,IA196F
EPH_relaxed_0001_pdb2pqr_Repair_328_r2_0001,13,-2.1,8.652,13.754,4.682,3.076,120.0,120.5,5.224,4.113,95.1,75.3,4.374,6.194,IA196F
EPH_relaxed_0001_pdb2pqr_Repair_328_r2_0001,15,-1.4,4.178,9.313,4.732,2.777,79.7,95.5,5.732,3.978,38.4,49.9,2.843,4.459,IA196F
EPH_relaxed_0001_pdb2pqr_Repair_328_r2_0001,16,-1.0,3.356,9.759,4.395,3.327,146.4,150.3,5.798,4.419,76.7,89.2,2.697,4.176,IA196F
EPH_relaxed_0001_pdb2pqr_Repair_328_r2_0001,18,-1.0,2.363,9.417,3.442,2.701,142.3,138.7,4.031,2.872,107.0,126.0,2.499,2.998,IA196F
EPH_relaxed_0001_pdb2pqr_Repair_328_r2_0001,20,0.1,4.574,9.542,4.899,3.185,75.2,68.9,5.802,4.221,37.3,25.2,4.297,5.773,IA196F
EPH_relaxed_0001_pdb2pqr_Repair_329_r2_0001,3,-7.9,2.27,8.386,3.942,3.172,172.6,143.1,4.949,3.605,99.1,114.7,2.731,4.115,IA196G
EPH_relaxed_0001_pdb2pqr_Repair_329_r2_0001,6,-6.9,3.014,9.516,5.426,3.425,61.0,56.7,5.856,4.054,42.5,29.9,4.336,6.083,IA196G
EPH_relaxed_0001_pdb2pqr_Repair_329_r2_0001,9,-5.6,2.117,8.48,3.793,3.043,93.7,85.7,4.944,3.624,48.8,64.1,2.78,3.256,IA196G
EPH_relaxed_0001_pdb2pqr_Repair_329_r2_0001,17,-3.8,2.786,8.234,4.249,3.195,80.9,82.6,5.263,3.834,40.0,59.0,3.105,3.728,IA196G
EPH_relaxed_0001_pdb2pqr_Repair_330_r2_0001,2,-6.9,2.943,9.601,5.254,3.478,172.1,168.9,6.13,4.372,106.3,102.7,2.702,6.037,IA196H
EPH_relaxed_0001_pdb2pqr_Repair_330_r2_0001,4,-6.0,3.001,9.321,5.23,3.446,140.7,130.1,5.264,3.442,138.0,130.2,2.702,6.064,IA196H
EPH_relaxed_0001_pdb2pqr_Repair_330_r2_0001,12,-2.9,2.78,8.236,4.233,3.296,82.8,81.0,5.266,3.888,41.4,59.1,3.048,3.658,IA196H
EPH_relaxed_0001_pdb2pqr_Repair_330_r2_0001,13,-2.6,8.607,13.801,4.426,2.897,93.5,98.2,4.963,3.976,72.5,56.9,4.287,5.465,IA196H
EPH_relaxed_0001_pdb2pqr_Repair_330_r2_0001,14,-2.2,4.236,9.286,4.649,2.677,84.9,100.1,5.64,3.826,45.4,56.1,2.714,4.387,IA196H
EPH_relaxed_0001_pdb2pqr_Repair_330_r2_0001,16,-1.0,2.383,9.435,3.448,2.687,144.8,139.0,4.075,2.867,106.7,125.7,2.507,2.971,IA196H
EPH_relaxed_0001_pdb2pqr_Repair_330_r2_0001,17,-1.0,3.303,9.628,4.205,2.844,144.9,173.6,5.554,3.963,78.0,92.4,2.799,4.294,IA196H
EPH_relaxed_0001_pdb2pqr_Repair_331_r2_0001,1,-5.4,0.0,0.0,5.229,3.461,168.0,168.4,6.31,4.558,96.9,94.0,2.701,5.984,IA196K
EPH_relaxed_0001_pdb2pqr_Repair_331_r2_0001,3,-3.2,4.218,12.0,4.408,2.886,88.9,94.3,4.933,3.958,68.7,53.8,4.292,5.367,IA196K
EPH_relaxed_0001_pdb2pqr_Repair_331_r2_0001,8,-1.4,1.438,1.946,5.196,3.258,74.0,88.0,6.286,4.551,22.9,37.0,3.757,5.152,IA196K
EPH_relaxed_0001_pdb2pqr_Repair_331_r2_0001,16,1.8,2.068,3.863,5.587,3.86,161.2,160.7,6.797,5.09,90.5,87.7,3.025,6.236,IA196K
EPH_relaxed_0001_pdb2pqr_Repair_332_r2_0001,1,-6.9,0.0,0.0,5.251,3.477,172.6,169.0,6.147,4.392,105.4,101.8,2.7,6.039,IA196L
EPH_relaxed_0001_pdb2pqr_Repair_332_r2_0001,6,-3.1,4.397,12.117,4.385,2.843,93.5,98.2,4.915,3.92,72.8,57.0,4.296,5.461,IA196L
EPH_relaxed_0001_pdb2pqr_Repair_332_r2_0001,9,-1.2,1.513,2.033,5.091,3.197,85.8,101.7,6.272,4.541,36.5,49.1,3.307,4.898,IA196L
EPH_relaxed_0001_pdb2pqr_Repair_332_r2_0001,13,0.3,2.292,3.405,4.011,3.113,106.1,81.0,5.316,3.936,54.0,50.4,2.363,4.125,IA196L
EPH_relaxed_0001_pdb2pqr_Repair_333_r2_0001,1,-3.3,0.0,0.0,5.162,3.417,168.7,162.9,6.283,4.539,95.3,91.9,2.71,5.958,IA196M
EPH_relaxed_0001_pdb2pqr_Repair_333_r2_0001,2,-3.1,4.21,11.924,4.392,2.86,90.2,95.2,4.922,3.935,69.8,54.5,4.297,5.403,IA196M
EPH_relaxed_0001_pdb2pqr_Repair_333_r2_0001,4,-2.4,1.58,2.479,5.128,3.211,65.6,51.6,5.11,3.281,66.3,49.1,4.029,5.937,IA196M
EPH_relaxed_0001_pdb2pqr_Repair_333_r2_0001,6,-1.3,1.468,1.951,5.156,3.237,76.1,91.0,6.268,4.552,25.5,39.5,3.672,5.057,IA196M
EPH_relaxed_0001_pdb2pqr_Repair_333_r2_0001,8,-0.8,2.083,3.637,4.064,3.189,87.6,86.3,5.062,3.681,48.7,67.9,3.03,3.494,IA196M
EPH_relaxed_0001_pdb2pqr_Repair_333_r2_0001,14,1.7,2.125,3.907,5.509,3.82,161.1,156.2,6.749,5.057,89.2,86.2,3.018,6.175,IA196M
EPH_relaxed_0001_pdb2pqr_Repair_334_r2_0001,3,-7.1,2.986,9.438,5.297,3.361,70.5,64.0,5.716,3.997,53.8,39.1,4.252,6.137,IA196N
EPH_relaxed_0001_pdb2pqr_Repair_334_r2_0001,6,-6.0,2.918,9.224,4.45,2.513,79.2,93.8,5.168,3.348,51.1,62.6,2.432,4.044,IA196N
EPH_relaxed_0001_pdb2pqr_Repair_334_r2_0001,11,-3.9,1.971,8.522,3.592,2.986,102.2,88.5,4.736,3.453,57.3,71.0,2.596,3.118,IA196N
EPH_relaxed_0001_pdb2pqr_Repair_334_r2_0001,14,-3.3,2.486,9.322,3.407,2.679,140.8,136.8,3.973,2.806,107.3,127.3,2.425,2.896,IA196N
EPH_relaxed_0001_pdb2pqr_Repair_334_r2_0001,16,-2.5,8.996,14.176,4.414,2.954,89.1,91.0,4.948,4.009,68.5,51.3,4.218,5.34,IA196N
EPH_relaxed_0001_pdb2pqr_Repair_334_r2_0001,17,-2.5,2.665,8.222,3.998,3.005,105.2,81.2,5.43,4.06,47.7,41.2,2.673,4.417,IA196N
EPH_relaxed_0001_pdb2pqr_Repair_335_r2_0001,3,-6.9,2.991,9.456,5.319,3.381,70.5,63.9,5.738,4.013,53.8,39.1,4.237,6.145,IA196P
EPH_relaxed_0001_pdb2pqr_Repair_335_r2_0001,7,-5.6,2.933,9.249,4.463,2.519,77.9,92.3,5.188,3.366,49.5,60.9,2.449,4.056,IA196P
EPH_relaxed_0001_pdb2pqr_Repair_335_r2_0001,12,-4.6,2.081,8.498,3.735,3.001,95.0,87.8,4.861,3.533,51.2,67.9,2.771,3.227,IA196P
EPH_relaxed_0001_pdb2pqr_Repair_335_r2_0001,14,-4.4,2.301,8.405,3.796,3.023,177.2,146.5,4.821,3.468,98.5,115.8,2.66,3.974,IA196P
EPH_relaxed_0001_pdb2pqr_Repair_335_r2_0001,15,-4.2,2.478,9.302,3.39,2.705,140.7,133.8,3.922,2.753,108.7,130.1,2.336,2.819,IA196P
EPH_relaxed_0001_pdb2pqr_Repair_335_r2_0001,16,-3.5,2.84,8.633,5.121,3.682,82.9,63.8,5.288,3.438,76.5,72.7,3.904,5.966,IA196P
EPH_relaxed_0001_pdb2pqr_Repair_335_r2_0001,19,-2.5,8.981,14.202,4.368,2.864,89.9,93.2,4.909,3.939,69.0,52.7,4.271,5.375,IA196P
EPH_relaxed_0001_pdb2pqr_Repair_336_r2_0001,1,-5.3,0.0,0.0,5.221,3.462,170.6,169.5,6.242,4.506,99.9,96.4,2.712,5.985,IA196Q
EPH_relaxed_0001_pdb2pqr_Repair_336_r2_0001,5,-3.1,4.25,11.991,4.387,2.854,90.7,95.9,4.912,3.929,70.4,55.1,4.317,5.416,IA196Q
EPH_relaxed_0001_pdb2pqr_Repair_336_r2_0001,6,-2.3,2.062,3.565,4.144,3.164,82.3,80.6,5.155,3.719,42.1,60.2,3.049,3.656,IA196Q
EPH_relaxed_0001_pdb2pqr_Repair_336_r2_0001,8,-1.5,1.467,2.039,5.005,3.103,84.7,100.6,6.172,4.435,35.8,48.6,3.276,4.816,IA196Q
EPH_relaxed_0001_pdb2pqr_Repair_336_r2_0001,14,1.7,2.127,3.932,5.617,3.915,160.1,157.8,6.86,5.161,88.9,86.4,3.042,6.235,IA196Q
EPH_relaxed_0001_pdb2pqr_Repair_336_r2_0001,15,2.1,1.617,2.883,4.131,3.173,162.6,158.4,5.369,4.057,88.2,100.2,2.643,3.861,IA196Q
EPH_relaxed_0001_pdb2pqr_Repair_337_r2_0001,1,-2.7,0.0,0.0,4.398,2.858,90.8,96.0,4.928,3.935,70.2,55.1,4.297,5.416,IA196R
EPH_relaxed_0001_pdb2pqr_Repair_337_r2_0001,5,0.6,4.35,11.811,5.029,3.074,75.1,89.4,6.119,4.361,25.5,39.4,3.512,4.924,IA196R
EPH_relaxed_0001_pdb2pqr_Repair_337_r2_0001,8,2.0,3.878,12.299,5.555,3.831,160.8,161.9,6.752,5.058,90.9,88.1,3.005,6.186,IA196R
EPH_relaxed_0001_pdb2pqr_Repair_337_r2_0001,14,5.9,4.575,12.876,4.733,2.753,80.9,95.5,5.675,3.869,42.8,53.3,2.766,4.418,IA196R
EPH_relaxed_0001_pdb2pqr_Repair_338_r2_0001,4,-6.9,2.985,9.444,5.443,3.465,80.6,74.9,5.727,3.999,69.7,55.0,4.217,6.345,IA196S
EPH_relaxed_0001_pdb2pqr_Repair_338_r2_0001,6,-6.1,2.936,9.239,4.497,2.531,78.3,91.0,5.211,3.334,50.4,61.3,2.444,4.093,IA196S
EPH_relaxed_0001_pdb2pqr_Repair_338_r2_0001,12,-4.4,2.31,8.412,3.815,3.0,177.5,146.9,4.835,3.462,98.7,115.0,2.654,4.024,IA196S
EPH_relaxed_0001_pdb2pqr_Repair_338_r2_0001,15,-4.0,2.796,8.209,4.297,3.267,80.3,80.9,5.329,3.927,38.2,56.4,3.077,3.735,IA196S
EPH_relaxed_0001_pdb2pqr_Repair_338_r2_0001,18,1.7,8.988,14.197,4.386,2.847,91.0,95.9,4.929,3.931,70.0,54.7,4.299,5.423,IA196S
EPH_relaxed_0001_pdb2pqr_Repair_339_r2_0001,2,-7.3,2.89,8.335,5.444,3.434,61.3,56.9,5.877,4.06,42.6,30.3,4.34,6.107,IA196T
EPH_relaxed_0001_pdb2pqr_Repair_339_r2_0001,4,-6.3,2.604,8.145,4.553,2.585,80.1,92.5,5.273,3.387,52.0,62.6,2.376,4.133,IA196T
EPH_relaxed_0001_pdb2pqr_Repair_339_r2_0001,9,-4.4,1.808,7.822,3.603,2.918,98.9,89.9,4.738,3.412,54.7,71.2,2.727,3.056,IA196T
EPH_relaxed_0001_pdb2pqr_Repair_339_r2_0001,11,-3.4,2.506,8.289,3.378,2.622,142.6,137.3,4.003,2.771,105.5,126.3,2.391,2.819,IA196T
EPH_relaxed_0001_pdb2pqr_Repair_339_r2_0001,13,-2.8,9.123,13.87,4.369,2.825,89.9,94.9,4.909,3.908,69.0,53.9,4.282,5.376,IA196T
EPH_relaxed_0001_pdb2pqr_Repair_340_r2_0001,3,-6.8,2.897,9.427,5.406,3.435,61.0,56.8,5.833,4.074,42.7,29.5,4.327,6.083,IA196V
EPH_relaxed_0001_pdb2pqr_Repair_340_r2_0001,5,-5.6,2.846,9.171,4.484,2.541,79.7,93.9,5.214,3.381,51.3,62.5,2.409,4.092,IA196V
EPH_relaxed_0001_pdb2pqr_Repair_340_r2_0001,11,-2.4,8.74,13.884,4.319,2.836,88.6,92.5,4.872,3.93,67.3,51.3,4.275,5.292,IA196V
EPH_relaxed_0001_pdb2pqr_Repair_340_r2_0001,12,-2.3,2.419,9.306,3.355,2.667,143.4,136.4,3.952,2.785,107.2,127.6,2.403,2.865,IA196V
EPH_relaxed_0001_pdb2pqr_Repair_340_r2_0001,15,-1.5,4.318,9.266,4.735,2.788,80.1,96.1,5.742,3.995,38.7,50.2,2.832,4.445,IA196V
EPH_relaxed_0001_pdb2pqr_Repair_340_r2_0001,17,-1.2,3.15,9.485,4.38,3.329,83.4,55.8,4.486,3.374,79.3,54.2,3.062,4.699,IA196V
EPH_relaxed_0001_pdb2pqr_Repair_341_r2_0001,1,-2.6,0.0,0.0,4.391,2.889,89.1,93.2,4.93,3.965,68.4,52.7,4.266,5.354,IA196W
EPH_relaxed_0001_pdb2pqr_Repair_341_r2_0001,8,0.9,4.371,11.868,4.98,3.092,81.3,97.1,6.124,4.403,32.3,46.3,3.24,4.804,IA196W
EPH_relaxed_0001_pdb2pqr_Repair_341_r2_0001,11,2.4,3.852,12.297,5.619,3.942,160.9,161.3,6.82,5.17,90.8,88.1,3.052,6.264,IA196W
EPH_relaxed_0001_pdb2pqr_Repair_341_r2_0001,15,4.6,3.788,11.695,5.509,3.95,147.9,139.0,6.896,5.28,78.8,75.7,3.086,6.118,IA196W
EPH_relaxed_0001_pdb2pqr_Repair_341_r2_0001,17,6.6,4.531,12.899,4.768,2.825,80.6,96.4,5.745,3.994,40.7,51.9,2.796,4.47,IA196W
EPH_relaxed_0001_pdb2pqr_Repair_342_r2_0001,4,-3.7,2.32,8.259,4.513,2.546,82.0,97.8,5.285,3.51,51.9,61.3,2.603,4.231,IA196Y
EPH_relaxed_0001_pdb2pqr_Repair_342_r2_0001,5,-3.5,2.386,8.099,5.204,3.455,138.0,126.7,5.178,3.388,139.8,130.9,2.715,6.064,IA196Y
EPH_relaxed_0001_pdb2pqr_Repair_342_r2_0001,8,-2.1,2.396,8.447,4.586,3.546,99.8,72.2,4.835,3.586,89.5,70.7,2.818,4.918,IA196Y
EPH_relaxed_0001_pdb2pqr_Repair_342_r2_0001,9,-1.9,8.222,12.577,4.382,2.858,89.8,94.1,4.916,3.932,69.1,53.5,4.281,5.378,IA196Y
EPH_relaxed_0001_pdb2pqr_Repair_342_r2_0001,12,-1.0,3.673,7.897,4.698,2.754,82.2,98.4,5.706,3.953,41.3,52.6,2.776,4.415,IA196Y
EPH_relaxed_0001_pdb2pqr_Repair_342_r2_0001,20,0.4,4.145,8.046,4.844,3.106,72.5,68.7,5.778,4.174,31.9,23.2,4.391,5.718,IA196Y
EPH_relaxed_0001_pdb2pqr_Repair_134_r2_0001,4,-6.5,2.893,9.465,5.394,3.427,61.0,57.2,5.839,4.088,41.8,28.8,4.327,6.064,LA172A
EPH_relaxed_0001_pdb2pqr_Repair_134_r2_0001,6,-5.8,2.836,9.199,4.467,2.523,79.4,93.7,5.198,3.367,50.9,62.2,2.43,4.086,LA172A
EPH_relaxed_0001_pdb2pqr_Repair_134_r2_0001,12,-2.8,2.419,9.345,3.356,2.664,143.5,137.8,3.983,2.819,105.8,126.3,2.461,2.88,LA172A
EPH_relaxed_0001_pdb2pqr_Repair_134_r2_0001,13,-2.5,8.728,13.898,4.4,2.891,89.0,93.3,4.937,3.965,68.3,52.7,4.275,5.364,LA172A
EPH_relaxed_0001_pdb2pqr_Repair_134_r2_0001,16,-1.6,2.71,7.933,4.497,3.835,89.3,60.8,5.789,4.678,36.1,21.0,3.344,4.77,LA172A
EPH_relaxed_0001_pdb2pqr_Repair_134_r2_0001,18,-1.2,3.212,9.602,4.473,3.455,87.7,60.6,4.586,3.5,83.2,59.0,3.08,4.789,LA172A
EPH_relaxed_0001_pdb2pqr_Repair_135_r2_0001,4,-5.7,2.741,8.313,5.399,3.427,61.1,57.3,5.844,4.087,41.9,29.0,4.337,6.073,LA172C
EPH_relaxed_0001_pdb2pqr_Repair_135_r2_0001,5,-5.0,2.437,8.127,4.48,2.537,80.0,94.2,5.21,3.379,51.5,62.7,2.417,4.089,LA172C
EPH_relaxed_0001_pdb2pqr_Repair_135_r2_0001,12,-2.0,2.383,8.327,3.387,2.682,143.5,136.2,3.959,2.795,108.4,127.8,2.44,2.944,LA172C
EPH_relaxed_0001_pdb2pqr_Repair_135_r2_0001,13,-1.8,4.12,8.023,4.552,2.613,83.9,100.3,5.546,3.769,44.2,56.1,2.708,4.304,LA172C
EPH_relaxed_0001_pdb2pqr_Repair_135_r2_0001,14,-1.6,8.802,13.563,4.392,2.873,89.6,93.8,4.929,3.948,68.9,53.2,4.27,5.372,LA172C
EPH_relaxed_0001_pdb2pqr_Repair_135_r2_0001,15,-0.9,1.585,7.368,4.489,3.686,97.0,69.4,5.809,4.597,43.9,31.4,2.946,4.732,LA172C
EPH_relaxed_0001_pdb2pqr_Repair_135_r2_0001,17,-0.6,1.692,7.818,3.684,2.985,97.5,88.9,4.842,3.536,52.4,68.2,2.69,3.142,LA172C
EPH_relaxed_0001_pdb2pqr_Repair_136_r2_0001,1,-8.1,0.0,0.0,5.072,3.333,160.2,150.2,5.589,3.873,120.5,113.2,2.7,5.933,LA172D
EPH_relaxed_0001_pdb2pqr_Repair_136_r2_0001,6,-3.1,4.794,12.265,4.419,2.898,88.8,94.4,4.941,3.969,68.7,53.9,4.298,5.371,LA172D
EPH_relaxed_0001_pdb2pqr_Repair_136_r2_0001,7,-2.5,2.464,4.262,5.572,3.858,162.9,164.0,6.744,5.042,92.4,90.3,2.983,6.175,LA172D
EPH_relaxed_0001_pdb2pqr_Repair_136_r2_0001,15,0.1,1.802,2.55,5.189,3.272,77.8,92.7,6.308,4.585,27.9,41.4,3.591,5.043,LA172D
EPH_relaxed_0001_pdb2pqr_Repair_136_r2_0001,19,1.1,2.429,3.497,4.383,3.877,73.0,46.1,5.457,4.364,24.7,20.8,4.782,5.395,LA172D
EPH_relaxed_0001_pdb2pqr_Repair_137_r2_0001,4,-5.7,2.747,8.313,5.395,3.43,61.6,57.6,5.84,4.088,42.6,29.5,4.339,6.084,LA172E
EPH_relaxed_0001_pdb2pqr_Repair_137_r2_0001,5,-5.1,2.441,8.131,4.449,2.515,79.0,93.9,5.179,3.366,50.5,62.1,2.43,4.041,LA172E
EPH_relaxed_0001_pdb2pqr_Repair_137_r2_0001,11,-2.5,2.395,8.332,3.369,2.685,143.1,138.1,3.987,2.843,106.1,126.4,2.498,2.887,LA172E
EPH_relaxed_0001_pdb2pqr_Repair_137_r2_0001,13,-1.6,8.819,13.595,4.338,2.829,91.1,94.4,4.881,3.911,70.1,53.6,4.268,5.395,LA172E
EPH_relaxed_0001_pdb2pqr_Repair_137_r2_0001,16,-0.7,2.716,8.463,4.385,3.348,84.5,57.1,4.519,3.432,79.3,54.1,3.118,4.735,LA172E
EPH_relaxed_0001_pdb2pqr_Repair_137_r2_0001,17,-0.6,1.623,7.481,4.507,3.595,160.8,137.6,5.067,3.718,118.0,128.8,2.653,4.71,LA172E
EPH_relaxed_0001_pdb2pqr_Repair_137_r2_0001,19,-0.4,4.134,8.017,4.613,2.684,83.9,100.4,5.584,3.821,45.2,56.8,2.71,4.343,LA172E
EPH_relaxed_0001_pdb2pqr_Repair_138_r2_0001,4,-6.0,2.761,8.313,5.388,3.424,61.6,57.2,5.81,4.06,43.7,30.2,4.325,6.079,LA172F
EPH_relaxed_0001_pdb2pqr_Repair_138_r2_0001,5,-5.6,2.467,8.125,4.476,2.53,78.2,92.4,5.209,3.38,49.5,60.9,2.444,4.075,LA172F
EPH_relaxed_0001_pdb2pqr_Repair_138_r2_0001,12,-2.7,2.407,8.326,3.385,2.69,143.8,136.7,3.975,2.812,107.8,127.6,2.456,2.936,LA172F
EPH_relaxed_0001_pdb2pqr_Repair_138_r2_0001,14,-1.5,8.844,13.601,4.321,2.823,87.5,92.3,4.868,3.915,66.5,51.2,4.27,5.27,LA172F
EPH_relaxed_0001_pdb2pqr_Repair_138_r2_0001,16,-0.8,2.743,8.477,4.42,3.362,84.7,57.9,4.548,3.455,79.8,54.5,3.146,4.781,LA172F
EPH_relaxed_0001_pdb2pqr_Repair_138_r2_0001,18,-0.6,1.446,7.493,4.357,3.774,82.3,70.4,5.317,4.137,44.2,56.8,2.849,3.466,LA172F
EPH_relaxed_0001_pdb2pqr_Repair_139_r2_0001,1,-7.9,0.0,0.0,5.304,3.518,170.6,168.7,6.142,4.37,107.9,104.6,2.687,6.081,LA172G
EPH_relaxed_0001_pdb2pqr_Repair_139_r2_0001,4,-5.6,0.921,1.349,4.498,2.939,68.5,55.5,5.048,3.662,46.5,24.8,3.847,5.058,LA172G
EPH_relaxed_0001_pdb2pqr_Repair_139_r2_0001,5,-3.1,4.39,12.228,4.667,3.047,118.3,120.9,5.195,4.087,94.4,75.5,4.402,6.17,LA172G
EPH_relaxed_0001_pdb2pqr_Repair_139_r2_0001,6,-2.5,2.764,3.808,4.452,3.805,85.7,56.0,5.745,4.637,31.0,9.8,4.115,5.268,LA172G
EPH_relaxed_0001_pdb2pqr_Repair_139_r2_0001,10,-1.0,1.552,2.076,5.04,3.115,79.1,94.2,6.143,4.404,31.3,44.3,3.338,4.828,LA172G
EPH_relaxed_0001_pdb2pqr_Repair_140_r2_0001,1,-7.9,0.0,0.0,5.272,3.494,170.5,166.7,6.077,4.32,109.3,105.4,2.699,6.059,LA172H
EPH_relaxed_0001_pdb2pqr_Repair_140_r2_0001,5,-5.6,0.905,1.328,4.492,2.92,68.7,56.4,5.059,3.668,46.0,24.8,3.878,5.072,LA172H
EPH_relaxed_0001_pdb2pqr_Repair_140_r2_0001,8,-3.1,4.371,12.189,4.702,3.101,120.8,123.8,5.214,4.13,96.9,77.8,4.427,6.204,LA172H
EPH_relaxed_0001_pdb2pqr_Repair_140_r2_0001,9,-1.9,2.74,3.774,4.466,3.731,89.6,60.4,5.806,4.65,33.8,13.3,3.925,5.26,LA172H
EPH_relaxed_0001_pdb2pqr_Repair_140_r2_0001,14,0.0,1.596,2.185,5.433,3.432,74.5,84.7,6.555,4.729,20.7,32.1,4.237,5.813,LA172H
EPH_relaxed_0001_pdb2pqr_Repair_140_r2_0001,15,0.4,2.705,4.632,4.753,4.851,20.0,10.5,4.425,3.991,39.6,58.0,4.354,3.015,LA172H
EPH_relaxed_0001_pdb2pqr_Repair_140_r2_0001,20,2.4,1.577,2.852,4.002,2.934,158.8,168.5,5.204,3.782,88.5,103.6,2.735,3.913,LA172H
EPH_relaxed_0001_pdb2pqr_Repair_141_r2_0001,5,-6.6,2.866,9.428,5.399,3.43,61.3,57.4,5.839,4.085,42.4,29.3,4.335,6.077,LA172I
EPH_relaxed_0001_pdb2pqr_Repair_141_r2_0001,6,-6.0,2.833,9.167,4.52,2.58,80.5,94.7,5.238,3.407,52.5,63.6,2.372,4.111,LA172I
EPH_relaxed_0001_pdb2pqr_Repair_141_r2_0001,13,-3.4,2.415,9.316,3.383,2.7,143.4,136.0,3.962,2.803,108.1,128.3,2.462,2.918,LA172I
EPH_relaxed_0001_pdb2pqr_Repair_141_r2_0001,15,-2.5,2.739,8.172,4.041,3.029,107.4,83.5,5.478,4.102,49.5,42.9,2.615,4.46,LA172I
EPH_relaxed_0001_pdb2pqr_Repair_141_r2_0001,16,-2.4,8.746,13.892,4.404,2.91,86.7,90.3,4.952,3.982,65.7,50.0,4.226,5.299,LA172I
EPH_relaxed_0001_pdb2pqr_Repair_141_r2_0001,17,-2.4,4.371,9.183,4.557,2.63,84.2,100.8,5.54,3.771,45.0,57.0,2.703,4.295,LA172I
EPH_relaxed_0001_pdb2pqr_Repair_142_r2_0001,4,-5.9,2.92,9.527,5.26,3.488,172.2,165.0,6.073,4.31,109.1,105.2,2.7,6.065,LA172K
EPH_relaxed_0001_pdb2pqr_Repair_142_r2_0001,5,-5.3,2.847,9.183,4.528,2.561,79.5,92.1,5.251,3.37,51.3,62.0,2.409,4.122,LA172K
EPH_relaxed_0001_pdb2pqr_Repair_142_r2_0001,12,-2.2,2.424,9.345,3.397,2.637,143.3,137.6,4.014,2.792,106.2,126.2,2.454,2.901,LA172K
EPH_relaxed_0001_pdb2pqr_Repair_142_r2_0001,13,-2.1,2.762,8.2,3.988,2.973,107.8,83.6,5.429,4.048,49.7,43.0,2.631,4.41,LA172K
EPH_relaxed_0001_pdb2pqr_Repair_142_r2_0001,14,-1.8,8.7,13.882,4.413,2.893,90.8,95.2,4.938,3.961,70.4,54.7,4.301,5.429,LA172K
EPH_relaxed_0001_pdb2pqr_Repair_142_r2_0001,19,-0.4,3.158,9.532,4.434,3.298,83.9,57.1,4.565,3.382,78.8,54.1,3.151,4.788,LA172K
EPH_relaxed_0001_pdb2pqr_Repair_143_r2_0001,4,-5.5,2.9,9.535,5.222,3.441,171.4,171.0,6.171,4.404,103.0,99.9,2.697,6.016,LA172M
EPH_relaxed_0001_pdb2pqr_Repair_143_r2_0001,7,-4.8,2.837,9.339,5.252,3.267,70.1,62.4,5.595,3.801,56.6,42.0,4.276,6.146,LA172M
EPH_relaxed_0001_pdb2pqr_Repair_143_r2_0001,8,-4.7,2.967,9.256,5.24,3.453,141.6,131.5,5.296,3.482,137.2,129.3,2.702,6.079,LA172M
EPH_relaxed_0001_pdb2pqr_Repair_143_r2_0001,12,-2.5,8.571,13.703,4.357,2.847,87.5,93.8,4.893,3.937,67.0,52.6,4.287,5.284,LA172M
EPH_relaxed_0001_pdb2pqr_Repair_143_r2_0001,14,-1.8,1.95,8.544,3.725,3.12,102.8,85.3,4.843,3.562,58.7,68.8,2.454,3.196,LA172M
EPH_relaxed_0001_pdb2pqr_Repair_143_r2_0001,16,-0.8,3.306,9.64,4.359,3.123,143.9,160.0,5.789,4.315,74.6,87.9,2.719,4.162,LA172M
EPH_relaxed_0001_pdb2pqr_Repair_143_r2_0001,17,-0.7,2.41,9.391,3.437,2.683,147.1,140.2,4.093,2.895,106.4,124.6,2.542,3.01,LA172M
EPH_relaxed_0001_pdb2pqr_Repair_143_r2_0001,18,-0.5,4.188,9.214,4.708,2.73,83.1,98.0,5.689,3.881,43.7,54.2,2.76,4.432,LA172M
EPH_relaxed_0001_pdb2pqr_Repair_144_r2_0001,4,-6.5,2.892,9.448,5.41,3.442,61.4,57.6,5.851,4.099,42.5,29.5,4.342,6.088,LA172N
EPH_relaxed_0001_pdb2pqr_Repair_144_r2_0001,5,-5.8,2.855,9.196,4.458,2.517,79.2,93.9,5.184,3.37,50.8,62.1,2.44,4.051,LA172N
EPH_relaxed_0001_pdb2pqr_Repair_144_r2_0001,11,-3.2,2.437,9.342,3.395,2.698,142.3,137.0,3.984,2.828,107.0,127.4,2.487,2.904,LA172N
EPH_relaxed_0001_pdb2pqr_Repair_144_r2_0001,13,-2.5,2.747,8.301,3.716,2.709,110.8,91.5,5.15,3.734,52.9,53.3,2.426,3.978,LA172N
EPH_relaxed_0001_pdb2pqr_Repair_144_r2_0001,15,-2.4,8.721,13.892,4.389,2.868,90.6,94.6,4.936,3.949,69.4,53.7,4.266,5.388,LA172N
EPH_relaxed_0001_pdb2pqr_Repair_144_r2_0001,16,-1.8,1.99,8.535,3.594,2.96,99.5,88.7,4.761,3.486,53.9,69.0,2.693,3.091,LA172N
EPH_relaxed_0001_pdb2pqr_Repair_144_r2_0001,18,-1.3,3.161,9.523,3.713,2.996,171.7,146.7,4.623,3.484,102.8,113.6,2.579,3.522,LA172N
EPH_relaxed_0001_pdb2pqr_Repair_145_r2_0001,5,-6.6,2.932,9.518,5.227,3.455,171.7,164.8,6.03,4.272,109.5,105.3,2.692,6.042,LA172P
EPH_relaxed_0001_pdb2pqr_Repair_145_r2_0001,6,-6.1,2.844,9.174,4.533,2.563,79.7,92.1,5.257,3.371,51.4,62.1,2.409,4.138,LA172P
EPH_relaxed_0001_pdb2pqr_Repair_145_r2_0001,12,-2.7,8.794,13.892,4.691,3.055,124.0,125.9,5.217,4.084,98.8,79.1,4.387,6.27,LA172P
EPH_relaxed_0001_pdb2pqr_Repair_145_r2_0001,13,-2.6,2.43,9.34,3.42,2.673,143.7,136.7,4.014,2.8,107.5,127.4,2.442,2.915,LA172P
EPH_relaxed_0001_pdb2pqr_Repair_145_r2_0001,17,-1.0,3.165,9.538,4.44,3.343,85.6,58.6,4.559,3.403,81.0,56.4,3.086,4.749,LA172P
EPH_relaxed_0001_pdb2pqr_Repair_146_r2_0001,1,-7.9,0.0,0.0,5.276,3.505,170.9,167.3,6.098,4.341,108.6,105.0,2.691,6.059,LA172Q
EPH_relaxed_0001_pdb2pqr_Repair_146_r2_0001,6,-3.2,4.353,12.199,4.697,3.099,116.3,119.6,5.215,4.134,93.1,74.8,4.43,6.152,LA172Q
EPH_relaxed_0001_pdb2pqr_Repair_146_r2_0001,7,-2.8,2.096,3.506,4.207,3.358,83.4,80.1,5.229,3.898,42.7,60.1,3.048,3.602,LA172Q
EPH_relaxed_0001_pdb2pqr_Repair_146_r2_0001,14,0.2,1.578,2.187,5.795,3.877,99.5,99.8,6.428,4.807,74.3,63.3,4.753,6.923,LA172Q
EPH_relaxed_0001_pdb2pqr_Repair_146_r2_0001,15,0.5,2.411,4.148,4.459,4.255,51.0,41.6,4.808,3.89,35.2,56.5,5.42,5.047,LA172Q
EPH_relaxed_0001_pdb2pqr_Repair_147_r2_0001,5,-6.3,2.909,9.522,5.19,3.484,170.6,163.3,5.967,4.277,110.5,106.1,2.646,5.978,LA172R
EPH_relaxed_0001_pdb2pqr_Repair_147_r2_0001,6,-5.5,2.869,9.232,4.499,2.558,81.6,96.6,5.214,3.405,53.9,64.5,2.394,4.115,LA172R
EPH_relaxed_0001_pdb2pqr_Repair_147_r2_0001,13,-2.8,2.408,9.35,3.371,2.676,142.9,137.9,3.971,2.831,106.7,126.5,2.487,2.893,LA172R
EPH_relaxed_0001_pdb2pqr_Repair_147_r2_0001,14,-2.5,8.763,13.923,4.371,2.868,91.2,94.1,4.918,3.946,70.0,53.4,4.235,5.383,LA172R
EPH_relaxed_0001_pdb2pqr_Repair_147_r2_0001,15,-2.3,4.419,9.21,4.522,2.592,83.8,100.5,5.518,3.749,44.0,56.2,2.704,4.269,LA172R
EPH_relaxed_0001_pdb2pqr_Repair_147_r2_0001,17,-1.2,3.133,9.509,4.376,3.327,83.9,56.5,4.498,3.398,79.2,53.9,3.105,4.726,LA172R
EPH_relaxed_0001_pdb2pqr_Repair_148_r2_0001,4,-6.5,2.856,9.433,5.401,3.433,61.5,57.6,5.842,4.09,42.6,29.6,4.332,6.079,LA172S
EPH_relaxed_0001_pdb2pqr_Repair_148_r2_0001,9,-3.7,2.672,8.17,4.224,3.238,81.2,83.1,5.247,3.878,40.0,59.3,3.113,3.652,LA172S
EPH_relaxed_0001_pdb2pqr_Repair_148_r2_0001,11,-3.1,2.416,9.338,3.37,2.672,143.1,139.0,3.999,2.854,105.6,125.5,2.507,2.889,LA172S
EPH_relaxed_0001_pdb2pqr_Repair_148_r2_0001,12,-2.4,8.713,13.84,4.459,2.964,89.8,93.9,4.995,4.031,69.1,53.5,4.268,5.389,LA172S
EPH_relaxed_0001_pdb2pqr_Repair_148_r2_0001,15,-1.4,3.159,9.548,4.394,3.387,90.1,62.6,4.559,3.491,83.6,58.8,3.047,4.748,LA172S
EPH_relaxed_0001_pdb2pqr_Repair_149_r2_0001,5,-6.6,2.875,9.428,5.408,3.437,61.2,57.4,5.85,4.095,42.2,29.3,4.333,6.083,LA172T
EPH_relaxed_0001_pdb2pqr_Repair_149_r2_0001,6,-5.9,2.846,9.17,4.467,2.526,79.0,93.5,5.19,3.371,50.7,62.0,2.432,4.058,LA172T
EPH_relaxed_0001_pdb2pqr_Repair_149_r2_0001,12,-3.3,2.436,9.331,3.394,2.704,142.7,137.0,3.983,2.831,107.2,127.5,2.511,2.917,LA172T
EPH_relaxed_0001_pdb2pqr_Repair_149_r2_0001,13,-2.7,4.398,9.183,4.551,2.62,84.8,101.3,5.548,3.773,45.1,57.0,2.699,4.307,LA172T
EPH_relaxed_0001_pdb2pqr_Repair_149_r2_0001,14,-2.5,2.733,8.137,4.056,3.119,105.5,80.6,5.489,4.18,47.8,40.0,2.705,4.442,LA172T
EPH_relaxed_0001_pdb2pqr_Repair_149_r2_0001,16,-2.4,8.712,13.844,4.386,2.889,89.0,93.7,4.99,4.011,65.7,51.2,4.284,5.339,LA172T
EPH_relaxed_0001_pdb2pqr_Repair_150_r2_0001,4,-6.6,2.9,9.443,5.39,3.424,61.2,57.3,5.829,4.08,42.3,29.2,4.331,6.067,LA172V
EPH_relaxed_0001_pdb2pqr_Repair_150_r2_0001,7,-5.9,2.841,9.179,4.45,2.512,79.0,93.6,5.175,3.358,50.6,62.1,2.435,4.041,LA172V
EPH_relaxed_0001_pdb2pqr_Repair_150_r2_0001,12,-3.3,4.422,9.181,4.479,2.553,84.4,101.1,5.468,3.692,45.0,57.4,2.695,4.237,LA172V
EPH_relaxed_0001_pdb2pqr_Repair_150_r2_0001,13,-2.9,2.435,9.338,3.378,2.67,143.0,139.0,4.003,2.852,105.7,125.5,2.489,2.893,LA172V
EPH_relaxed_0001_pdb2pqr_Repair_150_r2_0001,16,-2.4,8.786,13.93,4.389,2.871,89.1,93.3,4.919,3.941,68.6,53.0,4.278,5.369,LA172V
EPH_relaxed_0001_pdb2pqr_Repair_151_r2_0001,1,-8.3,0.0,0.0,5.274,3.498,168.9,168.8,6.087,4.332,108.6,105.4,2.698,6.07,LA172W
EPH_relaxed_0001_pdb2pqr_Repair_151_r2_0001,6,-3.2,4.488,12.207,4.369,2.83,92.0,96.6,4.898,3.906,71.4,55.7,4.308,5.441,LA172W
EPH_relaxed_0001_pdb2pqr_Repair_151_r2_0001,8,-1.3,1.537,2.093,5.128,3.203,74.7,89.4,6.223,4.505,24.2,38.4,3.693,5.085,LA172W
EPH_relaxed_0001_pdb2pqr_Repair_151_r2_0001,15,2.0,1.716,2.924,4.382,3.471,127.8,100.7,4.668,3.664,112.4,92.5,2.724,4.665,LA172W
EPH_relaxed_0001_pdb2pqr_Repair_152_r2_0001,5,-6.0,2.855,8.323,5.24,3.472,170.9,164.4,6.025,4.272,110.2,106.0,2.667,6.015,LA172Y
EPH_relaxed_0001_pdb2pqr_Repair_152_r2_0001,11,-2.4,2.379,8.33,3.431,2.658,143.6,136.4,4.02,2.778,107.7,127.4,2.445,2.953,LA172Y
EPH_relaxed_0001_pdb2pqr_Repair_152_r2_0001,12,-1.7,8.802,13.521,4.72,3.102,119.4,121.5,5.254,4.136,95.0,76.1,4.415,6.215,LA172Y
EPH_relaxed_0001_pdb2pqr_Repair_152_r2_0001,16,-0.4,2.714,8.467,4.45,3.342,85.7,58.9,4.566,3.403,81.2,56.7,3.09,4.745,LA172Y
EPH_relaxed_0001_pdb2pqr_Repair_152_r2_0001,17,-0.1,1.687,8.066,3.175,2.86,155.3,126.8,3.856,2.706,108.3,137.7,2.823,2.935,LA172Y
EPH_relaxed_0001_pdb2pqr_Repair_286_r2_0001,3,-7.1,2.94,9.433,5.419,3.42,62.2,57.0,5.822,4.016,45.2,32.1,4.339,6.116,LA187A
EPH_relaxed_0001_pdb2pqr_Repair_286_r2_0001,6,-6.2,2.887,9.175,4.54,2.569,80.0,92.5,5.27,3.384,51.5,62.2,2.389,4.141,LA187A
EPH_relaxed_0001_pdb2pqr_Repair_286_r2_0001,13,-4.0,2.761,8.45,3.371,2.728,135.9,119.2,4.367,2.92,86.5,109.0,2.617,3.325,LA187A
EPH_relaxed_0001_pdb2pqr_Repair_286_r2_0001,15,-3.0,2.695,8.152,4.238,3.245,104.7,79.1,5.687,4.364,46.2,34.9,2.865,4.726,LA187A
EPH_relaxed_0001_pdb2pqr_Repair_286_r2_0001,16,-2.7,4.318,9.224,4.618,2.645,85.5,100.7,5.609,3.79,46.0,56.8,2.713,4.379,LA187A
EPH_relaxed_0001_pdb2pqr_Repair_286_r2_0001,17,-2.7,8.795,13.945,4.406,2.85,93.7,98.7,4.938,3.928,72.9,57.4,4.312,5.494,LA187A
EPH_relaxed_0001_pdb2pqr_Repair_287_r2_0001,3,-7.1,2.94,9.429,5.382,3.384,63.1,58.5,5.83,4.03,44.2,31.5,4.323,6.082,LA187C
EPH_relaxed_0001_pdb2pqr_Repair_287_r2_0001,7,-6.4,2.905,9.179,4.543,2.566,78.8,91.1,5.252,3.364,51.1,61.6,2.407,4.145,LA187C
EPH_relaxed_0001_pdb2pqr_Repair_287_r2_0001,14,-2.7,2.446,9.359,3.404,2.653,142.9,137.2,4.008,2.793,106.6,126.7,2.465,2.92,LA187C
EPH_relaxed_0001_pdb2pqr_Repair_287_r2_0001,15,-2.6,8.705,13.794,4.734,3.16,110.4,115.2,5.257,4.202,88.1,71.5,4.425,6.019,LA187C
EPH_relaxed_0001_pdb2pqr_Repair_287_r2_0001,17,-2.4,4.326,9.236,4.683,2.705,83.1,98.0,5.676,3.861,43.1,54.0,2.725,4.406,LA187C
EPH_relaxed_0001_pdb2pqr_Repair_287_r2_0001,18,-0.3,2.762,8.124,4.325,3.461,98.2,70.8,5.608,4.3,47.0,37.7,2.676,4.505,LA187C
EPH_relaxed_0001_pdb2pqr_Repair_288_r2_0001,1,-7.9,0.0,0.0,5.235,3.463,165.6,161.5,5.903,4.157,114.7,110.2,2.702,6.029,LA187D
EPH_relaxed_0001_pdb2pqr_Repair_288_r2_0001,4,-3.1,4.5,12.227,4.729,3.123,116.0,120.5,5.224,4.14,93.9,76.2,4.433,6.144,LA187D
EPH_relaxed_0001_pdb2pqr_Repair_288_r2_0001,5,-2.7,1.531,2.091,5.027,3.101,80.5,95.6,6.159,4.406,31.8,45.0,3.322,4.843,LA187D
EPH_relaxed_0001_pdb2pqr_Repair_288_r2_0001,6,-2.6,2.0,3.37,4.372,3.331,74.5,74.6,5.33,3.919,34.3,52.8,3.164,3.804,LA187D
EPH_relaxed_0001_pdb2pqr_Repair_288_r2_0001,11,-0.6,4.246,12.021,4.465,3.887,73.1,95.2,5.183,4.582,44.3,68.2,4.48,3.349,LA187D
EPH_relaxed_0001_pdb2pqr_Repair_288_r2_0001,15,1.5,2.308,4.115,4.638,4.268,40.4,25.8,4.351,3.355,52.8,65.1,5.045,4.887,LA187D
EPH_relaxed_0001_pdb2pqr_Repair_289_r2_0001,3,-4.9,2.889,9.428,5.285,3.501,169.6,173.1,6.231,4.467,102.9,100.1,2.693,6.034,LA187E
EPH_relaxed_0001_pdb2pqr_Repair_289_r2_0001,6,-2.6,8.66,13.728,4.381,2.84,91.1,96.1,4.921,3.924,70.2,55.0,4.294,5.411,LA187E
EPH_relaxed_0001_pdb2pqr_Repair_289_r2_0001,8,-0.4,8.319,13.271,4.698,3.983,77.7,97.2,5.384,4.586,50.7,73.5,4.124,3.435,LA187E
EPH_relaxed_0001_pdb2pqr_Repair_289_r2_0001,13,0.6,2.545,8.076,4.035,3.039,107.2,81.9,5.462,4.089,49.7,42.1,2.643,4.45,LA187E
EPH_relaxed_0001_pdb2pqr_Repair_289_r2_0001,14,1.5,4.23,9.871,5.795,3.842,87.0,97.6,7.069,5.258,31.8,40.8,4.964,6.621,LA187E
EPH_relaxed_0001_pdb2pqr_Repair_289_r2_0001,16,2.1,4.661,9.475,5.559,3.853,163.0,159.6,6.761,5.065,91.3,88.2,3.044,6.228,LA187E
EPH_relaxed_0001_pdb2pqr_Repair_290_r2_0001,3,-2.3,8.598,13.618,4.351,2.846,90.9,94.2,4.895,3.926,69.9,53.4,4.325,5.393,LA187F
EPH_relaxed_0001_pdb2pqr_Repair_290_r2_0001,4,-1.8,8.526,13.599,3.943,3.469,64.5,84.6,4.544,3.889,40.2,68.8,4.476,2.868,LA187F
EPH_relaxed_0001_pdb2pqr_Repair_290_r2_0001,9,0.8,2.937,9.55,5.294,3.539,164.6,163.1,5.958,4.244,114.7,110.1,2.689,6.128,LA187F
EPH_relaxed_0001_pdb2pqr_Repair_290_r2_0001,13,2.7,4.751,9.652,5.513,3.89,161.7,155.2,6.745,5.109,89.7,86.7,2.959,6.193,LA187F
EPH_relaxed_0001_pdb2pqr_Repair_290_r2_0001,15,3.7,3.176,9.86,4.825,3.86,143.0,116.9,5.675,4.42,97.5,91.6,2.755,5.029,LA187F
EPH_relaxed_0001_pdb2pqr_Repair_291_r2_0001,1,-8.2,0.0,0.0,5.214,3.5,163.5,158.1,5.817,4.142,117.4,111.7,2.701,6.006,LA187G
EPH_relaxed_0001_pdb2pqr_Repair_291_r2_0001,9,-4.5,1.52,2.213,4.816,2.926,80.8,97.1,5.897,4.175,35.5,49.2,3.089,4.58,LA187G
EPH_relaxed_0001_pdb2pqr_Repair_291_r2_0001,11,-2.9,4.576,12.229,4.408,2.929,87.7,90.4,4.948,3.992,66.9,50.4,4.245,5.331,LA187G
EPH_relaxed_0001_pdb2pqr_Repair_291_r2_0001,12,-2.8,2.234,4.818,4.706,3.93,70.8,74.5,5.277,4.05,48.0,70.0,3.735,3.897,LA187G
EPH_relaxed_0001_pdb2pqr_Repair_291_r2_0001,13,-2.7,1.957,3.304,4.192,3.164,85.6,86.6,5.258,3.833,43.2,61.7,2.969,3.675,LA187G
EPH_relaxed_0001_pdb2pqr_Repair_291_r2_0001,18,-0.7,2.043,3.211,3.802,3.51,135.7,116.3,4.018,3.011,121.9,153.0,3.188,3.485,LA187G
EPH_relaxed_0001_pdb2pqr_Repair_292_r2_0001,4,-2.6,8.639,13.706,4.387,2.86,90.3,95.1,4.918,3.936,69.8,54.4,4.293,5.4,LA187H
EPH_relaxed_0001_pdb2pqr_Repair_292_r2_0001,5,-2.3,2.969,9.531,5.251,3.494,170.0,168.3,6.3,4.564,98.6,95.2,2.779,6.03,LA187H
EPH_relaxed_0001_pdb2pqr_Repair_292_r2_0001,7,-1.5,8.555,13.653,3.934,3.427,64.2,85.5,4.53,3.877,40.1,68.6,4.294,2.838,LA187H
EPH_relaxed_0001_pdb2pqr_Repair_292_r2_0001,11,0.4,3.445,10.095,5.206,3.568,101.3,102.1,6.633,5.009,42.8,44.7,5.386,6.732,LA187H
EPH_relaxed_0001_pdb2pqr_Repair_292_r2_0001,16,2.2,4.664,9.511,5.602,3.904,159.6,156.7,6.856,5.156,88.3,85.8,3.031,6.222,LA187H
EPH_relaxed_0001_pdb2pqr_Repair_293_r2_0001,1,-7.2,0.0,0.0,5.292,3.508,171.5,167.4,6.121,4.358,108.3,104.4,2.693,6.109,LA187I
EPH_relaxed_0001_pdb2pqr_Repair_293_r2_0001,5,-5.2,0.921,1.35,4.486,2.939,68.1,55.5,5.047,3.677,45.5,23.9,3.896,5.028,LA187I
EPH_relaxed_0001_pdb2pqr_Repair_293_r2_0001,7,-3.2,4.436,12.175,4.387,2.854,90.2,95.6,4.914,3.931,69.9,54.7,4.334,5.404,LA187I
EPH_relaxed_0001_pdb2pqr_Repair_293_r2_0001,14,0.4,2.722,4.654,4.753,4.835,21.1,9.8,4.445,3.993,39.3,57.1,4.421,3.045,LA187I
EPH_relaxed_0001_pdb2pqr_Repair_293_r2_0001,15,0.6,1.597,2.253,5.596,3.608,82.5,91.9,6.807,4.975,28.9,37.0,4.831,6.438,LA187I
EPH_relaxed_0001_pdb2pqr_Repair_293_r2_0001,18,1.7,2.268,4.079,5.576,3.88,159.8,156.2,6.829,5.129,88.4,85.8,2.974,6.212,LA187I
EPH_relaxed_0001_pdb2pqr_Repair_294_r2_0001,4,-2.7,8.457,13.587,4.393,2.866,90.1,95.1,4.922,3.941,69.6,54.4,4.351,5.387,LA187K
EPH_relaxed_0001_pdb2pqr_Repair_294_r2_0001,8,0.4,2.392,9.201,4.404,2.442,88.6,103.8,5.181,3.342,58.5,68.3,2.526,4.139,LA187K
EPH_relaxed_0001_pdb2pqr_Repair_294_r2_0001,10,0.9,2.629,9.39,5.265,3.478,145.7,137.2,5.447,3.729,132.3,120.9,2.872,6.175,LA187K
EPH_relaxed_0001_pdb2pqr_Repair_294_r2_0001,12,2.2,4.632,9.466,5.509,3.779,162.2,162.5,6.694,4.99,91.7,88.8,2.884,6.17,LA187K
EPH_relaxed_0001_pdb2pqr_Repair_295_r2_0001,1,-8.4,0.0,0.0,5.24,3.477,165.1,158.3,5.871,4.138,116.4,110.8,2.702,6.079,LA187M
EPH_relaxed_0001_pdb2pqr_Repair_295_r2_0001,10,-3.2,4.553,12.203,4.382,2.864,90.3,95.4,4.918,3.947,69.6,54.3,4.336,5.388,LA187M
EPH_relaxed_0001_pdb2pqr_Repair_295_r2_0001,11,-1.9,2.653,3.743,4.609,3.819,94.0,65.6,5.993,4.831,37.0,17.0,4.043,5.504,LA187M
EPH_relaxed_0001_pdb2pqr_Repair_295_r2_0001,16,0.1,2.279,3.977,4.505,4.087,38.6,21.6,4.252,3.216,49.8,60.6,5.101,4.885,LA187M
EPH_relaxed_0001_pdb2pqr_Repair_295_r2_0001,17,0.3,1.408,1.953,5.257,3.33,74.9,89.3,6.367,4.65,23.0,37.1,3.954,5.289,LA187M
EPH_relaxed_0001_pdb2pqr_Repair_296_r2_0001,1,-7.7,0.0,0.0,5.227,3.504,165.4,160.5,5.88,4.194,115.3,110.1,2.699,6.025,LA187N
EPH_relaxed_0001_pdb2pqr_Repair_296_r2_0001,6,-2.9,4.512,12.205,4.399,2.901,86.0,90.7,4.945,3.979,65.1,50.1,4.242,5.27,LA187N
EPH_relaxed_0001_pdb2pqr_Repair_296_r2_0001,7,-2.1,1.573,2.197,5.254,3.317,84.9,95.6,6.509,4.725,30.5,40.0,4.59,6.107,LA187N
EPH_relaxed_0001_pdb2pqr_Repair_296_r2_0001,18,2.2,2.31,4.109,5.641,3.994,160.9,156.9,6.878,5.231,89.4,86.6,3.054,6.269,LA187N
EPH_relaxed_0001_pdb2pqr_Repair_297_r2_0001,7,-5.5,2.729,8.32,5.38,3.436,63.3,59.4,5.846,4.125,43.5,30.3,4.343,6.051,LA187P
EPH_relaxed_0001_pdb2pqr_Repair_297_r2_0001,9,-4.6,2.608,8.207,5.189,3.462,133.8,123.2,5.076,3.372,141.7,128.6,2.698,6.003,LA187P
EPH_relaxed_0001_pdb2pqr_Repair_297_r2_0001,13,-2.5,1.643,7.569,3.968,2.926,108.6,85.1,5.419,4.024,50.0,43.7,2.699,4.425,LA187P
EPH_relaxed_0001_pdb2pqr_Repair_297_r2_0001,14,-2.3,8.636,13.421,4.311,2.868,86.6,91.8,4.987,4.044,60.6,47.3,4.336,5.167,LA187P
EPH_relaxed_0001_pdb2pqr_Repair_297_r2_0001,15,-2.3,3.95,8.068,4.682,2.746,84.0,100.6,5.703,3.957,42.8,54.0,2.927,4.431,LA187P
EPH_relaxed_0001_pdb2pqr_Repair_297_r2_0001,18,-1.5,4.447,8.273,4.918,3.229,72.1,65.3,5.779,4.211,35.3,22.4,4.316,5.685,LA187P
EPH_relaxed_0001_pdb2pqr_Repair_297_r2_0001,20,-1.2,2.985,8.585,4.732,3.722,149.3,122.3,5.506,4.254,103.6,96.8,2.694,4.979,LA187P
EPH_relaxed_0001_pdb2pqr_Repair_298_r2_0001,3,-4.8,2.761,9.341,5.263,3.493,160.6,156.4,5.8,4.065,119.8,114.5,2.703,6.022,LA187Q
EPH_relaxed_0001_pdb2pqr_Repair_298_r2_0001,6,-2.7,8.644,13.69,4.389,2.852,90.4,95.3,4.924,3.93,69.7,54.4,4.293,5.4,LA187Q
EPH_relaxed_0001_pdb2pqr_Repair_298_r2_0001,7,-0.9,2.448,8.074,4.249,3.246,81.6,80.1,5.282,3.859,40.0,57.5,3.034,3.714,LA187Q
EPH_relaxed_0001_pdb2pqr_Repair_298_r2_0001,15,2.1,4.628,9.487,5.579,3.875,160.5,158.4,6.812,5.117,89.4,86.7,3.037,6.204,LA187Q
EPH_relaxed_0001_pdb2pqr_Repair_299_r2_0001,1,-2.7,0.0,0.0,4.327,2.82,82.6,88.2,4.861,3.899,62.3,47.9,4.315,5.157,LA187R
EPH_relaxed_0001_pdb2pqr_Repair_299_r2_0001,2,-2.2,0.761,1.147,4.164,3.551,67.4,87.6,4.731,3.969,44.9,71.7,4.336,2.891,LA187R
EPH_relaxed_0001_pdb2pqr_Repair_299_r2_0001,16,5.7,3.985,11.754,5.461,3.652,163.7,172.8,6.513,4.752,97.4,94.8,2.779,6.197,LA187R
EPH_relaxed_0001_pdb2pqr_Repair_300_r2_0001,1,-7.3,0.0,0.0,5.261,3.483,170.9,164.8,6.048,4.287,110.1,105.9,2.713,6.079,LA187S
EPH_relaxed_0001_pdb2pqr_Repair_300_r2_0001,6,-3.1,4.414,12.202,4.647,3.038,119.7,121.0,5.201,4.093,94.3,75.0,4.394,6.175,LA187S
EPH_relaxed_0001_pdb2pqr_Repair_300_r2_0001,10,-0.7,1.606,2.331,4.811,2.898,84.8,100.8,5.948,4.186,37.8,50.9,3.115,4.617,LA187S
EPH_relaxed_0001_pdb2pqr_Repair_300_r2_0001,14,0.7,1.506,2.356,5.013,3.305,74.9,55.5,5.177,3.262,68.6,57.1,3.901,5.94,LA187S
EPH_relaxed_0001_pdb2pqr_Repair_300_r2_0001,16,0.7,2.309,4.03,4.591,4.189,41.3,25.0,4.324,3.303,52.7,63.4,5.022,4.915,LA187S
EPH_relaxed_0001_pdb2pqr_Repair_300_r2_0001,18,1.3,2.339,4.126,5.589,3.911,159.0,154.5,6.856,5.162,87.6,85.2,3.097,6.23,LA187S
EPH_relaxed_0001_pdb2pqr_Repair_301_r2_0001,3,-7.2,2.94,9.436,5.419,3.421,62.3,57.3,5.823,4.021,45.3,32.2,4.349,6.119,LA187T
EPH_relaxed_0001_pdb2pqr_Repair_301_r2_0001,11,-4.2,2.71,8.203,4.326,3.264,76.2,76.9,5.309,3.884,35.4,54.0,3.152,3.791,LA187T
EPH_relaxed_0001_pdb2pqr_Repair_301_r2_0001,13,-2.9,2.453,9.357,3.407,2.626,143.1,140.1,4.059,2.843,104.5,124.1,2.472,2.896,LA187T
EPH_relaxed_0001_pdb2pqr_Repair_301_r2_0001,16,-2.5,4.376,9.213,4.615,2.649,85.5,100.7,5.597,3.779,46.4,57.3,2.705,4.365,LA187T
EPH_relaxed_0001_pdb2pqr_Repair_301_r2_0001,18,-2.0,1.985,8.527,3.605,3.004,101.2,86.5,4.777,3.515,55.3,67.5,2.618,3.099,LA187T
EPH_relaxed_0001_pdb2pqr_Repair_301_r2_0001,19,-1.1,2.723,8.399,3.483,2.797,144.0,123.8,4.493,3.035,90.0,110.5,2.574,3.559,LA187T
EPH_relaxed_0001_pdb2pqr_Repair_301_r2_0001,20,0.4,8.816,13.9,4.684,3.082,120.7,121.9,5.257,4.149,94.3,75.2,4.411,6.212,LA187T
EPH_relaxed_0001_pdb2pqr_Repair_302_r2_0001,4,-6.8,2.913,9.433,5.429,3.428,61.1,57.2,5.876,4.076,41.8,29.4,4.335,6.071,LA187V
EPH_relaxed_0001_pdb2pqr_Repair_302_r2_0001,6,-6.1,2.889,9.192,4.512,2.547,82.2,95.4,5.22,3.351,54.8,65.1,2.447,4.119,LA187V
EPH_relaxed_0001_pdb2pqr_Repair_302_r2_0001,12,-3.1,2.633,8.305,3.827,2.835,108.6,86.1,5.253,3.854,51.2,48.2,2.582,4.127,LA187V
EPH_relaxed_0001_pdb2pqr_Repair_302_r2_0001,13,-2.8,2.419,9.336,3.468,2.719,145.4,137.0,4.054,2.846,108.8,127.5,2.525,2.938,LA187V
EPH_relaxed_0001_pdb2pqr_Repair_302_r2_0001,14,-2.6,8.734,13.913,4.393,2.861,91.5,95.5,4.929,3.936,70.7,54.8,4.313,5.427,LA187V
EPH_relaxed_0001_pdb2pqr_Repair_302_r2_0001,17,-2.0,1.955,8.555,3.592,2.942,102.7,89.6,4.756,3.446,56.9,70.6,2.712,3.08,LA187V
EPH_relaxed_0001_pdb2pqr_Repair_302_r2_0001,18,-1.9,3.083,9.352,3.561,2.733,140.5,139.4,4.146,2.922,106.4,125.5,2.701,3.07,LA187V
EPH_relaxed_0001_pdb2pqr_Repair_302_r2_0001,19,-1.4,4.3,9.241,5.28,3.471,144.0,139.4,5.387,3.645,135.8,127.1,2.697,6.046,LA187V
EPH_relaxed_0001_pdb2pqr_Repair_303_r2_0001,1,-1.0,0.0,0.0,4.257,2.99,151.8,165.6,4.898,4.171,110.3,89.2,2.771,4.6,LA187W
EPH_relaxed_0001_pdb2pqr_Repair_303_r2_0001,11,4.3,1.333,2.025,4.656,2.976,146.0,168.1,4.998,3.828,122.6,103.3,2.512,5.247,LA187W
EPH_relaxed_0001_pdb2pqr_Repair_303_r2_0001,18,8.0,0.734,1.141,4.38,2.846,90.5,95.4,4.913,3.924,69.9,54.5,4.334,5.397,LA187W
EPH_relaxed_0001_pdb2pqr_Repair_304_r2_0001,2,-2.2,8.28,13.355,4.383,2.849,90.4,95.2,4.919,3.928,69.7,54.3,4.286,5.403,LA187Y
EPH_relaxed_0001_pdb2pqr_Repair_304_r2_0001,9,1.8,3.026,9.733,5.357,3.654,161.4,156.3,6.593,4.89,89.4,86.0,2.94,6.088,LA187Y
EPH_relaxed_0001_pdb2pqr_Repair_304_r2_0001,12,2.5,4.6,9.549,5.599,3.885,162.5,159.1,6.81,5.104,90.8,87.8,3.062,6.277,LA187Y
EPH_relaxed_0001_pdb2pqr_Repair_343_r2_0001,1,-7.2,0.0,0.0,5.228,3.267,71.6,67.3,5.316,3.688,68.3,51.8,4.305,6.063,LA261A
EPH_relaxed_0001_pdb2pqr_Repair_343_r2_0001,12,-2.7,1.6,2.366,4.098,3.347,34.0,66.2,3.892,3.754,43.6,51.2,4.281,2.801,LA261A
EPH_relaxed_0001_pdb2pqr_Repair_343_r2_0001,20,-1.1,2.274,4.003,5.498,3.588,59.7,59.2,5.344,3.845,65.8,49.4,4.43,5.993,LA261A
EPH_relaxed_0001_pdb2pqr_Repair_344_r2_0001,1,-7.2,0.0,0.0,4.821,3.071,146.0,144.1,4.998,3.433,132.5,118.9,2.707,5.621,LA261C
EPH_relaxed_0001_pdb2pqr_Repair_344_r2_0001,12,-2.5,1.631,2.315,4.064,3.384,34.4,67.1,3.886,3.796,42.7,51.8,4.366,2.764,LA261C
EPH_relaxed_0001_pdb2pqr_Repair_344_r2_0001,18,-1.2,2.314,4.076,5.437,3.535,61.7,61.2,5.335,3.847,65.7,49.4,4.476,6.003,LA261C
EPH_relaxed_0001_pdb2pqr_Repair_345_r2_0001,1,-8.0,0.0,0.0,5.282,3.553,169.4,169.0,6.109,4.41,108.1,104.4,2.704,6.041,LA261D
EPH_relaxed_0001_pdb2pqr_Repair_345_r2_0001,6,-3.2,2.113,3.405,4.395,3.334,86.3,84.7,5.54,4.119,39.9,55.3,2.837,3.872,LA261D
EPH_relaxed_0001_pdb2pqr_Repair_345_r2_0001,7,-2.8,4.458,12.213,5.422,3.75,99.9,116.2,5.385,4.205,101.4,95.3,2.806,5.012,LA261D
EPH_relaxed_0001_pdb2pqr_Repair_345_r2_0001,11,-1.5,1.519,2.791,4.414,3.313,144.4,152.2,5.841,4.463,75.0,87.5,2.726,4.193,LA261D
EPH_relaxed_0001_pdb2pqr_Repair_345_r2_0001,14,-0.8,2.053,2.951,3.923,3.329,37.5,71.6,3.871,3.844,39.9,52.6,4.549,2.809,LA261D
EPH_relaxed_0001_pdb2pqr_Repair_345_r2_0001,15,-0.4,1.611,2.215,5.221,3.378,79.6,95.9,6.377,4.732,28.4,42.7,3.792,5.187,LA261D
EPH_relaxed_0001_pdb2pqr_Repair_346_r2_0001,1,-7.0,0.0,0.0,5.156,3.398,168.0,158.3,5.849,4.108,114.0,108.3,2.702,6.012,LA261E
EPH_relaxed_0001_pdb2pqr_Repair_346_r2_0001,6,-2.7,4.557,12.214,4.305,2.793,93.2,100.9,4.656,3.779,79.4,62.8,4.386,5.391,LA261E
EPH_relaxed_0001_pdb2pqr_Repair_346_r2_0001,11,0.4,2.622,4.662,4.766,4.873,18.2,13.7,4.35,3.937,42.6,61.9,4.394,2.974,LA261E
EPH_relaxed_0001_pdb2pqr_Repair_346_r2_0001,12,0.4,1.571,2.173,5.154,3.195,73.7,87.0,6.253,4.49,21.8,36.0,3.765,5.175,LA261E
EPH_relaxed_0001_pdb2pqr_Repair_347_r2_0001,1,-4.7,0.0,0.0,4.831,3.201,70.2,66.0,5.409,4.081,46.9,30.1,4.22,5.424,LA261F
EPH_relaxed_0001_pdb2pqr_Repair_347_r2_0001,8,-1.4,1.629,2.551,3.297,2.647,149.8,132.1,3.862,2.692,111.7,128.7,2.058,2.774,LA261F
EPH_relaxed_0001_pdb2pqr_Repair_347_r2_0001,15,0.1,4.548,12.179,4.327,3.575,72.3,99.8,4.593,3.972,62.2,83.6,3.826,2.513,LA261F
EPH_relaxed_0001_pdb2pqr_Repair_347_r2_0001,19,1.6,2.347,4.623,4.803,4.682,117.3,91.7,4.284,3.674,153.6,146.5,3.428,4.152,LA261F
EPH_relaxed_0001_pdb2pqr_Repair_348_r2_0001,2,-8.3,1.997,3.272,5.227,3.271,73.2,68.7,5.324,3.7,69.4,52.9,4.306,6.094,LA261G
EPH_relaxed_0001_pdb2pqr_Repair_348_r2_0001,13,-3.6,1.773,2.932,4.09,3.357,34.4,66.8,3.892,3.767,43.6,51.6,4.275,2.793,LA261G
EPH_relaxed_0001_pdb2pqr_Repair_348_r2_0001,19,-2.2,2.598,5.216,5.515,3.594,60.5,59.4,5.336,3.815,67.6,51.0,4.424,6.049,LA261G
EPH_relaxed_0001_pdb2pqr_Repair_349_r2_0001,1,-5.4,0.0,0.0,5.197,3.351,75.4,69.9,5.806,4.191,51.1,36.7,4.253,6.002,LA261H
EPH_relaxed_0001_pdb2pqr_Repair_349_r2_0001,8,-1.9,4.47,12.257,4.619,3.314,41.6,67.4,4.464,3.715,48.5,52.7,3.152,2.866,LA261H
EPH_relaxed_0001_pdb2pqr_Repair_349_r2_0001,10,-0.7,1.507,2.335,3.913,2.381,90.8,99.8,4.758,2.945,58.3,77.4,2.558,3.571,LA261H
EPH_relaxed_0001_pdb2pqr_Repair_349_r2_0001,15,1.9,1.539,2.848,3.419,2.783,136.6,128.5,3.886,2.692,109.3,134.8,2.378,2.701,LA261H
EPH_relaxed_0001_pdb2pqr_Repair_349_r2_0001,16,1.9,1.445,1.921,5.268,3.409,67.2,64.8,5.782,4.2,46.0,32.4,4.409,5.958,LA261H
EPH_relaxed_0001_pdb2pqr_Repair_350_r2_0001,1,-7.9,0.0,0.0,5.227,3.501,171.5,166.4,6.054,4.354,108.4,104.1,2.695,6.034,LA261I
EPH_relaxed_0001_pdb2pqr_Repair_350_r2_0001,6,-2.7,4.43,12.167,4.271,2.818,81.1,84.3,4.74,3.845,63.2,46.2,4.262,5.134,LA261I
EPH_relaxed_0001_pdb2pqr_Repair_350_r2_0001,9,-1.9,2.831,3.845,4.607,3.9,89.7,61.3,5.939,4.826,34.2,13.8,4.2,5.494,LA261I
EPH_relaxed_0001_pdb2pqr_Repair_350_r2_0001,13,-0.2,1.586,2.17,5.243,3.325,72.1,86.4,6.314,4.616,20.3,35.1,3.848,5.266,LA261I
EPH_relaxed_0001_pdb2pqr_Repair_350_r2_0001,16,0.8,2.165,4.243,4.336,3.816,149.3,119.0,4.836,3.708,116.0,125.0,2.758,4.242,LA261I
EPH_relaxed_0001_pdb2pqr_Repair_350_r2_0001,17,1.2,1.591,2.866,4.042,3.274,167.6,147.5,5.198,4.03,92.5,101.9,2.584,3.773,LA261I
EPH_relaxed_0001_pdb2pqr_Repair_350_r2_0001,18,1.6,1.617,2.78,3.388,2.761,136.5,132.4,3.934,2.78,105.6,130.8,2.534,2.723,LA261I
EPH_relaxed_0001_pdb2pqr_Repair_351_r2_0001,1,-2.0,0.0,0.0,4.684,3.108,71.6,67.8,5.377,4.081,43.4,27.8,4.252,5.322,LA261K
EPH_relaxed_0001_pdb2pqr_Repair_351_r2_0001,8,-0.7,4.566,12.171,3.949,3.447,64.8,94.6,4.21,3.814,54.8,80.1,4.281,2.273,LA261K
EPH_relaxed_0001_pdb2pqr_Repair_351_r2_0001,10,-0.3,1.72,2.731,3.274,2.753,152.1,127.2,3.822,2.663,113.6,133.3,2.074,2.708,LA261K
EPH_relaxed_0001_pdb2pqr_Repair_351_r2_0001,14,2.2,2.27,4.709,5.038,4.925,101.3,78.4,4.065,3.58,179.0,146.7,3.516,4.165,LA261K
EPH_relaxed_0001_pdb2pqr_Repair_352_r2_0001,1,-5.1,0.0,0.0,5.226,3.371,73.4,67.9,5.795,4.174,50.6,36.0,4.368,5.978,LA261M
EPH_relaxed_0001_pdb2pqr_Repair_352_r2_0001,5,-2.2,4.195,12.188,4.259,3.625,68.6,95.5,4.548,3.993,57.5,80.9,4.365,2.412,LA261M
EPH_relaxed_0001_pdb2pqr_Repair_352_r2_0001,6,-1.9,1.692,2.605,3.386,2.704,153.7,133.5,3.992,2.788,111.6,127.4,2.309,2.837,LA261M
EPH_relaxed_0001_pdb2pqr_Repair_352_r2_0001,14,1.8,2.318,4.637,4.828,4.671,116.6,91.9,4.258,3.624,158.5,151.3,3.58,4.129,LA261M
EPH_relaxed_0001_pdb2pqr_Repair_353_r2_0001,1,-8.3,0.0,0.0,5.332,3.542,168.4,171.5,6.177,4.415,107.2,104.1,2.697,6.071,LA261N
EPH_relaxed_0001_pdb2pqr_Repair_353_r2_0001,3,-6.0,0.9,1.335,4.538,2.954,68.2,56.4,5.075,3.686,46.6,25.5,3.88,5.097,LA261N
EPH_relaxed_0001_pdb2pqr_Repair_353_r2_0001,7,-3.4,4.319,12.161,4.9,3.285,111.4,112.5,5.619,4.426,81.3,65.8,4.409,6.229,LA261N
EPH_relaxed_0001_pdb2pqr_Repair_353_r2_0001,8,-3.2,2.781,3.822,4.778,3.959,92.8,65.6,6.146,4.963,36.1,16.9,4.146,5.662,LA261N
EPH_relaxed_0001_pdb2pqr_Repair_353_r2_0001,14,-1.5,1.534,2.817,4.411,3.235,146.0,156.7,5.828,4.394,76.0,88.5,2.699,4.171,LA261N
EPH_relaxed_0001_pdb2pqr_Repair_353_r2_0001,16,-0.6,2.079,2.975,3.947,3.322,37.1,70.9,3.898,3.874,39.4,50.4,4.543,2.83,LA261N
EPH_relaxed_0001_pdb2pqr_Repair_353_r2_0001,18,-0.4,1.588,2.169,5.269,3.354,76.8,91.2,6.399,4.676,25.2,39.1,3.847,5.265,LA261N
EPH_relaxed_0001_pdb2pqr_Repair_353_r2_0001,20,0.5,2.489,4.092,4.385,4.182,53.2,42.2,4.86,3.952,31.4,51.9,5.485,5.139,LA261N
EPH_relaxed_0001_pdb2pqr_Repair_354_r2_0001,1,-7.5,0.0,0.0,5.218,3.261,69.9,66.2,5.344,3.725,65.0,49.0,4.31,5.989,LA261P
EPH_relaxed_0001_pdb2pqr_Repair_354_r2_0001,10,-2.9,1.594,2.351,4.152,3.36,32.4,64.0,3.904,3.725,44.1,50.4,4.41,2.775,LA261P
EPH_relaxed_0001_pdb2pqr_Repair_354_r2_0001,12,-1.9,4.567,12.294,5.782,3.997,137.0,145.6,6.318,4.915,108.1,95.1,2.975,6.312,LA261P
EPH_relaxed_0001_pdb2pqr_Repair_354_r2_0001,15,-1.7,1.527,3.076,5.085,3.839,149.8,129.4,6.156,4.649,91.8,90.4,2.706,5.346,LA261P
EPH_relaxed_0001_pdb2pqr_Repair_355_r2_0001,1,-6.4,0.0,0.0,4.716,2.785,79.1,94.4,5.705,3.931,38.3,51.1,3.021,4.434,LA261Q
EPH_relaxed_0001_pdb2pqr_Repair_355_r2_0001,5,-3.6,1.715,2.799,5.156,3.707,86.1,68.8,5.415,3.526,76.0,75.4,4.084,6.105,LA261Q
EPH_relaxed_0001_pdb2pqr_Repair_355_r2_0001,8,-2.4,4.533,12.236,4.846,3.466,44.5,66.8,4.534,3.75,57.5,56.3,2.851,2.969,LA261Q
EPH_relaxed_0001_pdb2pqr_Repair_355_r2_0001,13,-0.7,2.202,4.56,4.596,4.284,137.3,109.1,4.718,3.854,129.0,132.6,3.223,4.279,LA261Q
EPH_relaxed_0001_pdb2pqr_Repair_355_r2_0001,15,0.5,2.589,4.016,4.247,3.552,109.8,90.8,4.389,3.999,103.2,73.6,4.763,5.633,LA261Q
EPH_relaxed_0001_pdb2pqr_Repair_355_r2_0001,20,2.4,1.878,3.936,3.474,3.279,145.3,119.4,3.944,2.891,114.5,147.4,3.062,3.117,LA261Q
EPH_relaxed_0001_pdb2pqr_Repair_356_r2_0001,9,2.7,10.516,14.448,3.768,3.387,60.5,94.2,3.928,3.8,54.4,78.0,4.377,1.956,LA261R
EPH_relaxed_0001_pdb2pqr_Repair_357_r2_0001,1,-7.2,0.0,0.0,5.248,3.273,70.3,66.5,5.346,3.701,66.6,50.7,4.329,6.078,LA261S
EPH_relaxed_0001_pdb2pqr_Repair_357_r2_0001,13,-2.6,1.6,2.375,4.084,3.341,34.2,66.5,3.888,3.758,43.3,51.1,4.291,2.799,LA261S
EPH_relaxed_0001_pdb2pqr_Repair_357_r2_0001,20,-1.0,2.286,4.012,5.47,3.562,60.5,60.3,5.355,3.861,65.1,48.9,4.441,5.99,LA261S
EPH_relaxed_0001_pdb2pqr_Repair_358_r2_0001,1,-7.3,0.0,0.0,5.171,3.218,71.0,67.3,5.345,3.729,64.2,48.3,4.316,5.968,LA261T
EPH_relaxed_0001_pdb2pqr_Repair_358_r2_0001,2,-6.5,1.115,1.464,5.308,3.516,169.5,168.5,6.111,4.358,109.2,105.0,2.695,6.144,LA261T
EPH_relaxed_0001_pdb2pqr_Repair_358_r2_0001,12,-2.7,1.559,2.333,4.07,3.334,33.5,66.1,3.868,3.743,42.9,50.9,4.578,2.722,LA261T
EPH_relaxed_0001_pdb2pqr_Repair_358_r2_0001,14,-2.0,1.531,3.108,5.187,3.919,148.3,127.2,6.204,4.696,93.4,90.4,2.774,5.515,LA261T
EPH_relaxed_0001_pdb2pqr_Repair_358_r2_0001,17,-1.4,2.29,4.032,5.422,3.519,58.3,60.0,5.439,3.957,57.6,43.0,4.506,5.862,LA261T
EPH_relaxed_0001_pdb2pqr_Repair_359_r2_0001,1,-8.2,0.0,0.0,5.322,3.533,169.2,170.4,6.157,4.399,107.7,104.2,2.698,6.122,LA261V
EPH_relaxed_0001_pdb2pqr_Repair_359_r2_0001,7,-3.4,4.427,12.177,4.942,3.226,125.1,126.7,5.584,4.304,94.9,77.9,4.513,6.612,LA261V
EPH_relaxed_0001_pdb2pqr_Repair_359_r2_0001,9,-3.3,2.031,2.938,4.001,3.36,35.0,68.4,3.87,3.803,41.2,52.0,4.608,2.74,LA261V
EPH_relaxed_0001_pdb2pqr_Repair_359_r2_0001,12,-3.1,1.468,2.795,5.129,3.87,147.6,126.0,6.135,4.627,93.5,90.4,2.717,5.467,LA261V
EPH_relaxed_0001_pdb2pqr_Repair_360_r2_0001,6,0.9,3.686,7.5,2.794,3.298,138.7,145.6,2.954,3.998,126.8,103.5,2.862,3.073,LA261W
EPH_relaxed_0001_pdb2pqr_Repair_360_r2_0001,11,1.5,10.169,14.094,3.336,3.605,90.6,57.0,3.766,3.79,74.1,49.9,4.124,2.189,LA261W
EPH_relaxed_0001_pdb2pqr_Repair_360_r2_0001,15,4.8,3.561,7.976,2.877,3.258,131.8,162.9,2.931,3.97,128.0,109.3,2.482,3.108,LA261W
EPH_relaxed_0001_pdb2pqr_Repair_361_r2_0001,15,1.7,9.343,14.452,3.337,3.824,88.8,58.5,3.671,4.067,76.0,49.0,4.281,2.32,LA261Y
EPH_relaxed_0001_pdb2pqr_Repair_361_r2_0001,18,1.8,2.97,9.262,2.44,3.285,83.6,62.5,3.012,4.053,63.2,30.9,3.994,2.679,LA261Y
EPH_relaxed_0001_pdb2pqr_Repair_96_r2_0001,5,-4.3,4.494,12.172,4.557,3.101,100.2,106.4,5.176,4.242,75.5,61.2,4.432,5.34,MA151A
EPH_relaxed_0001_pdb2pqr_Repair_96_r2_0001,19,1.0,1.688,3.436,5.053,3.677,97.0,76.5,5.331,3.533,85.8,81.9,4.285,5.764,MA151A
EPH_relaxed_0001_pdb2pqr_Repair_97_r2_0001,1,-7.8,0.0,0.0,5.854,3.93,94.4,91.0,5.766,4.159,98.0,82.0,4.147,6.513,MA151C
EPH_relaxed_0001_pdb2pqr_Repair_97_r2_0001,9,-1.1,2.195,3.433,4.41,3.497,64.9,57.3,5.315,3.976,21.7,37.9,3.263,3.846,MA151C
EPH_relaxed_0001_pdb2pqr_Repair_97_r2_0001,13,-0.0,1.518,2.029,5.544,3.673,93.7,97.1,5.594,4.168,91.6,77.5,4.51,6.281,MA151C
EPH_relaxed_0001_pdb2pqr_Repair_97_r2_0001,15,0.2,4.421,11.987,4.308,2.95,96.4,104.8,5.124,4.245,64.6,54.0,4.429,5.271,MA151C
EPH_relaxed_0001_pdb2pqr_Repair_97_r2_0001,18,2.1,2.339,4.181,5.606,3.901,161.8,161.3,6.798,5.125,91.4,88.2,2.98,6.048,MA151C
EPH_relaxed_0001_pdb2pqr_Repair_98_r2_0001,2,-6.6,0.794,1.014,4.605,2.71,99.8,118.1,5.676,3.932,57.5,66.7,2.368,4.125,MA151D
EPH_relaxed_0001_pdb2pqr_Repair_98_r2_0001,4,-5.1,4.599,12.235,4.744,3.261,105.5,109.1,5.306,4.332,82.4,65.9,4.492,5.675,MA151D
EPH_relaxed_0001_pdb2pqr_Repair_98_r2_0001,13,0.3,1.58,2.172,5.177,3.238,68.9,81.8,6.181,4.443,19.4,34.0,3.038,4.463,MA151D
EPH_relaxed_0001_pdb2pqr_Repair_98_r2_0001,14,0.5,2.005,2.968,3.91,3.358,37.8,72.0,3.911,3.931,37.8,50.7,3.925,2.915,MA151D
EPH_relaxed_0001_pdb2pqr_Repair_98_r2_0001,17,0.7,1.686,3.425,4.995,3.683,94.0,73.1,5.303,3.54,81.8,78.4,4.174,5.737,MA151D
EPH_relaxed_0001_pdb2pqr_Repair_99_r2_0001,1,-7.8,0.0,0.0,5.269,3.549,169.4,163.9,6.024,4.329,111.4,107.0,2.696,6.063,MA151E
EPH_relaxed_0001_pdb2pqr_Repair_99_r2_0001,5,-5.6,0.921,1.331,4.448,2.974,69.7,56.8,5.0,3.718,47.8,25.3,3.825,5.035,MA151E
EPH_relaxed_0001_pdb2pqr_Repair_99_r2_0001,7,-3.2,4.466,12.189,4.312,2.838,81.3,85.5,4.814,3.888,62.2,46.4,4.235,5.155,MA151E
EPH_relaxed_0001_pdb2pqr_Repair_99_r2_0001,9,-1.8,2.744,3.802,4.561,3.807,90.4,61.9,5.909,4.751,34.2,14.4,3.86,5.294,MA151E
EPH_relaxed_0001_pdb2pqr_Repair_99_r2_0001,16,1.5,2.323,4.099,4.626,4.238,40.3,25.3,4.308,3.313,54.0,65.0,4.986,4.863,MA151E
EPH_relaxed_0001_pdb2pqr_Repair_99_r2_0001,19,2.2,2.307,4.107,5.628,3.955,159.8,160.3,6.839,5.201,90.1,87.2,2.991,6.233,MA151E
EPH_relaxed_0001_pdb2pqr_Repair_100_r2_0001,5,-5.0,4.547,12.289,4.74,3.165,115.9,118.8,5.144,4.109,97.4,77.8,4.669,6.558,MA151F
EPH_relaxed_0001_pdb2pqr_Repair_100_r2_0001,14,0.9,1.918,3.076,4.385,3.454,156.8,141.0,5.143,3.634,107.0,127.8,2.801,5.025,MA151F
EPH_relaxed_0001_pdb2pqr_Repair_100_r2_0001,16,1.1,1.574,3.032,3.763,2.814,153.6,162.7,5.044,3.58,83.5,105.8,3.241,4.854,MA151F
EPH_relaxed_0001_pdb2pqr_Repair_101_r2_0001,5,-4.5,4.551,12.15,4.34,2.883,89.3,96.1,4.926,4.017,66.7,52.9,4.273,5.025,MA151G
EPH_relaxed_0001_pdb2pqr_Repair_101_r2_0001,12,-0.2,1.392,1.999,4.745,2.901,78.1,59.8,4.958,3.092,69.9,53.0,4.134,5.135,MA151G
EPH_relaxed_0001_pdb2pqr_Repair_101_r2_0001,14,0.3,1.575,2.17,5.13,3.231,74.0,89.2,6.208,4.521,24.2,38.7,3.249,3.564,MA151G
EPH_relaxed_0001_pdb2pqr_Repair_102_r2_0001,1,-7.9,0.0,0.0,5.825,3.922,93.5,91.0,5.746,4.185,96.7,80.6,4.192,6.695,MA151H
EPH_relaxed_0001_pdb2pqr_Repair_102_r2_0001,6,-2.5,2.02,3.348,4.22,3.219,83.7,83.5,5.231,3.798,43.6,62.0,3.001,3.746,MA151H
EPH_relaxed_0001_pdb2pqr_Repair_102_r2_0001,10,-0.7,1.596,2.2,5.248,3.349,73.5,88.5,6.327,4.648,22.8,37.2,3.682,5.168,MA151H
EPH_relaxed_0001_pdb2pqr_Repair_102_r2_0001,12,-0.3,4.432,11.91,4.312,2.993,96.6,104.8,5.16,4.305,63.5,53.3,4.476,5.318,MA151H
EPH_relaxed_0001_pdb2pqr_Repair_102_r2_0001,15,1.4,2.176,3.915,4.537,4.119,41.0,25.7,4.293,3.227,51.5,63.8,4.979,4.831,MA151H
EPH_relaxed_0001_pdb2pqr_Repair_103_r2_0001,1,-8.0,0.0,0.0,5.28,3.539,166.7,157.5,5.939,4.23,115.5,109.2,2.711,6.023,MA151I
EPH_relaxed_0001_pdb2pqr_Repair_103_r2_0001,5,-5.5,0.882,1.269,4.521,2.973,70.2,55.9,5.036,3.654,49.9,27.6,3.809,5.045,MA151I
EPH_relaxed_0001_pdb2pqr_Repair_103_r2_0001,6,-4.1,4.417,12.036,4.264,2.888,92.5,100.1,5.072,4.172,61.2,50.5,4.371,5.192,MA151I
EPH_relaxed_0001_pdb2pqr_Repair_103_r2_0001,8,-3.4,1.478,2.138,5.271,3.323,63.5,50.7,5.112,3.274,69.6,52.6,4.069,5.977,MA151I
EPH_relaxed_0001_pdb2pqr_Repair_103_r2_0001,12,-0.6,1.588,2.186,5.181,3.264,75.7,90.5,6.279,4.567,25.7,39.5,3.662,5.004,MA151I
EPH_relaxed_0001_pdb2pqr_Repair_103_r2_0001,16,1.0,2.213,4.368,4.577,4.137,143.6,115.1,4.832,3.832,125.9,132.6,3.027,4.376,MA151I
EPH_relaxed_0001_pdb2pqr_Repair_103_r2_0001,19,1.9,2.313,4.119,5.622,3.936,160.6,157.2,6.861,5.178,89.2,86.4,3.039,6.185,MA151I
EPH_relaxed_0001_pdb2pqr_Repair_104_r2_0001,1,-7.4,0.0,0.0,4.842,3.221,132.7,127.2,4.693,3.275,143.3,123.8,3.107,5.607,MA151K
EPH_relaxed_0001_pdb2pqr_Repair_104_r2_0001,6,-2.9,1.138,1.247,4.068,2.583,136.8,151.6,4.62,3.129,106.2,112.1,1.684,4.0,MA151K
EPH_relaxed_0001_pdb2pqr_Repair_104_r2_0001,9,-0.9,2.056,3.268,4.186,3.362,164.9,143.2,4.904,3.621,111.0,124.6,2.754,4.364,MA151K
EPH_relaxed_0001_pdb2pqr_Repair_104_r2_0001,12,0.2,1.582,2.209,5.654,3.724,45.9,42.4,5.38,3.794,57.7,39.5,4.61,6.145,MA151K
EPH_relaxed_0001_pdb2pqr_Repair_104_r2_0001,13,0.9,2.087,4.11,4.313,3.784,151.0,120.5,4.86,3.73,114.4,123.4,2.727,4.244,MA151K
EPH_relaxed_0001_pdb2pqr_Repair_104_r2_0001,14,1.1,1.576,3.156,5.108,3.489,86.0,83.3,6.372,4.764,31.9,31.3,5.402,6.612,MA151K
EPH_relaxed_0001_pdb2pqr_Repair_104_r2_0001,15,1.3,1.464,2.663,3.445,2.82,136.3,130.9,3.932,2.787,108.3,133.0,2.568,2.802,MA151K
EPH_relaxed_0001_pdb2pqr_Repair_105_r2_0001,1,-8.1,0.0,0.0,5.254,3.516,160.2,150.5,5.772,4.089,120.6,112.0,2.747,6.03,MA151L
EPH_relaxed_0001_pdb2pqr_Repair_105_r2_0001,4,-6.1,0.879,1.25,4.552,3.106,69.7,52.8,4.965,3.661,53.6,29.6,3.751,4.896,MA151L
EPH_relaxed_0001_pdb2pqr_Repair_105_r2_0001,7,-4.5,4.46,12.071,4.26,2.876,91.4,98.8,5.04,4.142,61.3,50.1,4.458,5.16,MA151L
EPH_relaxed_0001_pdb2pqr_Repair_105_r2_0001,10,-1.9,2.63,3.668,4.445,3.702,92.5,63.0,5.815,4.672,36.1,15.3,4.087,5.323,MA151L
EPH_relaxed_0001_pdb2pqr_Repair_105_r2_0001,12,-1.1,1.586,2.217,5.286,3.381,73.8,88.5,6.371,4.683,22.7,36.9,3.84,5.054,MA151L
EPH_relaxed_0001_pdb2pqr_Repair_105_r2_0001,16,0.4,2.064,4.073,4.271,3.632,154.3,123.3,4.859,3.643,113.9,122.6,2.71,4.276,MA151L
EPH_relaxed_0001_pdb2pqr_Repair_106_r2_0001,3,-6.1,4.551,12.24,4.74,3.272,105.1,106.9,5.336,4.356,80.7,63.7,4.451,5.642,MA151N
EPH_relaxed_0001_pdb2pqr_Repair_106_r2_0001,16,0.8,1.586,3.363,5.073,3.723,94.0,72.9,5.341,3.582,83.3,78.2,4.066,5.734,MA151N
EPH_relaxed_0001_pdb2pqr_Repair_106_r2_0001,17,0.8,1.588,2.242,5.301,3.452,72.2,87.3,6.372,4.742,20.4,35.8,3.049,4.512,MA151N
EPH_relaxed_0001_pdb2pqr_Repair_107_r2_0001,3,-5.8,4.664,12.27,4.824,3.238,118.4,120.6,5.259,4.19,98.3,78.7,4.5,6.128,MA151P
EPH_relaxed_0001_pdb2pqr_Repair_107_r2_0001,11,-0.6,1.611,2.243,5.293,3.403,72.3,86.0,6.367,4.674,20.4,35.3,2.956,4.259,MA151P
EPH_relaxed_0001_pdb2pqr_Repair_107_r2_0001,14,1.6,2.404,4.121,4.416,4.236,51.4,41.6,4.834,3.951,32.0,53.4,4.884,5.067,MA151P
EPH_relaxed_0001_pdb2pqr_Repair_107_r2_0001,16,2.3,2.548,3.361,3.712,3.569,68.1,102.1,4.76,5.023,19.9,44.1,4.046,2.762,MA151P
EPH_relaxed_0001_pdb2pqr_Repair_108_r2_0001,1,-8.3,0.0,0.0,4.85,3.217,139.4,136.1,4.855,3.397,138.8,123.9,2.778,5.397,MA151Q
EPH_relaxed_0001_pdb2pqr_Repair_108_r2_0001,6,-2.7,1.519,2.357,4.114,2.464,89.4,96.4,4.982,3.09,55.8,72.3,2.546,3.696,MA151Q
EPH_relaxed_0001_pdb2pqr_Repair_108_r2_0001,7,-2.5,5.445,12.219,4.279,2.762,82.9,88.0,4.813,3.843,62.6,47.7,4.352,5.12,MA151Q
EPH_relaxed_0001_pdb2pqr_Repair_108_r2_0001,13,-0.8,1.591,2.241,5.259,3.543,155.0,149.0,6.581,4.847,84.0,80.8,2.953,6.035,MA151Q
EPH_relaxed_0001_pdb2pqr_Repair_108_r2_0001,16,-0.1,2.515,4.448,4.703,4.778,19.9,10.2,4.391,3.93,38.6,57.3,4.624,3.007,MA151Q
EPH_relaxed_0001_pdb2pqr_Repair_108_r2_0001,18,0.7,1.494,2.785,3.479,2.802,137.8,129.2,3.951,2.726,110.0,134.5,2.617,2.666,MA151Q
EPH_relaxed_0001_pdb2pqr_Repair_109_r2_0001,1,-7.4,0.0,0.0,4.584,2.603,108.8,123.7,5.374,3.513,76.4,81.8,2.699,4.891,MA151R
EPH_relaxed_0001_pdb2pqr_Repair_109_r2_0001,7,-2.1,2.609,3.652,4.511,3.846,86.4,57.2,5.814,4.701,31.3,10.4,4.043,5.271,MA151R
EPH_relaxed_0001_pdb2pqr_Repair_109_r2_0001,12,0.7,2.579,4.51,4.722,4.818,31.6,17.0,4.367,3.917,48.5,61.6,3.992,2.825,MA151R
EPH_relaxed_0001_pdb2pqr_Repair_109_r2_0001,15,1.3,1.521,2.074,4.612,2.703,110.6,127.2,5.541,3.711,72.5,80.3,2.992,4.949,MA151R
EPH_relaxed_0001_pdb2pqr_Repair_109_r2_0001,19,2.8,1.507,2.891,3.603,2.723,156.8,140.9,4.52,2.973,99.0,122.8,3.198,4.012,MA151R
EPH_relaxed_0001_pdb2pqr_Repair_110_r2_0001,3,-5.3,4.483,12.199,4.638,3.163,101.7,105.4,5.272,4.291,76.3,60.8,4.39,5.526,MA151S
EPH_relaxed_0001_pdb2pqr_Repair_110_r2_0001,13,1.0,1.603,2.251,5.292,3.427,73.4,87.5,6.395,4.733,20.3,35.3,3.063,4.557,MA151S
EPH_relaxed_0001_pdb2pqr_Repair_110_r2_0001,15,1.7,1.498,2.932,4.428,2.545,93.7,111.8,5.792,4.007,37.9,53.3,2.928,4.293,MA151S
EPH_relaxed_0001_pdb2pqr_Repair_110_r2_0001,16,1.7,1.517,3.303,5.237,3.722,94.7,74.5,5.428,3.615,87.0,78.5,4.038,5.941,MA151S
EPH_relaxed_0001_pdb2pqr_Repair_111_r2_0001,1,-7.7,0.0,0.0,5.868,3.991,96.6,92.7,5.834,4.274,98.0,81.5,4.164,7.178,MA151T
EPH_relaxed_0001_pdb2pqr_Repair_111_r2_0001,6,-4.1,4.465,12.088,4.281,2.882,88.0,93.7,4.973,4.08,61.4,48.2,4.31,5.44,MA151T
EPH_relaxed_0001_pdb2pqr_Repair_111_r2_0001,7,-2.7,1.45,2.128,5.07,3.312,63.0,44.6,5.061,3.249,63.3,47.1,3.837,6.15,MA151T
EPH_relaxed_0001_pdb2pqr_Repair_111_r2_0001,13,-0.4,1.592,2.216,5.216,3.375,75.3,91.5,6.323,4.7,24.2,39.2,3.669,5.506,MA151T
EPH_relaxed_0001_pdb2pqr_Repair_111_r2_0001,16,0.9,1.748,2.933,4.358,3.595,112.6,86.2,4.667,3.913,98.6,74.1,2.856,5.003,MA151T
EPH_relaxed_0001_pdb2pqr_Repair_112_r2_0001,1,-7.7,0.0,0.0,5.876,3.956,94.7,91.0,5.81,4.201,97.3,81.4,4.142,6.584,MA151V
EPH_relaxed_0001_pdb2pqr_Repair_112_r2_0001,5,-5.1,4.517,12.097,4.283,2.825,91.7,97.8,4.938,4.007,66.4,52.7,4.322,5.298,MA151V
EPH_relaxed_0001_pdb2pqr_Repair_112_r2_0001,13,-0.3,1.586,2.187,5.227,3.292,69.7,83.7,6.251,4.544,19.2,33.7,3.778,5.056,MA151V
EPH_relaxed_0001_pdb2pqr_Repair_112_r2_0001,17,0.9,2.289,4.103,4.562,4.298,50.7,40.9,4.856,3.882,37.5,57.9,5.289,5.035,MA151V
EPH_relaxed_0001_pdb2pqr_Repair_113_r2_0001,1,-6.8,0.0,0.0,4.615,2.626,86.2,101.2,5.38,3.578,56.5,64.3,2.584,4.978,MA151W
EPH_relaxed_0001_pdb2pqr_Repair_113_r2_0001,15,1.7,1.635,2.299,5.627,3.713,63.9,53.8,5.209,3.515,80.1,61.2,4.666,6.92,MA151W
EPH_relaxed_0001_pdb2pqr_Repair_113_r2_0001,16,1.9,1.461,3.361,4.983,3.626,88.9,68.1,5.252,3.46,78.4,74.2,4.018,6.251,MA151W
EPH_relaxed_0001_pdb2pqr_Repair_113_r2_0001,18,2.4,2.234,3.966,4.686,4.392,37.4,26.0,4.18,3.334,58.9,70.8,5.08,5.073,MA151W
EPH_relaxed_0001_pdb2pqr_Repair_114_r2_0001,2,-5.7,2.606,9.2,5.318,3.266,73.8,80.8,6.431,4.503,20.2,30.8,4.33,6.204,MA151Y
EPH_relaxed_0001_pdb2pqr_Repair_114_r2_0001,6,-1.9,2.036,8.941,4.308,2.5,82.1,89.9,5.086,3.143,51.9,66.1,2.692,4.37,MA151Y
EPH_relaxed_0001_pdb2pqr_Repair_114_r2_0001,10,-0.0,3.502,9.343,5.556,3.55,83.1,93.1,6.804,4.935,27.4,37.8,4.836,6.683,MA151Y
EPH_relaxed_0001_pdb2pqr_Repair_114_r2_0001,13,1.8,2.082,8.286,4.77,3.775,53.4,68.3,4.2,3.964,75.3,61.3,3.139,2.69,MA151Y
EPH_relaxed_0001_pdb2pqr_Repair_191_r2_0001,1,-6.8,0.0,0.0,5.308,3.534,158.0,153.5,5.777,4.03,122.4,117.2,2.703,6.056,NA179A
EPH_relaxed_0001_pdb2pqr_Repair_191_r2_0001,3,-5.2,0.852,1.283,4.452,2.908,68.4,56.8,5.079,3.704,43.0,22.4,3.889,5.004,NA179A
EPH_relaxed_0001_pdb2pqr_Repair_191_r2_0001,5,-5.0,2.042,3.55,4.194,3.423,86.6,82.1,5.176,3.867,48.1,65.6,3.044,3.529,NA179A
EPH_relaxed_0001_pdb2pqr_Repair_191_r2_0001,6,-5.0,2.377,4.559,4.783,4.384,36.5,26.9,4.315,3.339,56.9,70.9,5.02,4.798,NA179A
EPH_relaxed_0001_pdb2pqr_Repair_191_r2_0001,11,-3.5,2.018,4.274,3.866,3.36,144.1,119.6,4.731,3.489,96.5,112.7,2.831,3.79,NA179A
EPH_relaxed_0001_pdb2pqr_Repair_191_r2_0001,16,-1.6,4.671,12.297,4.689,3.062,122.5,124.3,5.219,4.096,97.5,77.9,4.389,6.24,NA179A
EPH_relaxed_0001_pdb2pqr_Repair_192_r2_0001,1,-8.0,0.0,0.0,5.334,3.559,159.5,155.6,5.847,4.094,120.7,116.2,2.694,6.071,NA179C
EPH_relaxed_0001_pdb2pqr_Repair_192_r2_0001,2,-6.3,2.062,3.577,4.237,3.453,87.4,82.2,5.252,3.941,47.5,64.0,2.972,3.558,NA179C
EPH_relaxed_0001_pdb2pqr_Repair_192_r2_0001,8,-4.6,2.208,4.411,4.949,4.301,32.5,30.9,4.327,3.134,60.1,77.7,4.48,4.409,NA179C
EPH_relaxed_0001_pdb2pqr_Repair_192_r2_0001,12,-3.1,4.601,12.276,4.654,3.044,120.4,121.9,5.207,4.1,94.9,75.5,4.406,6.197,NA179C
EPH_relaxed_0001_pdb2pqr_Repair_193_r2_0001,1,-5.7,0.0,0.0,4.981,3.008,71.0,83.4,5.888,4.075,30.9,43.0,3.069,4.63,NA179D
EPH_relaxed_0001_pdb2pqr_Repair_193_r2_0001,4,-3.0,4.504,12.201,4.42,2.914,89.8,93.8,4.952,3.982,69.2,53.4,4.276,5.402,NA179D
EPH_relaxed_0001_pdb2pqr_Repair_193_r2_0001,9,-0.2,1.364,1.827,5.147,3.26,83.6,99.4,6.327,4.613,33.3,46.4,3.541,5.026,NA179D
EPH_relaxed_0001_pdb2pqr_Repair_193_r2_0001,15,1.5,1.643,2.985,3.812,3.027,174.8,147.5,4.757,3.563,101.7,111.7,2.591,3.595,NA179D
EPH_relaxed_0001_pdb2pqr_Repair_194_r2_0001,1,-5.5,0.0,0.0,4.964,2.997,72.6,85.2,5.887,4.073,32.4,44.6,3.046,4.616,NA179E
EPH_relaxed_0001_pdb2pqr_Repair_194_r2_0001,3,-3.0,4.505,12.179,4.379,2.84,92.3,96.7,4.911,3.917,71.6,55.8,4.298,5.444,NA179E
EPH_relaxed_0001_pdb2pqr_Repair_194_r2_0001,11,-0.4,1.554,2.77,3.495,2.75,138.4,134.1,4.027,2.808,107.5,129.7,2.613,2.968,NA179E
EPH_relaxed_0001_pdb2pqr_Repair_194_r2_0001,12,-0.3,1.35,1.774,5.412,3.413,73.5,83.2,6.511,4.694,20.5,31.0,4.359,5.878,NA179E
EPH_relaxed_0001_pdb2pqr_Repair_194_r2_0001,15,0.8,2.412,3.999,4.208,4.055,57.3,49.0,4.809,3.988,30.1,51.8,5.676,5.2,NA179E
EPH_relaxed_0001_pdb2pqr_Repair_194_r2_0001,18,1.9,2.24,4.036,5.567,3.884,161.3,156.1,6.805,5.112,89.5,86.6,3.041,6.213,NA179E
EPH_relaxed_0001_pdb2pqr_Repair_195_r2_0001,1,-5.1,0.0,0.0,5.468,3.488,63.3,58.9,5.847,4.088,47.5,34.2,4.295,6.106,NA179F
EPH_relaxed_0001_pdb2pqr_Repair_195_r2_0001,2,-3.0,4.468,12.22,4.433,2.89,95.9,100.8,4.964,3.966,75.0,59.2,4.313,5.541,NA179F
EPH_relaxed_0001_pdb2pqr_Repair_195_r2_0001,7,-0.5,1.323,1.753,5.156,3.256,82.0,97.5,6.314,4.596,32.2,45.2,3.532,5.028,NA179F
EPH_relaxed_0001_pdb2pqr_Repair_195_r2_0001,12,1.8,2.247,3.976,5.587,3.878,161.9,158.4,6.808,5.105,90.2,87.3,3.038,6.254,NA179F
EPH_relaxed_0001_pdb2pqr_Repair_195_r2_0001,17,3.0,1.579,2.921,4.343,2.905,134.2,159.7,5.794,4.206,68.7,83.1,2.892,4.349,NA179F
EPH_relaxed_0001_pdb2pqr_Repair_196_r2_0001,7,-6.2,3.191,9.359,5.268,3.54,157.9,154.1,5.74,4.051,122.1,116.7,2.699,6.02,NA179G
EPH_relaxed_0001_pdb2pqr_Repair_196_r2_0001,10,-5.4,1.755,8.424,4.883,4.291,36.5,28.4,4.372,3.221,58.6,72.5,4.522,4.532,NA179G
EPH_relaxed_0001_pdb2pqr_Repair_196_r2_0001,11,-5.0,2.966,9.284,5.301,3.377,58.2,47.9,5.51,3.722,49.5,33.3,4.114,5.931,NA179G
EPH_relaxed_0001_pdb2pqr_Repair_196_r2_0001,12,-4.8,1.828,8.362,3.77,3.069,93.6,84.2,4.883,3.573,50.3,65.6,2.799,3.286,NA179G
EPH_relaxed_0001_pdb2pqr_Repair_196_r2_0001,13,-4.7,2.301,8.2,4.288,3.483,83.9,80.2,5.297,4.001,43.8,60.9,3.017,3.59,NA179G
EPH_relaxed_0001_pdb2pqr_Repair_196_r2_0001,16,-4.3,2.544,8.975,4.281,2.448,82.9,95.0,5.235,3.373,45.2,60.4,2.476,3.973,NA179G
EPH_relaxed_0001_pdb2pqr_Repair_197_r2_0001,1,-4.5,0.0,0.0,5.492,3.512,62.2,57.3,5.818,4.054,48.7,34.9,4.307,6.134,NA179H
EPH_relaxed_0001_pdb2pqr_Repair_197_r2_0001,3,-3.1,4.423,12.178,4.408,2.894,90.7,95.8,4.947,3.977,69.8,54.7,4.293,5.413,NA179H
EPH_relaxed_0001_pdb2pqr_Repair_197_r2_0001,9,-0.3,1.319,1.745,5.187,3.258,74.8,89.3,6.283,4.561,24.1,38.1,3.729,5.122,NA179H
EPH_relaxed_0001_pdb2pqr_Repair_197_r2_0001,13,1.2,1.658,2.841,3.467,2.767,139.3,133.5,3.998,2.803,108.0,130.7,2.66,2.951,NA179H
EPH_relaxed_0001_pdb2pqr_Repair_197_r2_0001,15,1.9,2.234,3.99,5.542,3.818,161.7,161.1,6.744,5.042,90.9,88.1,3.012,6.212,NA179H
EPH_relaxed_0001_pdb2pqr_Repair_198_r2_0001,1,-6.0,0.0,0.0,5.243,3.468,169.5,163.2,5.989,4.233,111.8,107.3,2.696,6.056,NA179I
EPH_relaxed_0001_pdb2pqr_Repair_198_r2_0001,4,-3.1,4.472,12.17,4.365,2.838,88.0,93.0,4.892,3.911,67.7,52.5,4.287,5.34,NA179I
EPH_relaxed_0001_pdb2pqr_Repair_198_r2_0001,9,-0.5,1.426,1.931,5.278,3.331,74.5,88.0,6.383,4.634,22.5,36.4,3.801,5.264,NA179I
EPH_relaxed_0001_pdb2pqr_Repair_198_r2_0001,13,1.7,2.229,3.981,5.566,3.836,161.3,161.9,6.761,5.061,91.1,88.2,3.02,6.217,NA179I
EPH_relaxed_0001_pdb2pqr_Repair_198_r2_0001,19,3.8,2.147,3.518,4.405,3.404,78.5,70.9,5.459,4.016,34.6,47.8,2.901,3.908,NA179I
EPH_relaxed_0001_pdb2pqr_Repair_199_r2_0001,1,-2.8,0.0,0.0,4.388,2.856,90.4,95.1,4.919,3.931,69.9,54.4,4.291,5.406,NA179K
EPH_relaxed_0001_pdb2pqr_Repair_199_r2_0001,2,-1.7,0.858,1.198,3.924,3.418,63.7,85.2,4.516,3.87,39.7,68.2,4.315,2.844,NA179K
EPH_relaxed_0001_pdb2pqr_Repair_199_r2_0001,12,2.8,4.227,12.008,5.241,3.534,172.0,165.3,6.297,4.574,98.5,95.9,2.704,5.942,NA179K
EPH_relaxed_0001_pdb2pqr_Repair_199_r2_0001,16,3.6,4.194,11.741,5.56,3.594,83.5,93.3,6.8,4.98,28.8,37.8,4.757,6.348,NA179K
EPH_relaxed_0001_pdb2pqr_Repair_200_r2_0001,1,-7.1,0.0,0.0,5.245,3.471,172.7,167.9,6.114,4.354,106.7,103.0,2.7,6.041,NA179L
EPH_relaxed_0001_pdb2pqr_Repair_200_r2_0001,5,-4.2,0.813,1.002,5.534,3.509,73.8,70.8,6.204,4.365,46.4,36.7,4.316,6.324,NA179L
EPH_relaxed_0001_pdb2pqr_Repair_200_r2_0001,7,-3.2,4.415,12.163,4.397,2.871,90.6,95.4,4.928,3.947,70.1,54.6,4.282,5.395,NA179L
EPH_relaxed_0001_pdb2pqr_Repair_200_r2_0001,9,-0.7,1.471,1.974,5.172,3.271,78.7,93.9,6.305,4.595,28.5,42.2,3.606,5.027,NA179L
EPH_relaxed_0001_pdb2pqr_Repair_200_r2_0001,14,1.6,2.205,3.993,5.605,3.899,162.6,157.2,6.824,5.117,90.5,87.3,3.062,6.283,NA179L
EPH_relaxed_0001_pdb2pqr_Repair_201_r2_0001,6,-3.1,2.611,8.131,5.144,3.41,139.6,126.6,5.181,3.389,136.8,127.8,2.699,6.046,NA179M
EPH_relaxed_0001_pdb2pqr_Repair_201_r2_0001,9,-2.0,1.449,7.487,4.376,3.696,83.8,78.7,5.334,4.124,45.9,62.8,3.076,3.532,NA179M
EPH_relaxed_0001_pdb2pqr_Repair_201_r2_0001,10,-1.3,8.894,13.612,4.382,2.892,89.4,92.7,4.915,3.96,68.8,52.4,4.269,5.359,NA179M
EPH_relaxed_0001_pdb2pqr_Repair_201_r2_0001,16,1.1,1.778,7.789,4.798,3.865,55.1,38.8,4.111,3.619,81.5,49.1,4.097,4.926,NA179M
EPH_relaxed_0001_pdb2pqr_Repair_201_r2_0001,18,1.5,1.881,7.805,5.375,3.73,60.1,41.4,4.97,3.194,75.8,61.9,3.965,5.927,NA179M
EPH_relaxed_0001_pdb2pqr_Repair_201_r2_0001,19,1.6,4.038,8.088,4.845,2.913,79.6,95.7,5.88,4.158,36.3,48.0,2.945,4.54,NA179M
EPH_relaxed_0001_pdb2pqr_Repair_202_r2_0001,1,-8.8,0.0,0.0,5.341,3.554,158.7,154.9,5.834,4.069,121.4,116.9,2.699,6.09,NA179P
EPH_relaxed_0001_pdb2pqr_Repair_202_r2_0001,3,-7.6,2.249,4.443,4.903,4.338,34.7,30.7,4.32,3.196,60.1,76.8,4.709,4.593,NA179P
EPH_relaxed_0001_pdb2pqr_Repair_202_r2_0001,4,-7.3,2.047,3.58,4.197,3.453,88.3,83.2,5.177,3.879,50.0,67.3,3.014,3.508,NA179P
EPH_relaxed_0001_pdb2pqr_Repair_202_r2_0001,14,-3.6,2.012,4.28,3.957,3.417,146.1,120.5,4.803,3.554,98.3,113.2,2.862,3.962,NA179P
EPH_relaxed_0001_pdb2pqr_Repair_202_r2_0001,17,-3.1,4.596,12.274,4.434,2.935,90.5,95.0,4.954,3.999,70.4,54.6,4.278,5.397,NA179P
EPH_relaxed_0001_pdb2pqr_Repair_203_r2_0001,1,-7.0,0.0,0.0,5.25,3.517,168.4,162.4,5.97,4.266,112.8,108.0,2.695,6.064,NA179Q
EPH_relaxed_0001_pdb2pqr_Repair_203_r2_0001,5,-2.7,4.465,12.202,4.683,3.085,119.3,119.7,5.241,4.135,93.9,74.3,4.386,6.184,NA179Q
EPH_relaxed_0001_pdb2pqr_Repair_203_r2_0001,6,-2.2,1.61,2.968,3.423,2.777,136.0,131.7,3.929,2.774,107.2,131.7,2.529,2.775,NA179Q
EPH_relaxed_0001_pdb2pqr_Repair_203_r2_0001,17,-0.0,1.493,2.073,5.331,3.384,80.8,91.7,6.542,4.759,26.3,37.1,4.438,5.979,NA179Q
EPH_relaxed_0001_pdb2pqr_Repair_203_r2_0001,19,0.1,1.696,2.829,5.049,3.628,82.1,63.0,5.253,3.396,74.2,71.5,3.942,5.908,NA179Q
EPH_relaxed_0001_pdb2pqr_Repair_204_r2_0001,1,-2.8,0.0,0.0,4.397,2.874,90.5,95.5,4.933,3.954,69.7,54.5,4.278,5.386,NA179R
EPH_relaxed_0001_pdb2pqr_Repair_204_r2_0001,2,-1.7,0.855,1.203,3.859,3.392,62.4,83.6,4.455,3.832,38.0,67.2,4.36,2.84,NA179R
EPH_relaxed_0001_pdb2pqr_Repair_204_r2_0001,5,4.2,1.352,1.845,4.933,3.229,126.7,145.6,5.007,3.845,122.4,107.2,2.566,5.122,NA179R
EPH_relaxed_0001_pdb2pqr_Repair_204_r2_0001,10,8.4,1.415,2.446,3.885,3.106,53.7,71.4,4.607,3.833,15.8,44.2,4.177,3.295,NA179R
EPH_relaxed_0001_pdb2pqr_Repair_204_r2_0001,13,9.3,1.634,3.116,3.813,3.111,45.0,68.6,4.249,3.581,22.7,51.5,4.106,2.729,NA179R
EPH_relaxed_0001_pdb2pqr_Repair_205_r2_0001,2,-6.2,3.098,9.007,5.249,3.535,151.4,144.8,5.545,3.889,128.9,120.3,2.795,6.042,NA179S
EPH_relaxed_0001_pdb2pqr_Repair_205_r2_0001,9,-3.0,1.84,8.316,3.681,3.462,137.0,119.5,4.091,3.099,112.6,144.6,3.24,3.22,NA179S
EPH_relaxed_0001_pdb2pqr_Repair_205_r2_0001,13,-1.5,9.586,13.788,4.388,2.867,90.6,94.3,4.935,3.946,69.5,53.5,4.254,5.387,NA179S
EPH_relaxed_0001_pdb2pqr_Repair_205_r2_0001,17,0.3,2.247,8.78,3.03,2.451,150.2,132.3,3.679,2.542,107.5,125.7,2.26,2.693,NA179S
EPH_relaxed_0001_pdb2pqr_Repair_206_r2_0001,1,-7.9,0.0,0.0,5.268,3.497,166.4,161.8,5.947,4.2,114.3,109.9,2.686,6.045,NA179T
EPH_relaxed_0001_pdb2pqr_Repair_206_r2_0001,4,-4.5,0.956,1.299,4.277,2.943,88.2,62.0,4.652,3.302,73.7,49.1,3.308,5.027,NA179T
EPH_relaxed_0001_pdb2pqr_Repair_206_r2_0001,6,-3.8,2.125,3.567,4.309,3.474,80.7,76.3,5.308,3.992,40.3,57.0,3.093,3.664,NA179T
EPH_relaxed_0001_pdb2pqr_Repair_206_r2_0001,7,-3.1,4.515,12.205,4.373,2.826,90.7,95.8,4.906,3.905,70.1,54.9,4.305,5.42,NA179T
EPH_relaxed_0001_pdb2pqr_Repair_206_r2_0001,12,-0.2,1.59,2.243,5.307,3.338,89.2,100.1,6.616,4.779,33.7,43.1,4.686,6.225,NA179T
EPH_relaxed_0001_pdb2pqr_Repair_206_r2_0001,13,-0.2,2.336,4.405,4.746,4.34,36.5,28.4,4.307,3.291,55.7,71.8,5.107,4.859,NA179T
EPH_relaxed_0001_pdb2pqr_Repair_206_r2_0001,14,0.1,1.577,2.717,3.465,2.755,139.9,134.4,4.019,2.816,107.3,129.8,2.561,2.878,NA179T
EPH_relaxed_0001_pdb2pqr_Repair_206_r2_0001,17,1.6,2.352,4.122,4.689,4.321,38.5,27.6,4.31,3.322,54.9,69.5,5.174,4.94,NA179T
EPH_relaxed_0001_pdb2pqr_Repair_207_r2_0001,1,-8.2,0.0,0.0,5.237,3.519,163.8,158.8,5.852,4.168,116.9,111.6,2.7,6.029,NA179V
EPH_relaxed_0001_pdb2pqr_Repair_207_r2_0001,3,-6.4,0.901,1.316,4.411,2.909,68.2,57.5,5.039,3.729,42.7,22.0,3.92,5.014,NA179V
EPH_relaxed_0001_pdb2pqr_Repair_207_r2_0001,10,-2.9,4.552,12.243,4.368,2.855,91.1,94.4,4.924,3.941,69.6,53.4,4.24,5.393,NA179V
EPH_relaxed_0001_pdb2pqr_Repair_207_r2_0001,11,-1.9,1.573,2.785,3.423,2.787,135.7,131.7,3.922,2.781,107.3,131.9,2.532,2.762,NA179V
EPH_relaxed_0001_pdb2pqr_Repair_208_r2_0001,1,-2.5,0.0,0.0,4.388,2.874,89.9,93.8,4.932,3.952,68.9,53.0,4.257,5.37,NA179W
EPH_relaxed_0001_pdb2pqr_Repair_208_r2_0001,2,-1.4,0.849,1.199,3.832,3.406,62.0,82.5,4.427,3.816,37.6,67.2,4.372,2.843,NA179W
EPH_relaxed_0001_pdb2pqr_Repair_208_r2_0001,6,3.6,3.853,12.257,5.457,3.799,158.3,155.3,6.723,5.076,87.4,84.3,2.98,6.128,NA179W
EPH_relaxed_0001_pdb2pqr_Repair_208_r2_0001,11,4.3,4.343,11.883,5.014,3.128,80.4,96.4,6.108,4.401,33.9,47.3,3.222,4.779,NA179W
EPH_relaxed_0001_pdb2pqr_Repair_208_r2_0001,20,6.7,1.665,2.68,3.155,2.349,68.9,105.2,4.11,3.456,30.1,61.9,5.59,4.258,NA179W
EPH_relaxed_0001_pdb2pqr_Repair_209_r2_0001,2,-4.7,1.512,3.295,5.228,3.439,139.3,128.3,5.231,3.399,138.9,130.9,2.741,6.095,NA179Y
EPH_relaxed_0001_pdb2pqr_Repair_209_r2_0001,6,-2.0,1.673,3.717,4.609,2.648,85.8,101.2,5.59,3.776,46.9,57.8,2.704,4.355,NA179Y
EPH_relaxed_0001_pdb2pqr_Repair_209_r2_0001,7,-2.0,3.897,12.171,4.406,2.887,89.2,94.6,4.932,3.961,69.0,54.0,4.292,5.371,NA179Y
EPH_relaxed_0001_pdb2pqr_Repair_209_r2_0001,11,-1.1,1.609,2.777,5.113,3.353,154.7,146.7,5.498,3.781,125.5,117.3,2.712,5.963,NA179Y
EPH_relaxed_0001_pdb2pqr_Repair_209_r2_0001,14,-0.7,1.516,2.165,4.36,3.039,145.7,167.0,5.755,4.208,76.7,90.0,2.812,4.365,NA179Y
EPH_relaxed_0001_pdb2pqr_Repair_209_r2_0001,17,0.2,1.559,2.586,4.891,3.099,73.0,68.2,5.82,4.151,32.8,23.6,4.387,5.761,NA179Y
EPH_relaxed_0001_pdb2pqr_Repair_248_r2_0001,2,-6.4,2.798,9.459,5.276,3.495,174.0,164.8,6.112,4.353,108.3,103.6,2.69,6.142,PA185A
EPH_relaxed_0001_pdb2pqr_Repair_248_r2_0001,7,-2.2,8.389,13.316,4.328,2.827,87.2,93.6,4.938,3.967,63.8,50.5,4.402,5.239,PA185A
EPH_relaxed_0001_pdb2pqr_Repair_248_r2_0001,10,-0.8,2.679,7.928,4.489,3.846,83.8,54.4,5.759,4.645,29.4,8.3,4.224,5.241,PA185A
EPH_relaxed_0001_pdb2pqr_Repair_248_r2_0001,14,0.7,2.498,8.409,3.589,3.342,129.1,120.4,4.164,3.165,99.8,131.2,3.822,3.136,PA185A
EPH_relaxed_0001_pdb2pqr_Repair_248_r2_0001,16,0.7,2.849,9.209,3.574,2.829,136.5,131.3,4.051,2.812,109.0,132.4,2.696,2.816,PA185A
EPH_relaxed_0001_pdb2pqr_Repair_248_r2_0001,17,0.8,2.151,8.251,4.72,4.791,19.2,12.1,4.358,3.896,40.7,59.6,4.639,2.957,PA185A
EPH_relaxed_0001_pdb2pqr_Repair_249_r2_0001,1,-5.9,0.0,0.0,5.284,3.515,150.1,142.9,5.549,3.83,130.1,121.3,2.802,6.109,PA185C
EPH_relaxed_0001_pdb2pqr_Repair_249_r2_0001,5,-3.1,4.904,12.354,4.4,2.874,89.1,94.4,4.93,3.949,68.7,53.8,4.332,5.376,PA185C
EPH_relaxed_0001_pdb2pqr_Repair_249_r2_0001,6,-1.5,1.625,2.33,5.049,3.113,75.8,90.5,6.14,4.4,26.8,40.6,3.564,4.926,PA185C
EPH_relaxed_0001_pdb2pqr_Repair_249_r2_0001,14,2.0,2.312,4.118,5.512,3.838,160.5,154.2,6.762,5.074,88.6,85.6,2.972,6.168,PA185C
EPH_relaxed_0001_pdb2pqr_Repair_250_r2_0001,1,-2.8,0.0,0.0,4.387,2.88,90.6,95.6,4.924,3.964,69.8,54.5,4.276,5.389,PA185D
EPH_relaxed_0001_pdb2pqr_Repair_250_r2_0001,2,-2.4,4.509,12.359,5.312,3.525,162.7,160.3,5.932,4.15,116.4,113.3,2.696,6.089,PA185D
EPH_relaxed_0001_pdb2pqr_Repair_250_r2_0001,3,-1.6,0.855,1.204,3.848,3.402,62.6,83.9,4.445,3.842,38.2,67.5,4.327,2.852,PA185D
EPH_relaxed_0001_pdb2pqr_Repair_250_r2_0001,5,0.4,4.299,11.852,5.043,3.119,76.9,91.8,6.159,4.43,26.8,40.9,3.548,4.966,PA185D
EPH_relaxed_0001_pdb2pqr_Repair_250_r2_0001,9,2.8,3.848,12.293,5.571,3.873,159.3,157.4,6.822,5.128,88.3,85.9,3.027,6.205,PA185D
EPH_relaxed_0001_pdb2pqr_Repair_250_r2_0001,14,6.6,4.5,12.891,4.873,2.866,75.9,89.8,5.854,4.058,34.1,44.6,2.897,4.591,PA185D
EPH_relaxed_0001_pdb2pqr_Repair_251_r2_0001,1,-2.5,0.0,0.0,4.378,2.865,89.4,93.1,4.916,3.939,68.6,52.6,4.282,5.374,PA185E
EPH_relaxed_0001_pdb2pqr_Repair_251_r2_0001,2,-1.4,0.848,1.192,3.847,3.415,62.8,83.2,4.459,3.847,37.7,67.1,4.354,2.84,PA185E
EPH_relaxed_0001_pdb2pqr_Repair_251_r2_0001,8,6.6,3.961,12.513,5.721,3.972,160.3,170.1,6.789,5.109,96.1,93.5,3.059,6.368,PA185E
EPH_relaxed_0001_pdb2pqr_Repair_251_r2_0001,14,8.8,1.414,2.431,4.04,3.207,43.4,64.7,4.487,3.734,18.3,44.9,4.002,3.053,PA185E
EPH_relaxed_0001_pdb2pqr_Repair_252_r2_0001,1,-2.7,0.0,0.0,4.324,2.812,82.5,88.2,4.853,3.888,62.4,48.0,4.33,5.171,PA185F
EPH_relaxed_0001_pdb2pqr_Repair_252_r2_0001,2,-2.2,0.772,1.154,4.124,3.535,66.6,86.6,4.695,3.945,43.8,71.0,4.369,2.89,PA185F
EPH_relaxed_0001_pdb2pqr_Repair_252_r2_0001,3,1.3,3.845,12.261,5.615,3.94,161.4,154.2,6.853,5.157,89.5,86.5,3.006,6.268,PA185F
EPH_relaxed_0001_pdb2pqr_Repair_252_r2_0001,10,5.8,4.533,12.89,4.733,2.755,84.5,99.4,5.702,3.892,45.8,55.8,2.829,4.448,PA185F
EPH_relaxed_0001_pdb2pqr_Repair_253_r2_0001,2,-8.0,2.732,9.284,5.248,3.462,169.6,172.4,6.157,4.391,104.5,101.6,2.694,6.009,PA185G
EPH_relaxed_0001_pdb2pqr_Repair_253_r2_0001,9,-5.4,2.15,8.287,5.416,3.978,88.7,70.0,5.418,3.606,88.5,84.0,4.325,6.484,PA185G
EPH_relaxed_0001_pdb2pqr_Repair_253_r2_0001,10,-5.3,2.249,7.956,5.371,4.358,57.7,34.6,5.04,3.793,70.6,58.5,4.463,5.783,PA185G
EPH_relaxed_0001_pdb2pqr_Repair_253_r2_0001,12,-3.4,2.057,8.162,4.147,3.785,60.0,91.7,4.968,5.095,19.8,39.4,4.81,2.687,PA185G
EPH_relaxed_0001_pdb2pqr_Repair_253_r2_0001,15,-2.5,8.455,13.243,4.537,2.995,96.1,101.7,5.047,4.049,75.9,60.7,4.347,5.608,PA185G
EPH_relaxed_0001_pdb2pqr_Repair_254_r2_0001,1,-2.6,0.0,0.0,4.404,2.872,90.1,95.2,4.94,3.951,69.4,54.3,4.288,5.385,PA185H
EPH_relaxed_0001_pdb2pqr_Repair_254_r2_0001,2,-1.6,0.854,1.2,3.912,3.405,63.8,85.4,4.509,3.863,39.6,68.2,4.33,2.847,PA185H
EPH_relaxed_0001_pdb2pqr_Repair_254_r2_0001,3,1.6,3.853,12.303,5.641,3.917,160.8,162.0,6.839,5.142,90.9,88.4,3.058,6.249,PA185H
EPH_relaxed_0001_pdb2pqr_Repair_254_r2_0001,13,6.6,4.575,12.942,4.717,2.724,81.7,96.0,5.68,3.857,42.8,53.2,2.773,4.446,PA185H
EPH_relaxed_0001_pdb2pqr_Repair_255_r2_0001,1,-2.9,0.0,0.0,4.327,2.826,82.1,88.0,4.846,3.898,62.3,47.9,4.395,5.139,PA185I
EPH_relaxed_0001_pdb2pqr_Repair_255_r2_0001,2,-2.6,0.754,1.15,4.234,3.616,68.0,88.0,4.808,4.048,45.1,71.5,4.369,2.927,PA185I
EPH_relaxed_0001_pdb2pqr_Repair_255_r2_0001,3,-1.8,4.503,12.372,5.162,3.41,171.5,163.8,5.959,4.221,109.7,105.3,2.691,5.991,PA185I
EPH_relaxed_0001_pdb2pqr_Repair_255_r2_0001,11,4.4,3.836,12.283,5.693,3.999,160.3,156.8,6.934,5.251,89.1,86.0,3.084,6.322,PA185I
EPH_relaxed_0001_pdb2pqr_Repair_256_r2_0001,1,-2.7,0.0,0.0,5.254,3.555,99.2,115.1,5.109,3.946,105.4,97.0,2.803,4.91,PA185K
EPH_relaxed_0001_pdb2pqr_Repair_256_r2_0001,2,-0.1,0.878,1.074,4.246,3.185,95.2,124.6,4.333,3.606,91.6,102.9,3.637,3.396,PA185K
EPH_relaxed_0001_pdb2pqr_Repair_256_r2_0001,8,7.6,1.796,2.941,3.839,2.84,71.6,102.8,4.93,4.302,23.0,45.6,5.409,4.397,PA185K
EPH_relaxed_0001_pdb2pqr_Repair_256_r2_0001,9,8.9,1.215,2.268,4.756,3.253,118.8,141.7,4.797,3.861,116.6,105.6,2.908,4.633,PA185K
EPH_relaxed_0001_pdb2pqr_Repair_256_r2_0001,11,10.1,1.526,3.109,4.094,2.533,139.3,156.7,4.14,3.248,135.7,105.7,2.669,4.704,PA185K
EPH_relaxed_0001_pdb2pqr_Repair_257_r2_0001,4,-2.3,8.234,12.914,4.403,2.904,87.3,91.3,4.951,3.98,66.3,50.8,4.318,5.308,PA185L
EPH_relaxed_0001_pdb2pqr_Repair_257_r2_0001,5,-1.9,2.854,9.007,5.477,3.8,92.3,95.3,5.109,3.955,107.9,89.0,4.963,6.482,PA185L
EPH_relaxed_0001_pdb2pqr_Repair_257_r2_0001,6,-0.8,3.745,8.593,4.891,3.163,71.1,67.4,5.815,4.214,30.2,21.8,4.445,5.716,PA185L
EPH_relaxed_0001_pdb2pqr_Repair_257_r2_0001,7,-0.2,2.104,8.591,5.3,3.365,74.5,68.7,5.394,3.765,70.9,54.0,4.141,6.113,PA185L
EPH_relaxed_0001_pdb2pqr_Repair_257_r2_0001,12,0.7,1.262,7.799,4.127,3.235,103.3,79.3,5.515,4.208,47.7,42.1,2.701,4.326,PA185L
EPH_relaxed_0001_pdb2pqr_Repair_257_r2_0001,13,1.8,3.504,8.403,4.52,2.596,87.0,104.1,5.515,3.748,47.6,59.2,2.763,4.281,PA185L
EPH_relaxed_0001_pdb2pqr_Repair_258_r2_0001,1,-2.4,0.0,0.0,4.31,2.822,82.6,87.3,4.861,3.909,61.5,46.7,4.312,5.128,PA185M
EPH_relaxed_0001_pdb2pqr_Repair_258_r2_0001,2,-2.0,0.796,1.17,4.117,3.584,66.6,88.0,4.651,3.988,45.4,72.6,4.444,2.764,PA185M
EPH_relaxed_0001_pdb2pqr_Repair_258_r2_0001,11,4.2,4.954,12.796,5.26,3.36,70.7,64.8,5.708,4.045,52.9,37.9,4.207,6.023,PA185M
EPH_relaxed_0001_pdb2pqr_Repair_258_r2_0001,16,6.1,5.22,12.11,3.933,3.157,171.7,150.9,5.047,3.852,94.5,105.9,2.679,3.607,PA185M
EPH_relaxed_0001_pdb2pqr_Repair_259_r2_0001,1,-2.7,0.0,0.0,4.383,2.861,89.6,94.4,4.916,3.939,69.0,53.6,4.296,5.379,PA185N
EPH_relaxed_0001_pdb2pqr_Repair_259_r2_0001,2,-1.5,4.886,12.386,5.277,3.511,150.9,144.2,5.561,3.85,129.4,120.8,2.834,6.088,PA185N
EPH_relaxed_0001_pdb2pqr_Repair_259_r2_0001,4,0.6,4.306,11.871,5.071,3.122,74.8,89.0,6.161,4.411,24.8,38.8,3.583,4.982,PA185N
EPH_relaxed_0001_pdb2pqr_Repair_259_r2_0001,11,2.9,3.851,12.29,5.543,3.825,158.6,156.7,6.802,5.095,87.8,85.0,2.975,6.181,PA185N
EPH_relaxed_0001_pdb2pqr_Repair_259_r2_0001,17,6.3,4.534,12.903,4.706,2.733,85.5,100.5,5.695,3.879,46.1,56.5,2.721,4.452,PA185N
EPH_relaxed_0001_pdb2pqr_Repair_260_r2_0001,1,-2.7,0.0,0.0,5.468,3.829,94.4,108.0,5.195,4.113,106.0,95.5,2.734,4.889,PA185Q
EPH_relaxed_0001_pdb2pqr_Repair_260_r2_0001,2,-1.6,0.997,1.282,3.797,3.357,61.2,82.6,4.387,3.787,36.9,66.7,4.394,2.826,PA185Q
EPH_relaxed_0001_pdb2pqr_Repair_260_r2_0001,4,4.0,1.279,1.69,4.959,3.228,126.6,144.7,5.016,3.831,123.2,107.4,2.579,5.185,PA185Q
EPH_relaxed_0001_pdb2pqr_Repair_260_r2_0001,8,6.6,4.546,12.559,5.211,3.282,65.1,55.4,5.547,3.767,51.6,35.8,4.128,5.949,PA185Q
EPH_relaxed_0001_pdb2pqr_Repair_260_r2_0001,13,9.5,4.533,11.931,5.009,3.059,77.4,92.0,6.142,4.382,26.7,40.7,3.536,4.969,PA185Q
EPH_relaxed_0001_pdb2pqr_Repair_260_r2_0001,16,9.7,4.153,12.426,5.588,3.785,159.4,163.7,6.748,5.016,92.0,88.3,3.076,6.334,PA185Q
EPH_relaxed_0001_pdb2pqr_Repair_260_r2_0001,17,16.8,1.737,2.836,3.44,2.984,157.5,129.1,3.981,3.291,116.4,111.5,4.371,4.46,PA185Q
EPH_relaxed_0001_pdb2pqr_Repair_261_r2_0001,1,-1.4,0.0,0.0,5.276,3.514,106.7,124.4,4.418,3.215,174.6,146.2,3.179,5.363,PA185R
EPH_relaxed_0001_pdb2pqr_Repair_261_r2_0001,2,-0.9,0.703,1.118,3.984,2.761,123.6,151.0,3.983,3.252,123.5,115.2,2.673,3.446,PA185R
EPH_relaxed_0001_pdb2pqr_Repair_261_r2_0001,3,-0.5,0.767,1.008,4.473,3.25,24.9,50.4,3.977,3.418,49.3,43.9,3.625,2.924,PA185R
EPH_relaxed_0001_pdb2pqr_Repair_261_r2_0001,6,5.0,1.389,1.908,4.514,2.867,124.4,147.9,4.45,3.395,128.1,112.0,2.531,4.618,PA185R
EPH_relaxed_0001_pdb2pqr_Repair_261_r2_0001,11,6.4,1.672,2.526,3.229,2.389,67.7,102.3,4.111,3.396,32.2,63.4,5.775,4.21,PA185R
EPH_relaxed_0001_pdb2pqr_Repair_261_r2_0001,13,10.2,7.189,13.849,3.632,2.896,138.6,121.7,4.672,3.216,86.5,105.1,2.845,3.747,PA185R
EPH_relaxed_0001_pdb2pqr_Repair_261_r2_0001,14,10.3,4.634,12.473,5.362,3.679,156.3,147.2,6.663,4.949,85.3,81.5,2.873,6.099,PA185R
EPH_relaxed_0001_pdb2pqr_Repair_261_r2_0001,17,10.4,1.489,2.56,3.82,3.154,31.6,64.5,3.864,3.563,29.4,49.5,4.587,2.66,PA185R
EPH_relaxed_0001_pdb2pqr_Repair_262_r2_0001,2,-3.6,2.854,9.468,5.279,3.503,170.2,167.1,6.085,4.327,109.2,105.5,2.695,6.073,PA185S
EPH_relaxed_0001_pdb2pqr_Repair_262_r2_0001,6,-2.1,8.569,13.469,4.381,2.85,89.5,94.9,4.914,3.931,69.0,54.0,4.318,5.369,PA185S
EPH_relaxed_0001_pdb2pqr_Repair_262_r2_0001,14,2.0,2.19,8.258,4.686,4.77,21.4,8.9,4.41,3.951,37.8,55.8,4.406,3.049,PA185S
EPH_relaxed_0001_pdb2pqr_Repair_262_r2_0001,17,2.7,4.684,9.603,5.616,3.899,163.1,160.0,6.815,5.109,91.4,88.4,3.017,6.282,PA185S
EPH_relaxed_0001_pdb2pqr_Repair_262_r2_0001,18,3.2,4.506,9.566,5.031,3.098,79.3,94.0,6.102,4.343,33.5,46.1,3.245,4.771,PA185S
EPH_relaxed_0001_pdb2pqr_Repair_262_r2_0001,20,3.8,2.696,9.31,3.454,2.694,139.6,137.2,4.056,2.836,105.0,126.6,2.693,2.924,PA185S
EPH_relaxed_0001_pdb2pqr_Repair_263_r2_0001,2,-2.2,8.359,13.041,4.329,2.817,82.8,88.6,4.863,3.898,62.5,48.2,4.345,5.164,PA185T
EPH_relaxed_0001_pdb2pqr_Repair_263_r2_0001,5,-1.8,8.267,12.93,4.238,3.607,68.2,88.1,4.821,4.048,45.0,71.3,4.372,2.945,PA185T
EPH_relaxed_0001_pdb2pqr_Repair_263_r2_0001,6,-1.5,2.698,9.335,5.309,3.534,172.4,166.9,6.142,4.394,108.2,103.9,2.695,6.129,PA185T
EPH_relaxed_0001_pdb2pqr_Repair_263_r2_0001,12,2.5,4.195,9.095,5.504,3.779,162.4,161.9,6.69,4.993,91.7,88.6,2.911,6.179,PA185T
EPH_relaxed_0001_pdb2pqr_Repair_264_r2_0001,2,-2.5,2.674,9.255,5.323,3.539,165.5,164.2,6.021,4.255,113.3,109.9,2.693,6.074,PA185V
EPH_relaxed_0001_pdb2pqr_Repair_264_r2_0001,3,-2.1,8.413,13.034,4.39,2.86,90.2,95.3,4.921,3.937,69.7,54.5,4.296,5.397,PA185V
EPH_relaxed_0001_pdb2pqr_Repair_264_r2_0001,10,2.6,4.177,9.078,5.587,3.858,160.6,161.8,6.786,5.089,90.8,88.0,3.03,6.225,PA185V
EPH_relaxed_0001_pdb2pqr_Repair_264_r2_0001,16,5.1,1.779,8.241,4.613,4.242,41.9,26.2,4.359,3.357,52.8,64.3,5.012,4.881,PA185V
EPH_relaxed_0001_pdb2pqr_Repair_264_r2_0001,17,5.2,3.846,9.197,4.979,3.037,76.3,90.9,6.004,4.245,32.0,44.7,3.221,4.71,PA185V
EPH_relaxed_0001_pdb2pqr_Repair_265_r2_0001,1,-2.7,0.0,0.0,4.402,2.885,90.2,95.3,4.934,3.963,69.6,54.4,4.285,5.375,PA185W
EPH_relaxed_0001_pdb2pqr_Repair_265_r2_0001,2,-1.6,0.85,1.197,3.865,3.392,62.8,84.2,4.473,3.852,37.9,67.0,4.374,2.848,PA185W
EPH_relaxed_0001_pdb2pqr_Repair_265_r2_0001,4,1.5,3.806,12.26,5.635,3.941,160.8,159.9,6.857,5.172,89.9,87.6,3.091,6.239,PA185W
EPH_relaxed_0001_pdb2pqr_Repair_266_r2_0001,1,-2.5,0.0,0.0,4.381,2.871,89.9,93.8,4.921,3.948,69.0,53.1,4.266,5.365,PA185Y
EPH_relaxed_0001_pdb2pqr_Repair_266_r2_0001,2,-1.4,0.851,1.201,3.886,3.428,63.7,84.7,4.488,3.866,39.3,68.3,4.327,2.852,PA185Y
EPH_relaxed_0001_pdb2pqr_Repair_266_r2_0001,5,3.6,5.177,12.482,5.145,3.435,142.1,131.9,5.247,3.591,134.5,122.0,2.855,6.032,PA185Y
EPH_relaxed_0001_pdb2pqr_Repair_266_r2_0001,6,3.7,4.238,11.825,5.075,3.22,80.6,97.2,6.252,4.587,29.0,43.7,3.656,5.055,PA185Y
EPH_relaxed_0001_pdb2pqr_Repair_266_r2_0001,9,5.1,3.932,12.414,5.711,3.963,160.6,168.6,6.797,5.123,95.4,92.4,3.09,6.385,PA185Y
EPH_relaxed_0001_pdb2pqr_Repair_58_r2_0001,1,-7.8,0.0,0.0,5.251,3.518,170.5,169.4,6.119,4.399,106.4,103.4,2.683,6.054,SA125A
EPH_relaxed_0001_pdb2pqr_Repair_58_r2_0001,5,-5.6,0.929,1.368,4.383,2.904,68.2,57.9,5.014,3.737,42.6,21.9,3.928,4.988,SA125A
EPH_relaxed_0001_pdb2pqr_Repair_58_r2_0001,8,-3.0,4.451,12.186,4.365,2.868,89.1,93.1,4.905,3.947,68.3,52.4,4.28,5.367,SA125A
EPH_relaxed_0001_pdb2pqr_Repair_58_r2_0001,10,-1.9,2.778,3.816,4.45,3.758,88.3,59.0,5.775,4.65,32.9,12.2,3.972,5.251,SA125A
EPH_relaxed_0001_pdb2pqr_Repair_58_r2_0001,17,-0.1,1.606,2.218,5.144,3.293,78.0,94.4,6.287,4.643,26.6,41.4,3.824,5.164,SA125A
EPH_relaxed_0001_pdb2pqr_Repair_59_r2_0001,1,-8.1,0.0,0.0,5.223,3.468,169.6,164.6,5.991,4.255,110.8,106.6,2.702,6.032,SA125C
EPH_relaxed_0001_pdb2pqr_Repair_59_r2_0001,7,-3.4,4.496,12.198,4.332,2.825,87.4,92.4,4.867,3.909,66.8,51.6,4.283,5.312,SA125C
EPH_relaxed_0001_pdb2pqr_Repair_59_r2_0001,8,-3.0,2.007,3.346,4.23,3.236,81.1,80.0,5.265,3.856,39.3,57.1,3.049,3.737,SA125C
EPH_relaxed_0001_pdb2pqr_Repair_59_r2_0001,17,0.4,2.694,4.625,4.746,4.863,20.9,10.8,4.412,3.994,40.3,58.4,4.325,3.011,SA125C
EPH_relaxed_0001_pdb2pqr_Repair_60_r2_0001,1,-7.8,0.0,0.0,5.247,3.462,169.7,170.4,6.114,4.33,106.3,104.0,2.686,6.071,SA125D
EPH_relaxed_0001_pdb2pqr_Repair_60_r2_0001,6,-3.1,4.449,12.177,4.314,2.864,82.0,88.6,4.834,3.947,62.2,48.0,4.25,5.154,SA125D
EPH_relaxed_0001_pdb2pqr_Repair_60_r2_0001,13,-0.2,1.611,2.21,5.727,3.773,42.7,42.8,5.642,4.032,46.8,30.7,4.398,5.959,SA125D
EPH_relaxed_0001_pdb2pqr_Repair_60_r2_0001,15,0.9,2.315,4.2,4.646,4.332,40.9,30.6,4.325,3.352,54.6,70.8,4.884,4.662,SA125D
EPH_relaxed_0001_pdb2pqr_Repair_61_r2_0001,1,-8.0,0.0,0.0,5.23,3.451,170.1,168.3,6.06,4.296,108.1,104.7,2.69,6.052,SA125E
EPH_relaxed_0001_pdb2pqr_Repair_61_r2_0001,5,-5.9,4.445,12.095,4.215,2.807,93.1,99.7,4.979,4.066,63.5,51.3,4.395,5.279,SA125E
EPH_relaxed_0001_pdb2pqr_Repair_61_r2_0001,8,-2.2,2.732,3.793,4.45,3.777,86.0,56.4,5.749,4.62,31.1,10.0,4.042,5.253,SA125E
EPH_relaxed_0001_pdb2pqr_Repair_61_r2_0001,11,-0.5,1.576,2.174,5.381,3.429,72.7,85.1,6.474,4.719,19.3,33.1,4.02,5.512,SA125E
EPH_relaxed_0001_pdb2pqr_Repair_61_r2_0001,18,1.4,2.316,4.042,4.53,4.161,38.5,25.3,4.275,3.243,49.8,64.5,5.117,4.893,SA125E
EPH_relaxed_0001_pdb2pqr_Repair_62_r2_0001,7,-1.1,2.936,8.197,4.292,3.316,109.2,82.8,5.682,4.347,53.0,43.3,2.605,4.615,SA125F
EPH_relaxed_0001_pdb2pqr_Repair_62_r2_0001,9,-0.4,8.997,13.953,4.693,3.178,104.9,107.1,5.236,4.228,82.6,65.2,4.212,5.741,SA125F
EPH_relaxed_0001_pdb2pqr_Repair_62_r2_0001,10,-0.4,2.53,9.163,3.123,2.782,159.5,126.6,3.777,2.728,110.9,130.1,2.303,2.404,SA125F
EPH_relaxed_0001_pdb2pqr_Repair_63_r2_0001,1,-7.8,0.0,0.0,5.285,3.487,168.4,174.0,6.208,4.421,103.7,101.5,2.651,6.041,SA125G
EPH_relaxed_0001_pdb2pqr_Repair_63_r2_0001,7,-3.0,4.376,12.149,4.424,2.928,87.9,93.5,4.926,3.986,68.6,53.5,4.314,5.355,SA125G
EPH_relaxed_0001_pdb2pqr_Repair_63_r2_0001,14,-0.4,1.577,2.145,5.337,3.404,73.0,86.4,6.425,4.695,20.6,34.8,3.816,5.284,SA125G
EPH_relaxed_0001_pdb2pqr_Repair_63_r2_0001,16,1.3,2.304,4.045,4.513,4.107,39.6,24.9,4.287,3.221,49.6,63.1,4.987,4.824,SA125G
EPH_relaxed_0001_pdb2pqr_Repair_63_r2_0001,18,1.7,2.264,4.068,5.573,3.851,158.8,158.8,6.818,5.11,88.4,86.1,3.039,6.221,SA125G
EPH_relaxed_0001_pdb2pqr_Repair_64_r2_0001,1,-5.9,0.0,0.0,4.498,2.613,78.6,97.1,5.341,3.682,45.0,56.7,2.685,4.202,SA125H
EPH_relaxed_0001_pdb2pqr_Repair_64_r2_0001,4,-4.2,1.034,1.224,5.183,3.338,77.9,67.4,5.41,3.783,69.2,50.9,4.073,6.166,SA125H
EPH_relaxed_0001_pdb2pqr_Repair_64_r2_0001,12,-0.6,4.715,12.322,4.312,2.974,75.0,77.1,4.898,4.036,52.3,36.2,4.042,4.91,SA125H
EPH_relaxed_0001_pdb2pqr_Repair_64_r2_0001,16,1.4,1.44,2.73,3.337,2.857,137.4,131.7,3.837,2.831,108.2,133.3,2.536,2.739,SA125H
EPH_relaxed_0001_pdb2pqr_Repair_64_r2_0001,17,1.6,1.674,2.345,5.005,3.258,85.0,103.3,6.21,4.62,34.1,49.6,3.706,5.066,SA125H
EPH_relaxed_0001_pdb2pqr_Repair_65_r2_0001,1,-7.0,0.0,0.0,5.282,3.565,167.5,165.0,6.04,4.311,110.9,108.8,2.641,6.011,SA125I
EPH_relaxed_0001_pdb2pqr_Repair_65_r2_0001,6,-2.3,4.475,12.229,4.4,2.956,83.4,87.3,4.964,4.038,61.9,46.6,4.171,5.197,SA125I
EPH_relaxed_0001_pdb2pqr_Repair_65_r2_0001,10,0.0,1.658,2.775,5.377,3.912,79.5,60.7,5.285,3.472,83.0,76.9,3.833,6.08,SA125I
EPH_relaxed_0001_pdb2pqr_Repair_65_r2_0001,13,0.7,1.638,2.312,5.378,3.439,87.2,97.4,6.659,4.86,32.3,41.1,4.656,6.254,SA125I
EPH_relaxed_0001_pdb2pqr_Repair_66_r2_0001,1,-8.0,0.0,0.0,5.253,3.455,168.5,173.9,6.187,4.391,103.2,101.4,2.66,6.053,SA125K
EPH_relaxed_0001_pdb2pqr_Repair_66_r2_0001,5,-5.6,0.931,1.374,4.456,2.929,68.2,54.8,5.027,3.658,45.2,23.3,3.846,5.034,SA125K
EPH_relaxed_0001_pdb2pqr_Repair_66_r2_0001,8,-2.9,2.03,3.445,4.227,3.305,79.9,79.1,5.208,3.842,40.5,59.3,3.105,3.686,SA125K
EPH_relaxed_0001_pdb2pqr_Repair_66_r2_0001,9,-2.7,4.35,12.154,4.43,2.958,89.2,96.0,4.908,4.01,70.8,55.9,4.344,5.397,SA125K
EPH_relaxed_0001_pdb2pqr_Repair_66_r2_0001,16,-0.4,1.57,2.124,5.454,3.438,74.6,83.6,6.577,4.724,20.7,31.4,4.156,5.844,SA125K
EPH_relaxed_0001_pdb2pqr_Repair_66_r2_0001,18,0.4,2.469,4.193,4.478,4.325,51.9,43.0,4.839,3.98,35.7,57.1,5.522,5.133,SA125K
EPH_relaxed_0001_pdb2pqr_Repair_67_r2_0001,1,-8.1,0.0,0.0,5.211,3.445,170.4,168.3,6.058,4.29,107.3,104.7,2.695,6.061,SA125L
EPH_relaxed_0001_pdb2pqr_Repair_67_r2_0001,6,-5.7,0.916,1.343,4.458,2.937,68.3,54.5,5.022,3.654,45.7,23.5,3.848,5.069,SA125L
EPH_relaxed_0001_pdb2pqr_Repair_67_r2_0001,8,-3.2,4.483,12.197,4.334,2.851,91.4,96.6,4.874,3.947,70.5,54.9,4.306,5.426,SA125L
EPH_relaxed_0001_pdb2pqr_Repair_67_r2_0001,10,-2.0,2.639,3.687,4.324,3.574,93.9,64.3,5.707,4.554,37.3,18.5,3.603,5.107,SA125L
EPH_relaxed_0001_pdb2pqr_Repair_67_r2_0001,15,-0.5,1.567,2.131,5.247,3.297,76.8,89.1,6.406,4.625,22.9,36.5,4.073,5.552,SA125L
EPH_relaxed_0001_pdb2pqr_Repair_68_r2_0001,1,-7.8,0.0,0.0,5.284,3.486,170.4,168.4,6.118,4.322,107.9,105.2,2.696,6.1,SA125M
EPH_relaxed_0001_pdb2pqr_Repair_68_r2_0001,4,-5.4,0.914,1.343,4.473,2.906,69.1,55.3,5.026,3.62,47.0,25.2,3.845,5.084,SA125M
EPH_relaxed_0001_pdb2pqr_Repair_68_r2_0001,6,-2.9,4.404,12.217,4.67,3.072,122.1,124.2,5.257,4.156,94.9,76.0,4.382,6.237,SA125M
EPH_relaxed_0001_pdb2pqr_Repair_68_r2_0001,8,-1.1,2.08,3.357,4.115,3.202,173.6,147.3,4.989,3.656,105.2,116.0,2.607,4.398,SA125M
EPH_relaxed_0001_pdb2pqr_Repair_68_r2_0001,13,-0.2,1.579,2.193,5.264,3.28,87.6,97.8,6.554,4.706,32.5,41.6,4.723,6.23,SA125M
EPH_relaxed_0001_pdb2pqr_Repair_68_r2_0001,14,0.8,2.359,4.212,4.563,4.357,48.6,38.5,4.817,3.893,37.1,57.8,5.258,4.947,SA125M
EPH_relaxed_0001_pdb2pqr_Repair_68_r2_0001,18,2.0,2.28,4.082,5.564,3.837,160.2,157.1,6.81,5.081,88.8,86.2,3.018,6.253,SA125M
EPH_relaxed_0001_pdb2pqr_Repair_69_r2_0001,1,-7.8,0.0,0.0,5.291,3.496,170.3,169.2,6.137,4.344,107.4,104.8,2.695,6.102,SA125N
EPH_relaxed_0001_pdb2pqr_Repair_69_r2_0001,6,-2.9,4.349,12.2,4.74,3.161,116.5,121.8,5.231,4.183,94.4,76.8,4.435,6.153,SA125N
EPH_relaxed_0001_pdb2pqr_Repair_69_r2_0001,7,-2.7,1.948,3.306,4.197,3.18,82.7,82.1,5.232,3.798,41.3,59.3,2.966,3.7,SA125N
EPH_relaxed_0001_pdb2pqr_Repair_69_r2_0001,13,-0.3,1.586,2.192,5.482,3.482,77.6,87.2,6.649,4.808,23.3,33.7,4.407,6.022,SA125N
EPH_relaxed_0001_pdb2pqr_Repair_70_r2_0001,1,-7.9,0.0,0.0,5.284,3.481,169.2,172.6,6.182,4.391,104.9,102.5,2.684,6.048,SA125P
EPH_relaxed_0001_pdb2pqr_Repair_70_r2_0001,5,-5.7,4.4,12.057,4.243,2.853,91.8,98.8,5.031,4.123,61.4,50.0,4.362,5.199,SA125P
EPH_relaxed_0001_pdb2pqr_Repair_70_r2_0001,6,-5.6,0.929,1.366,4.488,2.92,68.9,56.5,5.07,3.676,45.5,24.4,3.876,5.056,SA125P
EPH_relaxed_0001_pdb2pqr_Repair_70_r2_0001,12,-0.4,1.576,2.138,5.115,3.211,78.8,94.3,6.244,4.539,29.0,42.6,3.618,4.986,SA125P
EPH_relaxed_0001_pdb2pqr_Repair_70_r2_0001,14,1.3,2.358,4.115,4.603,4.231,40.3,25.4,4.331,3.328,52.1,64.3,5.051,4.88,SA125P
EPH_relaxed_0001_pdb2pqr_Repair_70_r2_0001,17,1.9,2.272,4.073,5.547,3.819,159.1,159.8,6.775,5.075,89.1,86.5,3.005,6.168,SA125P
EPH_relaxed_0001_pdb2pqr_Repair_71_r2_0001,1,-7.9,0.0,0.0,5.282,3.498,170.2,168.9,6.123,4.345,107.6,104.8,2.698,6.084,SA125Q
EPH_relaxed_0001_pdb2pqr_Repair_71_r2_0001,5,-5.6,0.917,1.348,4.475,2.93,68.8,55.6,5.037,3.659,46.4,24.6,3.859,5.07,SA125Q
EPH_relaxed_0001_pdb2pqr_Repair_71_r2_0001,8,-2.0,2.767,3.822,4.458,3.798,87.0,57.8,5.769,4.664,31.8,11.1,3.923,5.185,SA125Q
EPH_relaxed_0001_pdb2pqr_Repair_71_r2_0001,13,-0.4,1.579,2.188,5.363,3.394,86.4,96.8,6.644,4.813,31.0,40.6,4.639,6.195,SA125Q
EPH_relaxed_0001_pdb2pqr_Repair_71_r2_0001,17,1.5,4.318,12.205,4.728,3.17,116.8,119.0,5.287,4.232,91.9,73.5,4.406,6.161,SA125Q
EPH_relaxed_0001_pdb2pqr_Repair_71_r2_0001,19,1.6,1.604,2.81,3.437,2.777,136.6,131.0,3.949,2.757,107.3,132.2,2.527,2.769,SA125Q
EPH_relaxed_0001_pdb2pqr_Repair_71_r2_0001,20,1.9,2.275,4.083,5.551,3.827,159.9,161.0,6.767,5.067,89.9,87.4,3.013,6.203,SA125Q
EPH_relaxed_0001_pdb2pqr_Repair_72_r2_0001,1,-8.0,0.0,0.0,5.277,3.509,170.4,167.9,6.103,4.348,108.3,105.0,2.69,6.062,SA125R
EPH_relaxed_0001_pdb2pqr_Repair_72_r2_0001,5,-5.8,0.905,1.332,4.493,2.945,68.6,55.5,5.051,3.672,46.2,24.5,3.864,5.077,SA125R
EPH_relaxed_0001_pdb2pqr_Repair_72_r2_0001,7,-3.1,4.478,12.198,4.364,2.848,91.2,95.6,4.906,3.933,70.2,54.4,4.282,5.41,SA125R
EPH_relaxed_0001_pdb2pqr_Repair_72_r2_0001,14,-0.4,1.563,2.129,5.143,3.276,84.3,100.5,6.325,4.628,34.2,47.5,3.499,4.997,SA125R
EPH_relaxed_0001_pdb2pqr_Repair_72_r2_0001,18,0.6,2.447,4.121,4.403,4.216,51.9,42.3,4.835,3.946,32.0,53.5,5.442,5.055,SA125R
EPH_relaxed_0001_pdb2pqr_Repair_72_r2_0001,20,1.6,2.28,4.081,5.558,3.879,161.1,155.0,6.8,5.101,89.2,86.5,3.041,6.237,SA125R
EPH_relaxed_0001_pdb2pqr_Repair_73_r2_0001,1,-8.0,0.0,0.0,5.276,3.497,170.3,170.7,6.156,4.387,105.9,103.2,2.657,6.046,SA125T
EPH_relaxed_0001_pdb2pqr_Repair_73_r2_0001,5,-5.6,0.917,1.349,4.488,2.94,68.6,55.6,5.054,3.673,45.9,24.3,3.86,5.067,SA125T
EPH_relaxed_0001_pdb2pqr_Repair_73_r2_0001,7,-3.1,4.364,12.197,4.643,3.057,112.6,115.8,5.153,4.091,90.5,72.2,4.406,6.055,SA125T
EPH_relaxed_0001_pdb2pqr_Repair_73_r2_0001,14,-0.3,1.547,2.055,5.021,3.106,82.0,97.2,6.144,4.394,34.4,47.4,3.19,4.783,SA125T
EPH_relaxed_0001_pdb2pqr_Repair_73_r2_0001,15,0.5,2.714,4.639,4.721,4.821,21.9,9.3,4.435,3.992,38.7,56.5,4.31,3.057,SA125T
EPH_relaxed_0001_pdb2pqr_Repair_73_r2_0001,18,1.8,2.274,4.084,5.574,3.851,160.1,161.3,6.785,5.088,90.1,87.6,3.011,6.216,SA125T
EPH_relaxed_0001_pdb2pqr_Repair_74_r2_0001,1,-7.1,0.0,0.0,5.284,3.586,167.5,162.0,5.998,4.3,113.0,109.6,2.684,6.041,SA125V
EPH_relaxed_0001_pdb2pqr_Repair_74_r2_0001,5,-5.1,4.395,12.078,4.225,2.966,85.6,91.0,5.062,4.24,53.2,42.1,4.272,4.955,SA125V
EPH_relaxed_0001_pdb2pqr_Repair_74_r2_0001,6,-4.8,0.93,1.35,4.361,2.907,68.1,57.2,4.98,3.724,43.1,21.7,3.931,4.958,SA125V
EPH_relaxed_0001_pdb2pqr_Repair_74_r2_0001,15,0.6,1.642,2.345,5.374,3.472,89.3,100.6,6.683,4.916,33.7,43.2,4.744,6.294,SA125V
EPH_relaxed_0001_pdb2pqr_Repair_75_r2_0001,8,-0.5,2.871,9.598,4.07,2.984,129.1,156.8,4.85,3.786,91.6,102.9,2.704,3.036,SA125W
EPH_relaxed_0001_pdb2pqr_Repair_75_r2_0001,10,-0.1,2.904,8.074,4.572,3.485,106.9,83.7,6.017,4.637,48.3,38.2,2.793,4.635,SA125W
EPH_relaxed_0001_pdb2pqr_Repair_75_r2_0001,11,0.0,2.879,9.212,3.744,2.629,102.4,128.4,4.197,3.073,83.8,104.1,2.768,2.117,SA125W
EPH_relaxed_0001_pdb2pqr_Repair_75_r2_0001,18,1.8,2.096,8.214,5.34,4.929,43.2,38.6,4.792,3.826,65.9,82.6,4.924,4.328,SA125W
EPH_relaxed_0001_pdb2pqr_Repair_75_r2_0001,19,2.1,2.976,9.411,3.288,2.365,73.9,107.7,4.095,3.224,43.2,72.7,4.225,2.459,SA125W
EPH_relaxed_0001_pdb2pqr_Repair_76_r2_0001,4,-2.4,3.023,9.73,4.912,3.325,66.8,59.4,5.407,4.072,46.7,27.4,4.029,5.309,SA125Y
EPH_relaxed_0001_pdb2pqr_Repair_76_r2_0001,9,-1.0,2.892,9.307,4.455,3.246,76.5,53.7,4.179,3.173,87.1,56.3,3.02,4.59,SA125Y
EPH_relaxed_0001_pdb2pqr_Repair_76_r2_0001,16,1.8,2.979,9.295,3.42,2.764,135.2,135.3,4.011,2.87,102.8,127.5,2.702,2.701,SA125Y
EPH_relaxed_0001_pdb2pqr_Repair_76_r2_0001,17,1.8,2.102,8.215,5.155,4.947,43.3,39.0,4.61,3.826,65.7,83.8,4.808,4.356,SA125Y
EPH_relaxed_0001_pdb2pqr_Repair_172_r2_0001,1,-8.0,0.0,0.0,5.277,3.499,170.3,167.0,6.08,4.321,109.3,105.5,2.698,6.061,SA176A
EPH_relaxed_0001_pdb2pqr_Repair_172_r2_0001,5,-5.7,0.912,1.332,4.497,2.93,68.7,55.9,5.058,3.665,46.2,24.8,3.858,5.067,SA176A
EPH_relaxed_0001_pdb2pqr_Repair_172_r2_0001,7,-3.2,4.464,12.203,4.404,2.864,90.9,96.2,4.929,3.937,70.5,55.4,4.303,5.421,SA176A
EPH_relaxed_0001_pdb2pqr_Repair_172_r2_0001,10,-2.1,2.678,3.73,4.451,3.647,93.3,64.3,5.828,4.633,36.6,17.2,3.732,5.218,SA176A
EPH_relaxed_0001_pdb2pqr_Repair_172_r2_0001,16,-0.5,1.57,2.143,5.19,3.271,76.8,91.6,6.309,4.589,26.1,39.9,3.683,5.097,SA176A
EPH_relaxed_0001_pdb2pqr_Repair_172_r2_0001,17,0.3,2.699,4.618,4.721,4.808,21.0,9.9,4.418,3.964,38.9,57.1,4.336,3.046,SA176A
EPH_relaxed_0001_pdb2pqr_Repair_172_r2_0001,20,1.7,2.271,4.078,5.576,3.853,160.7,160.5,6.789,5.089,90.2,87.5,3.037,6.225,SA176A
EPH_relaxed_0001_pdb2pqr_Repair_173_r2_0001,1,-7.8,0.0,0.0,5.226,3.5,169.7,165.5,6.009,4.306,110.1,106.0,2.692,6.022,SA176C
EPH_relaxed_0001_pdb2pqr_Repair_173_r2_0001,4,-5.5,0.9,1.329,4.402,2.89,68.6,58.5,5.032,3.727,43.0,22.7,3.94,5.015,SA176C
EPH_relaxed_0001_pdb2pqr_Repair_173_r2_0001,7,-2.9,4.507,12.202,4.319,2.82,83.3,87.9,4.857,3.897,62.8,47.7,4.23,5.185,SA176C
EPH_relaxed_0001_pdb2pqr_Repair_173_r2_0001,10,-0.5,2.106,3.35,4.191,3.256,172.7,148.1,5.059,3.693,105.5,117.4,2.62,4.438,SA176C
EPH_relaxed_0001_pdb2pqr_Repair_173_r2_0001,13,0.0,1.613,2.231,5.217,3.341,74.8,90.4,6.32,4.663,23.5,38.2,3.774,5.152,SA176C
EPH_relaxed_0001_pdb2pqr_Repair_173_r2_0001,15,0.9,2.397,4.247,4.604,4.409,46.9,37.4,4.805,3.895,37.7,58.8,5.333,4.917,SA176C
EPH_relaxed_0001_pdb2pqr_Repair_173_r2_0001,17,1.7,1.595,2.791,3.415,2.78,136.0,131.9,3.938,2.784,106.3,131.4,2.526,2.737,SA176C
EPH_relaxed_0001_pdb2pqr_Repair_174_r2_0001,1,-5.2,0.0,0.0,5.265,3.497,165.7,161.7,5.933,4.192,114.7,110.2,2.698,6.037,SA176D
EPH_relaxed_0001_pdb2pqr_Repair_174_r2_0001,3,-3.3,1.198,1.397,5.368,3.404,72.8,64.4,5.399,3.664,71.6,54.9,4.053,6.13,SA176D
EPH_relaxed_0001_pdb2pqr_Repair_174_r2_0001,4,-3.2,4.568,12.159,4.388,2.847,90.6,95.8,4.907,3.917,70.5,55.2,4.322,5.427,SA176D
EPH_relaxed_0001_pdb2pqr_Repair_174_r2_0001,6,-2.1,4.65,12.13,3.878,3.391,63.2,84.8,4.482,3.857,38.5,67.4,4.363,2.858,SA176D
EPH_relaxed_0001_pdb2pqr_Repair_174_r2_0001,10,1.5,1.761,2.496,5.533,3.547,83.0,92.6,6.765,4.927,28.5,37.4,4.739,6.343,SA176D
EPH_relaxed_0001_pdb2pqr_Repair_174_r2_0001,15,4.0,1.507,2.882,4.337,3.157,145.1,159.0,5.758,4.331,75.4,88.4,2.699,4.079,SA176D
EPH_relaxed_0001_pdb2pqr_Repair_174_r2_0001,16,4.1,1.588,2.577,3.508,2.767,134.2,132.2,3.994,2.788,107.0,130.5,2.631,2.882,SA176D
EPH_relaxed_0001_pdb2pqr_Repair_175_r2_0001,1,-2.8,0.0,0.0,4.396,2.864,90.9,96.2,4.93,3.945,70.3,55.1,4.291,5.404,SA176E
EPH_relaxed_0001_pdb2pqr_Repair_175_r2_0001,2,-2.7,4.786,12.254,4.584,2.592,82.0,95.8,5.27,3.431,55.4,64.1,2.455,4.219,SA176E
EPH_relaxed_0001_pdb2pqr_Repair_175_r2_0001,3,-1.7,0.863,1.213,3.913,3.414,63.4,84.7,4.499,3.851,39.6,68.3,4.325,2.851,SA176E
EPH_relaxed_0001_pdb2pqr_Repair_175_r2_0001,9,2.7,7.82,12.833,3.208,2.958,63.1,90.6,3.919,3.543,35.0,68.5,4.77,2.715,SA176E
EPH_relaxed_0001_pdb2pqr_Repair_175_r2_0001,13,3.6,5.13,11.874,4.02,3.193,169.7,152.0,5.161,3.958,93.3,103.2,2.667,3.72,SA176E
EPH_relaxed_0001_pdb2pqr_Repair_176_r2_0001,1,-2.9,0.0,0.0,4.394,2.868,90.4,95.2,4.927,3.945,69.7,54.3,4.281,5.39,SA176F
EPH_relaxed_0001_pdb2pqr_Repair_176_r2_0001,2,-1.8,0.853,1.196,3.871,3.396,62.6,83.6,4.467,3.835,38.1,67.2,4.35,2.841,SA176F
EPH_relaxed_0001_pdb2pqr_Repair_176_r2_0001,3,-0.4,4.826,12.236,4.697,2.724,79.1,92.5,5.255,3.419,57.5,66.3,2.41,4.214,SA176F
EPH_relaxed_0001_pdb2pqr_Repair_176_r2_0001,7,4.2,1.356,1.84,4.93,3.204,127.9,146.3,5.007,3.827,123.3,107.1,2.564,5.185,SA176F
EPH_relaxed_0001_pdb2pqr_Repair_176_r2_0001,8,4.4,4.762,11.682,4.358,3.217,146.4,155.6,5.773,4.365,76.3,88.6,2.682,4.084,SA176F
EPH_relaxed_0001_pdb2pqr_Repair_176_r2_0001,9,4.5,7.781,12.713,3.964,3.428,44.9,78.6,4.46,4.531,17.3,34.6,4.624,2.692,SA176F
EPH_relaxed_0001_pdb2pqr_Repair_177_r2_0001,4,-5.4,2.834,8.318,5.218,3.509,169.3,161.9,5.954,4.268,112.2,107.3,2.688,6.022,SA176G
EPH_relaxed_0001_pdb2pqr_Repair_177_r2_0001,6,-4.6,2.45,8.155,4.506,2.561,79.7,94.5,5.197,3.388,52.8,63.4,2.428,4.114,SA176G
EPH_relaxed_0001_pdb2pqr_Repair_177_r2_0001,11,-2.5,3.929,8.1,4.749,2.835,81.3,98.2,5.758,4.052,40.0,51.6,2.886,4.449,SA176G
EPH_relaxed_0001_pdb2pqr_Repair_177_r2_0001,12,-2.3,1.428,7.571,5.172,4.744,26.9,18.2,4.516,3.723,58.0,66.4,5.305,5.13,SA176G
EPH_relaxed_0001_pdb2pqr_Repair_177_r2_0001,14,-1.9,2.371,8.343,3.365,2.674,143.5,139.8,4.006,2.875,105.2,124.9,2.507,2.879,SA176G
EPH_relaxed_0001_pdb2pqr_Repair_177_r2_0001,15,-1.6,8.714,13.486,4.349,2.885,85.6,90.1,4.918,3.984,63.7,48.7,4.239,5.222,SA176G
EPH_relaxed_0001_pdb2pqr_Repair_177_r2_0001,18,6.8,1.723,7.582,4.029,3.149,102.6,78.5,5.43,4.135,46.5,40.8,2.658,4.293,SA176G
EPH_relaxed_0001_pdb2pqr_Repair_178_r2_0001,1,-2.8,0.0,0.0,4.405,2.875,90.4,95.5,4.94,3.953,69.7,54.6,4.28,5.387,SA176H
EPH_relaxed_0001_pdb2pqr_Repair_178_r2_0001,2,-2.1,4.615,12.114,5.405,3.611,159.5,162.1,6.008,4.243,116.2,113.5,2.694,6.068,SA176H
EPH_relaxed_0001_pdb2pqr_Repair_178_r2_0001,10,7.1,5.683,13.091,4.954,3.3,75.6,54.9,5.117,3.263,69.3,56.3,3.745,5.786,SA176H
EPH_relaxed_0001_pdb2pqr_Repair_178_r2_0001,13,8.0,4.529,11.658,4.568,3.21,133.3,151.6,6.056,4.552,66.9,79.7,2.865,4.357,SA176H
EPH_relaxed_0001_pdb2pqr_Repair_179_r2_0001,1,-7.9,0.0,0.0,5.221,3.494,172.3,164.5,6.035,4.329,109.1,104.5,2.696,6.036,SA176I
EPH_relaxed_0001_pdb2pqr_Repair_179_r2_0001,6,-2.9,4.44,12.167,4.415,2.909,89.0,92.7,4.967,3.988,67.7,52.0,4.258,5.358,SA176I
EPH_relaxed_0001_pdb2pqr_Repair_179_r2_0001,9,-0.5,1.602,2.188,5.142,3.264,78.3,94.2,6.278,4.602,27.8,41.9,3.598,5.027,SA176I
EPH_relaxed_0001_pdb2pqr_Repair_179_r2_0001,12,0.5,2.454,4.171,4.504,4.347,48.7,39.7,4.819,3.955,34.1,56.1,5.441,4.953,SA176I
EPH_relaxed_0001_pdb2pqr_Repair_179_r2_0001,15,2.3,1.746,2.919,4.356,3.453,118.1,92.3,4.548,3.661,108.5,84.1,2.866,4.676,SA176I
EPH_relaxed_0001_pdb2pqr_Repair_180_r2_0001,1,-4.4,0.0,0.0,4.627,2.651,81.3,95.0,5.264,3.428,56.6,65.6,2.463,4.225,SA176K
EPH_relaxed_0001_pdb2pqr_Repair_180_r2_0001,2,-2.9,4.736,12.279,4.396,2.873,90.2,95.1,4.923,3.947,69.8,54.5,4.294,5.397,SA176K
EPH_relaxed_0001_pdb2pqr_Repair_180_r2_0001,3,-1.8,4.893,12.268,3.872,3.399,62.5,83.7,4.469,3.842,38.1,67.2,4.358,2.842,SA176K
EPH_relaxed_0001_pdb2pqr_Repair_180_r2_0001,12,2.3,1.548,3.018,3.965,3.119,167.6,153.2,5.14,3.904,91.6,102.7,2.619,3.66,SA176K
EPH_relaxed_0001_pdb2pqr_Repair_181_r2_0001,1,-6.6,0.0,0.0,5.319,3.537,167.5,168.4,6.099,4.344,109.9,106.6,2.692,6.081,SA176L
EPH_relaxed_0001_pdb2pqr_Repair_181_r2_0001,5,-3.2,4.492,12.153,4.392,2.853,92.3,96.0,4.93,3.928,71.4,55.3,4.277,5.435,SA176L
EPH_relaxed_0001_pdb2pqr_Repair_181_r2_0001,6,-1.5,4.278,12.063,4.614,3.808,76.5,96.8,5.333,4.469,48.1,70.9,3.928,3.311,SA176L
EPH_relaxed_0001_pdb2pqr_Repair_181_r2_0001,14,2.2,1.528,2.83,4.149,2.894,152.0,177.7,5.431,3.878,83.4,98.4,2.708,4.222,SA176L
EPH_relaxed_0001_pdb2pqr_Repair_181_r2_0001,15,2.4,1.657,2.329,5.582,3.615,84.7,95.1,6.833,5.014,29.9,39.2,4.779,6.405,SA176L
EPH_relaxed_0001_pdb2pqr_Repair_182_r2_0001,1,-7.9,0.0,0.0,5.262,3.527,170.2,169.3,6.117,4.403,107.0,103.7,2.657,6.041,SA176M
EPH_relaxed_0001_pdb2pqr_Repair_182_r2_0001,5,-2.9,4.458,12.18,4.388,2.872,90.7,94.4,4.943,3.957,69.3,53.4,4.259,5.385,SA176M
EPH_relaxed_0001_pdb2pqr_Repair_182_r2_0001,10,0.6,1.701,2.821,4.427,2.88,66.3,61.4,5.236,3.343,30.8,44.6,2.854,4.235,SA176M
EPH_relaxed_0001_pdb2pqr_Repair_182_r2_0001,11,0.7,1.521,2.089,5.347,3.717,156.5,144.8,6.633,4.957,86.0,81.7,2.906,6.133,SA176M
EPH_relaxed_0001_pdb2pqr_Repair_182_r2_0001,12,1.2,2.309,4.18,4.677,4.284,41.4,29.9,4.339,3.308,55.7,70.0,4.865,4.676,SA176M
EPH_relaxed_0001_pdb2pqr_Repair_182_r2_0001,14,1.5,1.599,2.796,3.414,2.777,136.5,132.4,3.933,2.791,106.9,131.3,2.518,2.761,SA176M
EPH_relaxed_0001_pdb2pqr_Repair_182_r2_0001,16,2.0,1.575,2.853,4.112,3.114,150.1,163.6,5.487,4.18,79.1,93.7,2.704,3.826,SA176M
EPH_relaxed_0001_pdb2pqr_Repair_182_r2_0001,19,2.8,2.069,4.035,3.568,3.284,135.4,121.7,4.075,3.03,106.9,138.7,3.262,3.199,SA176M
EPH_relaxed_0001_pdb2pqr_Repair_183_r2_0001,1,-6.8,0.0,0.0,5.306,3.521,169.9,168.5,6.127,4.36,108.5,105.1,2.698,6.077,SA176N
EPH_relaxed_0001_pdb2pqr_Repair_183_r2_0001,5,-3.2,4.417,12.124,4.424,2.926,86.2,91.8,4.938,3.989,66.5,51.8,4.284,5.3,SA176N
EPH_relaxed_0001_pdb2pqr_Repair_183_r2_0001,10,1.2,2.237,3.081,2.946,2.837,67.4,97.4,3.678,3.393,39.9,75.6,4.83,2.425,SA176N
EPH_relaxed_0001_pdb2pqr_Repair_183_r2_0001,11,1.2,1.683,2.324,5.703,3.745,41.5,44.8,5.752,4.15,39.1,24.7,4.538,5.932,SA176N
EPH_relaxed_0001_pdb2pqr_Repair_183_r2_0001,15,1.9,2.463,4.161,4.529,4.342,46.3,41.5,4.812,3.961,32.8,57.1,5.399,4.844,SA176N
EPH_relaxed_0001_pdb2pqr_Repair_183_r2_0001,16,2.1,1.539,2.825,4.101,2.957,155.0,171.7,5.385,3.928,84.3,98.6,2.723,4.026,SA176N
EPH_relaxed_0001_pdb2pqr_Repair_183_r2_0001,17,3.4,1.593,2.727,3.492,2.769,135.9,131.6,3.987,2.768,107.7,131.5,2.55,2.856,SA176N
EPH_relaxed_0001_pdb2pqr_Repair_184_r2_0001,1,-5.7,0.0,0.0,5.233,3.49,138.1,127.1,5.206,3.428,139.8,130.9,2.701,6.067,SA176P
EPH_relaxed_0001_pdb2pqr_Repair_184_r2_0001,4,-5.3,1.377,2.074,5.32,3.38,70.6,64.7,5.744,4.029,53.7,39.2,4.271,6.153,SA176P
EPH_relaxed_0001_pdb2pqr_Repair_184_r2_0001,10,-3.1,1.513,2.758,3.371,2.714,143.4,135.3,3.943,2.799,108.3,128.9,2.486,2.88,SA176P
EPH_relaxed_0001_pdb2pqr_Repair_184_r2_0001,11,-2.7,1.784,3.489,4.218,3.209,83.6,84.5,5.276,3.877,41.2,59.7,3.031,3.689,SA176P
EPH_relaxed_0001_pdb2pqr_Repair_184_r2_0001,14,-1.7,5.27,12.553,4.386,2.868,90.4,94.1,4.929,3.944,69.5,53.5,4.255,5.39,SA176P
EPH_relaxed_0001_pdb2pqr_Repair_185_r2_0001,1,-8.3,0.0,0.0,5.266,3.491,171.0,167.6,6.093,4.336,108.3,104.6,2.698,6.055,SA176Q
EPH_relaxed_0001_pdb2pqr_Repair_185_r2_0001,5,-3.1,4.355,12.2,4.717,3.103,119.5,124.0,5.169,4.09,98.4,79.6,4.449,6.197,SA176Q
EPH_relaxed_0001_pdb2pqr_Repair_185_r2_0001,6,-3.1,2.034,3.382,4.234,3.245,82.6,81.2,5.278,3.868,40.6,58.1,3.016,3.688,SA176Q
EPH_relaxed_0001_pdb2pqr_Repair_185_r2_0001,12,0.0,1.588,2.169,5.307,3.377,72.3,86.3,6.375,4.662,20.9,35.1,3.879,5.27,SA176Q
EPH_relaxed_0001_pdb2pqr_Repair_185_r2_0001,14,1.3,2.393,4.111,4.651,4.276,39.0,28.1,4.236,3.249,56.7,70.6,5.177,4.938,SA176Q
EPH_relaxed_0001_pdb2pqr_Repair_185_r2_0001,17,2.4,1.58,2.882,3.418,2.681,142.4,139.0,4.07,2.866,104.2,125.4,2.7,2.975,SA176Q
EPH_relaxed_0001_pdb2pqr_Repair_186_r2_0001,1,-2.6,0.0,0.0,4.307,2.812,82.5,87.1,4.847,3.89,61.9,46.9,4.3,5.15,SA176R
EPH_relaxed_0001_pdb2pqr_Repair_186_r2_0001,2,-1.9,0.78,1.206,4.464,3.587,84.0,109.6,4.687,3.909,75.5,95.3,3.64,2.7,SA176R
EPH_relaxed_0001_pdb2pqr_Repair_186_r2_0001,5,4.4,1.363,1.862,4.807,3.119,134.4,154.9,4.985,3.833,123.4,106.5,2.505,5.159,SA176R
EPH_relaxed_0001_pdb2pqr_Repair_186_r2_0001,11,7.5,1.572,2.624,3.387,2.367,61.8,95.1,4.316,3.601,18.5,49.1,5.564,4.259,SA176R
EPH_relaxed_0001_pdb2pqr_Repair_186_r2_0001,13,8.7,1.296,2.351,4.93,3.439,131.9,153.2,5.025,4.12,126.0,107.9,3.049,5.123,SA176R
EPH_relaxed_0001_pdb2pqr_Repair_186_r2_0001,14,9.7,1.559,3.157,3.797,3.257,60.2,74.6,4.41,3.544,34.4,64.1,4.314,2.982,SA176R
EPH_relaxed_0001_pdb2pqr_Repair_187_r2_0001,1,-7.6,0.0,0.0,5.25,3.464,170.2,167.1,6.058,4.288,109.1,105.5,2.703,6.049,SA176T
EPH_relaxed_0001_pdb2pqr_Repair_187_r2_0001,3,-5.3,0.921,1.343,4.486,2.923,67.8,55.1,5.024,3.642,46.2,24.5,3.838,5.022,SA176T
EPH_relaxed_0001_pdb2pqr_Repair_187_r2_0001,7,-3.1,4.466,12.196,4.461,2.92,95.4,100.7,4.993,3.997,74.5,59.1,4.293,5.519,SA176T
EPH_relaxed_0001_pdb2pqr_Repair_187_r2_0001,10,-1.1,4.662,12.162,4.05,2.796,156.4,169.8,4.682,3.974,112.4,89.5,2.77,4.553,SA176T
EPH_relaxed_0001_pdb2pqr_Repair_187_r2_0001,11,-1.0,2.665,3.687,4.535,3.724,94.0,65.2,5.919,4.727,37.1,17.4,3.797,5.329,SA176T
EPH_relaxed_0001_pdb2pqr_Repair_187_r2_0001,13,-0.7,1.607,2.194,5.155,3.235,77.4,92.4,6.271,4.55,27.5,41.0,3.666,5.063,SA176T
EPH_relaxed_0001_pdb2pqr_Repair_187_r2_0001,18,1.3,2.352,4.07,4.671,4.31,39.3,26.5,4.362,3.37,52.8,66.6,5.094,4.894,SA176T
EPH_relaxed_0001_pdb2pqr_Repair_188_r2_0001,1,-8.0,0.0,0.0,5.276,3.493,172.4,168.0,6.138,4.363,107.0,103.6,2.686,6.069,SA176V
EPH_relaxed_0001_pdb2pqr_Repair_188_r2_0001,6,-3.2,4.484,12.18,4.384,2.846,90.5,95.8,4.914,3.924,70.0,54.9,4.311,5.418,SA176V
EPH_relaxed_0001_pdb2pqr_Repair_188_r2_0001,8,-0.8,2.132,3.35,3.93,2.892,96.9,83.7,5.235,3.746,45.1,52.3,2.604,3.883,SA176V
EPH_relaxed_0001_pdb2pqr_Repair_188_r2_0001,11,-0.5,1.606,2.146,5.05,3.125,79.0,93.8,6.177,4.43,29.6,43.2,3.532,4.958,SA176V
EPH_relaxed_0001_pdb2pqr_Repair_188_r2_0001,15,0.4,2.435,4.12,4.466,4.261,49.6,41.4,4.831,3.933,32.6,55.0,5.406,4.983,SA176V
EPH_relaxed_0001_pdb2pqr_Repair_189_r2_0001,1,-1.6,0.0,0.0,5.23,3.535,106.6,125.4,4.373,3.264,174.3,145.3,3.308,5.294,SA176W
EPH_relaxed_0001_pdb2pqr_Repair_189_r2_0001,5,5.4,1.317,1.7,5.055,3.191,119.9,135.2,4.887,3.56,129.2,112.9,2.583,5.369,SA176W
EPH_relaxed_0001_pdb2pqr_Repair_189_r2_0001,12,10.2,1.366,2.5,4.131,2.927,99.0,124.4,4.179,3.153,96.9,111.8,2.612,2.888,SA176W
EPH_relaxed_0001_pdb2pqr_Repair_189_r2_0001,16,11.6,1.778,2.882,4.37,3.519,82.3,108.8,5.585,5.009,30.8,48.9,5.762,4.845,SA176W
EPH_relaxed_0001_pdb2pqr_Repair_189_r2_0001,17,11.8,1.552,3.216,3.982,2.992,57.5,44.5,4.822,3.356,12.5,29.0,3.801,4.2,SA176W
EPH_relaxed_0001_pdb2pqr_Repair_190_r2_0001,1,-2.8,0.0,0.0,4.741,3.057,124.5,130.9,5.123,3.983,105.5,86.1,4.459,6.326,SA176Y
EPH_relaxed_0001_pdb2pqr_Repair_190_r2_0001,2,1.6,4.734,12.175,5.022,3.04,71.3,84.0,5.453,3.642,54.3,61.8,2.456,4.348,SA176Y
EPH_relaxed_0001_pdb2pqr_Repair_190_r2_0001,5,4.0,1.225,1.61,4.558,2.861,125.3,124.9,5.054,3.858,101.0,79.6,4.208,6.188,SA176Y
EPH_relaxed_0001_pdb2pqr_Repair_190_r2_0001,15,9.1,1.319,2.365,5.238,3.674,72.0,89.8,5.021,4.001,80.4,77.2,2.625,3.986,SA176Y
EPH_relaxed_0001_pdb2pqr_Repair_190_r2_0001,16,9.2,1.694,2.458,2.931,2.202,81.8,128.6,3.71,3.245,53.3,79.2,4.61,2.625,SA176Y
EPH_relaxed_0001_pdb2pqr_Repair_190_r2_0001,17,9.7,1.573,3.146,4.083,2.93,55.2,64.9,4.819,3.547,17.0,42.1,3.787,3.756,SA176Y
EPH_relaxed_0001_pdb2pqr_Repair_190_r2_0001,19,10.1,4.374,11.652,4.746,2.898,92.1,110.5,6.098,4.391,36.1,50.8,3.674,4.925,SA176Y
EPH_relaxed_0001_pdb2pqr_Repair_210_r2_0001,1,-7.9,0.0,0.0,5.288,3.49,169.6,171.4,6.163,4.379,106.0,103.3,2.685,6.068,SA181A
EPH_relaxed_0001_pdb2pqr_Repair_210_r2_0001,7,-3.0,4.363,12.207,4.672,3.053,123.2,124.1,5.237,4.111,96.6,76.9,4.389,6.257,SA181A
EPH_relaxed_0001_pdb2pqr_Repair_210_r2_0001,10,-1.4,2.162,3.275,3.729,2.642,114.7,94.6,5.176,3.707,55.5,54.6,2.372,4.077,SA181A
EPH_relaxed_0001_pdb2pqr_Repair_210_r2_0001,14,-0.4,1.578,2.153,5.222,3.293,73.6,87.9,6.306,4.588,22.5,36.7,3.805,5.177,SA181A
EPH_relaxed_0001_pdb2pqr_Repair_210_r2_0001,18,1.0,2.25,4.417,4.587,4.165,142.4,114.1,4.798,3.815,127.7,134.3,3.059,4.353,SA181A
EPH_relaxed_0001_pdb2pqr_Repair_211_r2_0001,1,-7.8,0.0,0.0,5.226,3.505,164.8,160.6,5.871,4.189,115.6,110.4,2.698,6.011,SA181C
EPH_relaxed_0001_pdb2pqr_Repair_211_r2_0001,6,-2.8,4.523,12.232,4.364,2.846,92.0,94.8,4.907,3.922,70.9,54.1,4.272,5.43,SA181C
EPH_relaxed_0001_pdb2pqr_Repair_211_r2_0001,13,-0.1,1.616,2.292,5.565,3.593,74.1,84.0,6.663,4.881,21.6,31.2,4.515,6.118,SA181C
EPH_relaxed_0001_pdb2pqr_Repair_211_r2_0001,19,1.5,1.586,2.784,3.402,2.772,135.8,132.5,3.931,2.793,105.9,130.8,2.591,2.735,SA181C
EPH_relaxed_0001_pdb2pqr_Repair_212_r2_0001,1,-7.8,0.0,0.0,5.233,3.514,164.9,160.6,5.879,4.201,115.6,110.3,2.696,6.008,SA181D
EPH_relaxed_0001_pdb2pqr_Repair_212_r2_0001,7,-2.9,4.519,12.211,4.372,2.852,90.3,94.0,4.911,3.927,69.5,53.4,4.279,5.391,SA181D
EPH_relaxed_0001_pdb2pqr_Repair_212_r2_0001,14,-0.3,1.596,2.247,5.315,3.368,83.6,94.3,6.551,4.764,29.5,39.0,4.64,6.158,SA181D
EPH_relaxed_0001_pdb2pqr_Repair_213_r2_0001,1,-7.9,0.0,0.0,5.28,3.495,170.1,169.9,6.132,4.363,107.1,104.0,2.667,6.041,SA181E
EPH_relaxed_0001_pdb2pqr_Repair_213_r2_0001,5,-5.7,0.915,1.343,4.505,2.938,68.8,55.8,5.059,3.662,46.6,25.1,3.852,5.076,SA181E
EPH_relaxed_0001_pdb2pqr_Repair_213_r2_0001,6,-3.1,4.457,12.186,4.401,2.863,93.0,97.8,4.929,3.939,72.4,56.7,4.296,5.457,SA181E
EPH_relaxed_0001_pdb2pqr_Repair_213_r2_0001,10,-1.9,2.684,3.755,4.327,3.725,83.6,53.1,5.586,4.484,30.1,11.0,4.319,5.305,SA181E
EPH_relaxed_0001_pdb2pqr_Repair_213_r2_0001,15,-0.5,1.567,2.133,5.157,3.262,81.7,97.4,6.317,4.605,31.7,44.9,3.559,5.025,SA181E
EPH_relaxed_0001_pdb2pqr_Repair_213_r2_0001,17,1.2,2.313,4.105,4.619,4.211,41.6,27.4,4.327,3.284,54.0,66.4,4.961,4.844,SA181E
EPH_relaxed_0001_pdb2pqr_Repair_214_r2_0001,1,-7.8,0.0,0.0,5.258,3.542,165.4,159.9,5.906,4.227,115.7,110.2,2.706,6.041,SA181F
EPH_relaxed_0001_pdb2pqr_Repair_214_r2_0001,5,-2.9,4.508,12.213,4.366,2.866,84.7,89.2,4.906,3.941,64.0,48.9,4.239,5.239,SA181F
EPH_relaxed_0001_pdb2pqr_Repair_214_r2_0001,11,-0.8,2.599,3.738,4.637,3.961,87.4,59.6,5.841,4.715,38.0,24.8,3.18,4.709,SA181F
EPH_relaxed_0001_pdb2pqr_Repair_214_r2_0001,14,-0.2,1.572,2.172,5.203,3.331,76.2,91.7,6.322,4.654,25.0,39.8,3.779,5.166,SA181F
EPH_relaxed_0001_pdb2pqr_Repair_214_r2_0001,17,1.3,1.565,2.754,3.44,2.795,136.5,131.9,3.941,2.792,107.7,131.9,2.595,2.846,SA181F
EPH_relaxed_0001_pdb2pqr_Repair_215_r2_0001,1,-7.9,0.0,0.0,5.28,3.502,170.7,166.9,6.09,4.329,109.1,105.4,2.7,6.062,SA181G
EPH_relaxed_0001_pdb2pqr_Repair_215_r2_0001,5,-5.6,0.911,1.334,4.497,2.937,68.3,55.4,5.053,3.663,46.0,24.4,3.855,5.05,SA181G
EPH_relaxed_0001_pdb2pqr_Repair_215_r2_0001,7,-3.2,4.481,12.207,4.377,2.834,92.9,97.1,4.911,3.912,72.2,56.1,4.308,5.474,SA181G
EPH_relaxed_0001_pdb2pqr_Repair_215_r2_0001,8,-2.8,1.464,2.232,5.217,3.322,63.3,48.9,4.941,3.149,73.9,55.3,3.919,5.884,SA181G
EPH_relaxed_0001_pdb2pqr_Repair_215_r2_0001,13,-0.4,1.582,2.172,5.227,3.296,75.1,89.3,6.331,4.603,23.9,37.8,3.74,5.152,SA181G
EPH_relaxed_0001_pdb2pqr_Repair_215_r2_0001,15,1.0,2.306,4.2,4.669,4.303,41.3,30.6,4.36,3.337,54.5,70.2,4.9,4.679,SA181G
EPH_relaxed_0001_pdb2pqr_Repair_215_r2_0001,20,1.8,2.278,4.096,5.539,3.799,160.0,162.5,6.735,5.03,90.8,88.1,2.991,6.177,SA181G
EPH_relaxed_0001_pdb2pqr_Repair_216_r2_0001,1,-5.2,0.0,0.0,4.907,2.949,74.6,87.9,5.836,4.031,35.0,47.2,3.011,4.556,SA181H
EPH_relaxed_0001_pdb2pqr_Repair_216_r2_0001,4,-3.0,4.514,12.187,4.377,2.839,90.8,95.6,4.915,3.92,70.0,54.6,4.293,5.408,SA181H
EPH_relaxed_0001_pdb2pqr_Repair_216_r2_0001,11,-0.4,1.338,1.777,5.223,3.289,74.2,88.4,6.316,4.59,23.1,37.1,3.757,5.154,SA181H
EPH_relaxed_0001_pdb2pqr_Repair_216_r2_0001,17,1.5,1.59,2.718,3.45,2.758,141.2,134.9,4.023,2.83,107.2,129.5,2.665,2.927,SA181H
EPH_relaxed_0001_pdb2pqr_Repair_216_r2_0001,19,1.9,2.257,4.04,5.529,3.821,160.3,158.6,6.761,5.066,89.3,86.5,3.005,6.165,SA181H
EPH_relaxed_0001_pdb2pqr_Repair_217_r2_0001,1,-8.0,0.0,0.0,5.291,3.496,169.9,171.0,6.164,4.381,106.2,103.4,2.681,6.063,SA181I
EPH_relaxed_0001_pdb2pqr_Repair_217_r2_0001,5,-3.2,4.42,12.191,4.401,2.897,89.2,93.6,4.93,3.967,68.8,53.2,4.273,5.359,SA181I
EPH_relaxed_0001_pdb2pqr_Repair_217_r2_0001,8,-1.3,2.772,3.802,4.489,3.794,88.5,59.2,5.815,4.69,33.0,12.1,4.028,5.295,SA181I
EPH_relaxed_0001_pdb2pqr_Repair_217_r2_0001,11,-0.5,1.579,2.151,5.15,3.22,73.8,88.5,6.23,4.514,23.5,37.7,3.691,5.041,SA181I
EPH_relaxed_0001_pdb2pqr_Repair_217_r2_0001,13,0.6,2.433,4.174,4.603,4.347,52.9,43.9,4.904,3.949,39.7,59.9,5.488,5.199,SA181I
EPH_relaxed_0001_pdb2pqr_Repair_217_r2_0001,17,1.8,2.274,4.084,5.567,3.884,161.1,155.0,6.809,5.104,89.2,86.5,3.002,6.206,SA181I
EPH_relaxed_0001_pdb2pqr_Repair_218_r2_0001,1,-7.9,0.0,0.0,5.22,3.506,164.9,160.1,5.862,4.186,115.7,110.5,2.699,6.013,SA181K
EPH_relaxed_0001_pdb2pqr_Repair_218_r2_0001,6,-3.0,4.512,12.213,4.417,2.932,86.3,90.9,4.954,4.005,65.7,50.5,4.261,5.3,SA181K
EPH_relaxed_0001_pdb2pqr_Repair_218_r2_0001,12,-0.2,1.602,2.248,5.165,3.334,83.6,100.5,6.359,4.71,32.4,46.4,3.654,5.106,SA181K
EPH_relaxed_0001_pdb2pqr_Repair_218_r2_0001,18,2.1,2.322,4.142,5.547,3.896,161.4,158.4,6.77,5.126,90.0,87.2,3.034,6.212,SA181K
EPH_relaxed_0001_pdb2pqr_Repair_218_r2_0001,19,2.1,1.67,2.911,4.384,3.426,87.5,59.1,4.576,3.499,80.0,56.4,3.051,4.692,SA181K
EPH_relaxed_0001_pdb2pqr_Repair_219_r2_0001,1,-7.8,0.0,0.0,5.223,3.504,165.1,160.6,5.874,4.194,115.4,110.2,2.701,6.004,SA181L
EPH_relaxed_0001_pdb2pqr_Repair_219_r2_0001,5,-2.9,4.514,12.217,4.449,2.947,92.1,95.1,4.995,4.017,70.9,54.5,4.273,5.457,SA181L
EPH_relaxed_0001_pdb2pqr_Repair_219_r2_0001,8,-1.1,2.057,3.298,4.08,3.171,172.3,147.0,4.943,3.586,105.5,117.8,2.579,4.313,SA181L
EPH_relaxed_0001_pdb2pqr_Repair_219_r2_0001,13,-0.2,1.64,2.335,5.412,3.486,91.0,102.2,6.727,4.937,35.7,44.5,4.869,6.443,SA181L
EPH_relaxed_0001_pdb2pqr_Repair_219_r2_0001,16,1.3,2.297,4.077,4.605,4.234,39.6,24.8,4.293,3.308,53.1,64.9,5.021,4.836,SA181L
EPH_relaxed_0001_pdb2pqr_Repair_220_r2_0001,1,-7.9,0.0,0.0,5.296,3.501,170.4,170.3,6.163,4.381,106.5,103.6,2.689,6.081,SA181M
EPH_relaxed_0001_pdb2pqr_Repair_220_r2_0001,7,-2.0,2.781,3.846,4.449,3.828,83.6,54.0,5.717,4.62,29.3,7.9,4.074,5.184,SA181M
EPH_relaxed_0001_pdb2pqr_Repair_220_r2_0001,12,-0.5,4.568,12.17,4.138,2.932,133.5,162.3,4.509,3.889,112.5,97.6,2.53,3.789,SA181M
EPH_relaxed_0001_pdb2pqr_Repair_220_r2_0001,13,-0.4,1.578,2.174,5.542,3.533,73.5,82.7,6.633,4.805,20.9,30.4,4.45,6.045,SA181M
EPH_relaxed_0001_pdb2pqr_Repair_220_r2_0001,15,0.6,2.294,3.28,3.144,2.994,64.7,91.4,3.815,3.467,38.8,73.4,4.825,2.652,SA181M
EPH_relaxed_0001_pdb2pqr_Repair_220_r2_0001,17,0.6,2.347,4.243,4.586,4.34,46.1,36.2,4.777,3.812,37.3,58.4,5.187,4.84,SA181M
EPH_relaxed_0001_pdb2pqr_Repair_220_r2_0001,18,2.2,4.463,12.186,4.377,2.848,89.5,95.0,4.906,3.927,69.1,54.1,4.284,5.365,SA181M
EPH_relaxed_0001_pdb2pqr_Repair_221_r2_0001,1,-7.9,0.0,0.0,5.285,3.495,170.2,170.2,6.148,4.372,106.6,103.7,2.681,6.059,SA181N
EPH_relaxed_0001_pdb2pqr_Repair_221_r2_0001,4,-3.1,4.442,12.187,4.41,2.881,91.2,96.0,4.943,3.957,70.5,55.1,4.294,5.43,SA181N
EPH_relaxed_0001_pdb2pqr_Repair_221_r2_0001,9,-0.0,1.59,2.19,5.843,3.904,97.4,99.3,6.376,4.756,76.2,65.9,4.837,6.946,SA181N
EPH_relaxed_0001_pdb2pqr_Repair_221_r2_0001,11,1.2,2.329,4.097,4.603,4.21,40.6,26.3,4.329,3.298,52.4,65.1,5.024,4.88,SA181N
EPH_relaxed_0001_pdb2pqr_Repair_221_r2_0001,14,1.8,2.286,4.089,5.628,3.934,160.0,155.2,6.884,5.171,88.4,86.0,3.115,6.289,SA181N
EPH_relaxed_0001_pdb2pqr_Repair_222_r2_0001,2,-3.8,2.396,8.16,4.967,2.996,71.3,83.7,5.874,4.057,31.5,43.7,3.044,4.611,SA181P
EPH_relaxed_0001_pdb2pqr_Repair_222_r2_0001,3,-2.6,8.134,12.426,4.396,2.877,90.3,95.2,4.929,3.955,69.7,54.4,4.282,5.386,SA181P
EPH_relaxed_0001_pdb2pqr_Repair_222_r2_0001,6,-1.5,8.055,12.449,3.912,3.392,64.2,84.1,4.521,3.816,39.5,68.3,4.272,2.909,SA181P
EPH_relaxed_0001_pdb2pqr_Repair_222_r2_0001,9,-0.0,2.811,8.317,5.181,3.268,78.7,93.7,6.31,4.59,28.7,42.1,3.583,5.044,SA181P
EPH_relaxed_0001_pdb2pqr_Repair_222_r2_0001,11,1.2,2.533,8.475,4.89,3.971,123.2,97.5,5.472,4.159,96.0,89.8,2.577,4.821,SA181P
EPH_relaxed_0001_pdb2pqr_Repair_222_r2_0001,13,2.3,3.987,8.021,5.536,3.823,160.2,159.4,6.761,5.069,89.6,86.8,3.012,6.176,SA181P
EPH_relaxed_0001_pdb2pqr_Repair_223_r2_0001,1,-7.9,0.0,0.0,5.288,3.486,169.2,172.3,6.174,4.387,105.4,102.8,2.683,6.058,SA181Q
EPH_relaxed_0001_pdb2pqr_Repair_223_r2_0001,5,-3.2,4.464,12.194,4.399,2.859,90.7,95.7,4.938,3.94,69.9,54.7,4.284,5.406,SA181Q
EPH_relaxed_0001_pdb2pqr_Repair_223_r2_0001,9,-0.4,1.57,2.144,5.216,3.324,81.4,96.7,6.397,4.681,29.8,43.5,3.764,5.187,SA181Q
EPH_relaxed_0001_pdb2pqr_Repair_223_r2_0001,10,0.7,2.252,4.423,4.581,4.165,142.8,114.3,4.816,3.833,126.6,133.4,3.065,4.333,SA181Q
EPH_relaxed_0001_pdb2pqr_Repair_223_r2_0001,13,1.8,2.274,4.081,5.568,3.846,160.3,160.8,6.781,5.083,90.1,87.5,3.014,6.195,SA181Q
EPH_relaxed_0001_pdb2pqr_Repair_223_r2_0001,17,3.3,1.909,3.983,3.672,2.816,160.7,143.9,4.859,3.407,89.2,106.9,2.734,3.97,SA181Q
EPH_relaxed_0001_pdb2pqr_Repair_224_r2_0001,1,-5.5,0.0,0.0,5.265,3.533,170.7,170.5,6.158,4.454,105.4,101.8,2.701,6.04,SA181R
EPH_relaxed_0001_pdb2pqr_Repair_224_r2_0001,2,-2.9,4.284,12.108,4.405,2.899,89.4,93.5,4.94,3.971,68.7,53.0,4.267,5.37,SA181R
EPH_relaxed_0001_pdb2pqr_Repair_224_r2_0001,3,-1.8,4.251,12.093,3.883,3.43,63.8,84.1,4.511,3.885,38.2,67.1,4.335,2.875,SA181R
EPH_relaxed_0001_pdb2pqr_Repair_224_r2_0001,8,-0.4,1.46,2.031,5.06,3.212,81.5,98.4,6.214,4.558,31.9,45.9,3.578,4.972,SA181R
EPH_relaxed_0001_pdb2pqr_Repair_224_r2_0001,14,2.2,2.112,3.938,5.592,3.941,161.4,156.9,6.823,5.172,89.7,86.8,3.055,6.256,SA181R
EPH_relaxed_0001_pdb2pqr_Repair_224_r2_0001,17,4.3,1.58,3.002,4.049,3.124,165.2,162.2,5.25,3.797,90.1,110.7,3.83,4.678,SA181R
EPH_relaxed_0001_pdb2pqr_Repair_225_r2_0001,1,-7.8,0.0,0.0,5.222,3.504,165.1,160.6,5.872,4.194,115.4,110.1,2.701,6.007,SA181T
EPH_relaxed_0001_pdb2pqr_Repair_225_r2_0001,6,-2.8,4.515,12.22,4.395,2.91,90.3,92.8,4.938,3.979,69.3,52.5,4.255,5.383,SA181T
EPH_relaxed_0001_pdb2pqr_Repair_225_r2_0001,13,-0.2,1.572,2.171,5.137,3.308,85.1,101.7,6.354,4.682,33.3,47.6,3.626,5.093,SA181T
EPH_relaxed_0001_pdb2pqr_Repair_225_r2_0001,14,1.3,2.311,4.126,4.672,4.303,41.0,26.0,4.335,3.368,55.4,66.1,4.992,4.847,SA181T
EPH_relaxed_0001_pdb2pqr_Repair_225_r2_0001,18,2.2,2.315,4.132,5.61,3.925,160.8,161.7,6.807,5.153,90.9,88.2,3.043,6.255,SA181T
EPH_relaxed_0001_pdb2pqr_Repair_226_r2_0001,1,-7.8,0.0,0.0,5.234,3.511,165.0,160.7,5.883,4.198,115.5,110.4,2.7,6.028,SA181V
EPH_relaxed_0001_pdb2pqr_Repair_226_r2_0001,5,-2.9,4.506,12.222,4.418,2.916,88.9,93.2,4.947,3.984,68.5,52.9,4.263,5.354,SA181V
EPH_relaxed_0001_pdb2pqr_Repair_226_r2_0001,13,-0.0,1.605,2.22,5.797,3.888,44.1,43.2,5.609,4.059,52.6,35.5,4.317,5.98,SA181V
EPH_relaxed_0001_pdb2pqr_Repair_226_r2_0001,16,1.2,2.299,4.116,4.653,4.282,40.5,26.0,4.319,3.342,54.7,66.2,4.994,4.828,SA181V
EPH_relaxed_0001_pdb2pqr_Repair_226_r2_0001,17,1.4,1.572,2.806,3.401,2.781,136.6,131.4,3.892,2.765,108.2,132.4,2.54,2.746,SA181V
EPH_relaxed_0001_pdb2pqr_Repair_226_r2_0001,19,3.3,2.292,3.352,3.954,2.924,109.3,85.1,5.4,4.008,50.9,44.4,2.587,4.427,SA181V
EPH_relaxed_0001_pdb2pqr_Repair_227_r2_0001,1,-8.0,0.0,0.0,5.28,3.483,169.4,170.9,6.141,4.359,106.6,103.8,2.687,6.058,SA181W
EPH_relaxed_0001_pdb2pqr_Repair_227_r2_0001,5,-5.7,0.92,1.353,4.503,2.937,68.6,55.6,5.058,3.662,46.4,24.8,3.851,5.068,SA181W
EPH_relaxed_0001_pdb2pqr_Repair_227_r2_0001,6,-3.1,4.464,12.202,4.377,2.85,92.1,96.1,4.918,3.931,71.1,55.0,4.272,5.419,SA181W
EPH_relaxed_0001_pdb2pqr_Repair_227_r2_0001,12,-0.8,4.224,12.131,4.735,3.759,81.4,107.8,5.119,4.39,66.7,81.6,3.629,3.166,SA181W
EPH_relaxed_0001_pdb2pqr_Repair_227_r2_0001,17,-0.3,1.573,2.2,5.639,3.623,76.1,84.3,6.749,4.905,24.6,31.8,4.668,6.321,SA181W
EPH_relaxed_0001_pdb2pqr_Repair_227_r2_0001,18,0.2,2.397,4.158,4.497,4.266,50.9,40.8,4.827,3.88,36.0,56.7,5.383,5.046,SA181W
EPH_relaxed_0001_pdb2pqr_Repair_228_r2_0001,1,-7.8,0.0,0.0,5.224,3.506,165.3,161.0,5.881,4.203,115.2,109.9,2.701,6.005,SA181Y
EPH_relaxed_0001_pdb2pqr_Repair_228_r2_0001,6,-2.8,4.533,12.252,4.68,3.075,119.1,119.4,5.232,4.118,94.0,74.4,4.354,6.172,SA181Y
EPH_relaxed_0001_pdb2pqr_Repair_228_r2_0001,8,-2.0,2.687,3.745,4.504,3.74,91.5,62.6,5.863,4.699,35.2,14.9,3.911,5.317,SA181Y
EPH_relaxed_0001_pdb2pqr_Repair_228_r2_0001,13,-0.0,1.589,2.235,5.433,3.504,66.6,74.6,6.304,4.635,25.0,26.8,4.854,6.192,SA181Y
EPH_relaxed_0001_pdb2pqr_Repair_228_r2_0001,14,0.3,2.669,4.581,4.681,4.77,23.3,11.6,4.358,3.896,41.3,58.6,4.253,3.003,SA181Y
EPH_relaxed_0001_pdb2pqr_Repair_228_r2_0001,16,1.3,1.566,2.777,3.423,2.776,136.8,132.6,3.938,2.791,107.2,131.2,2.526,2.769,SA181Y
EPH_relaxed_0001_pdb2pqr_Repair_153_r2_0001,4,-6.4,2.92,9.514,5.173,3.467,169.9,162.8,5.931,4.248,111.2,106.4,2.658,5.967,TA175A
EPH_relaxed_0001_pdb2pqr_Repair_153_r2_0001,10,-3.2,2.424,9.33,3.406,2.717,142.2,135.7,3.969,2.812,108.2,128.6,2.484,2.929,TA175A
EPH_relaxed_0001_pdb2pqr_Repair_153_r2_0001,12,-3.1,2.917,9.336,4.681,2.892,73.7,56.0,5.129,3.372,56.3,37.9,4.054,5.772,TA175A
EPH_relaxed_0001_pdb2pqr_Repair_153_r2_0001,14,-2.4,8.682,13.826,4.401,2.918,89.2,94.2,5.022,4.053,65.3,51.2,4.263,5.315,TA175A
EPH_relaxed_0001_pdb2pqr_Repair_153_r2_0001,17,-1.3,3.181,9.559,4.404,3.404,87.3,60.0,4.528,3.481,82.5,57.2,3.087,4.723,TA175A
EPH_relaxed_0001_pdb2pqr_Repair_153_r2_0001,18,-1.2,2.018,8.562,3.602,2.974,99.5,90.7,4.651,3.335,58.6,76.8,2.693,3.005,TA175A
EPH_relaxed_0001_pdb2pqr_Repair_154_r2_0001,4,-5.8,2.879,8.325,5.242,3.468,171.1,164.9,6.036,4.276,109.8,105.8,2.696,6.046,TA175C
EPH_relaxed_0001_pdb2pqr_Repair_154_r2_0001,5,-5.4,2.473,8.138,4.539,2.574,80.2,93.3,5.241,3.374,52.8,63.3,2.387,4.11,TA175C
EPH_relaxed_0001_pdb2pqr_Repair_154_r2_0001,12,-4.0,2.452,8.197,5.091,3.18,72.5,60.2,5.165,3.423,69.6,51.3,4.039,5.972,TA175C
EPH_relaxed_0001_pdb2pqr_Repair_154_r2_0001,14,-2.8,2.415,8.331,3.419,2.666,143.6,136.8,4.014,2.795,107.5,127.2,2.458,2.933,TA175C
EPH_relaxed_0001_pdb2pqr_Repair_154_r2_0001,16,-1.9,8.813,13.533,4.702,3.109,117.6,120.0,5.248,4.161,93.0,74.5,4.414,6.155,TA175C
EPH_relaxed_0001_pdb2pqr_Repair_154_r2_0001,17,-1.4,1.578,7.452,4.28,3.381,172.8,143.0,5.204,3.842,103.1,113.5,2.705,4.537,TA175C
EPH_relaxed_0001_pdb2pqr_Repair_155_r2_0001,1,-7.9,0.0,0.0,5.232,3.511,164.5,160.3,5.869,4.189,115.9,110.7,2.703,6.015,TA175D
EPH_relaxed_0001_pdb2pqr_Repair_155_r2_0001,6,-2.9,4.522,12.238,4.363,2.855,87.3,91.3,4.91,3.935,66.3,50.8,4.24,5.298,TA175D
EPH_relaxed_0001_pdb2pqr_Repair_155_r2_0001,8,-1.9,1.96,3.407,4.085,3.182,92.3,90.5,5.039,3.599,55.3,74.6,2.852,3.531,TA175D
EPH_relaxed_0001_pdb2pqr_Repair_155_r2_0001,12,-0.1,1.594,2.188,5.621,3.71,41.2,43.2,5.575,4.043,43.5,27.0,4.403,5.831,TA175D
EPH_relaxed_0001_pdb2pqr_Repair_155_r2_0001,13,0.3,2.45,4.167,4.474,4.299,50.8,40.6,4.859,3.978,33.0,54.1,5.475,5.058,TA175D
EPH_relaxed_0001_pdb2pqr_Repair_155_r2_0001,14,0.9,1.58,2.779,3.432,2.804,136.4,131.0,3.929,2.779,107.8,132.6,2.551,2.784,TA175D
EPH_relaxed_0001_pdb2pqr_Repair_155_r2_0001,17,2.1,1.509,2.912,4.174,3.408,147.1,129.4,5.342,4.057,86.0,96.7,2.535,3.881,TA175D
EPH_relaxed_0001_pdb2pqr_Repair_155_r2_0001,19,2.3,2.311,4.115,5.606,3.951,161.5,158.5,6.827,5.181,90.2,87.3,3.064,6.254,TA175D
EPH_relaxed_0001_pdb2pqr_Repair_156_r2_0001,1,-7.9,0.0,0.0,5.278,3.496,170.2,168.3,6.105,4.34,108.2,104.8,2.681,6.051,TA175E
EPH_relaxed_0001_pdb2pqr_Repair_156_r2_0001,6,-3.1,4.456,12.192,4.332,2.839,83.0,88.2,4.84,3.9,63.6,48.5,4.265,5.199,TA175E
EPH_relaxed_0001_pdb2pqr_Repair_156_r2_0001,14,-0.4,1.577,2.177,5.406,3.43,69.7,82.0,6.448,4.685,16.9,30.8,3.966,5.448,TA175E
EPH_relaxed_0001_pdb2pqr_Repair_156_r2_0001,15,0.4,2.405,4.137,4.493,4.261,51.7,42.0,4.844,3.903,35.9,56.7,5.405,5.071,TA175E
EPH_relaxed_0001_pdb2pqr_Repair_156_r2_0001,17,1.8,2.285,4.088,5.598,3.872,161.1,159.4,6.818,5.108,90.1,87.2,3.066,6.27,TA175E
EPH_relaxed_0001_pdb2pqr_Repair_156_r2_0001,18,2.0,1.622,2.9,3.934,3.135,171.7,152.3,5.04,3.848,94.8,105.6,2.687,3.635,TA175E
EPH_relaxed_0001_pdb2pqr_Repair_157_r2_0001,1,-5.6,0.0,0.0,5.36,3.406,68.9,64.2,5.806,4.085,50.9,37.3,4.271,6.074,TA175F
EPH_relaxed_0001_pdb2pqr_Repair_157_r2_0001,8,0.7,2.558,4.707,4.78,2.783,80.2,94.2,5.745,3.926,40.8,51.1,2.811,4.495,TA175F
EPH_relaxed_0001_pdb2pqr_Repair_157_r2_0001,13,4.2,1.845,2.422,4.735,3.782,55.7,71.1,4.277,4.086,73.3,59.8,2.753,2.311,TA175F
EPH_relaxed_0001_pdb2pqr_Repair_158_r2_0001,5,-6.1,2.854,9.475,5.201,3.49,170.6,162.9,5.973,4.28,110.8,106.1,2.665,6.0,TA175G
EPH_relaxed_0001_pdb2pqr_Repair_158_r2_0001,7,-5.6,2.905,9.216,5.23,3.484,139.0,128.6,5.217,3.435,139.7,131.6,2.698,6.062,TA175G
EPH_relaxed_0001_pdb2pqr_Repair_158_r2_0001,11,-3.2,2.345,9.331,3.393,2.695,142.0,136.8,3.985,2.82,106.7,127.5,2.483,2.907,TA175G
EPH_relaxed_0001_pdb2pqr_Repair_158_r2_0001,13,-2.2,8.653,13.725,4.335,2.852,88.4,91.9,4.855,3.919,68.4,51.9,4.256,5.299,TA175G
EPH_relaxed_0001_pdb2pqr_Repair_158_r2_0001,14,-2.2,2.224,8.675,4.689,3.401,84.2,63.7,5.118,3.308,67.7,67.1,3.866,5.58,TA175G
EPH_relaxed_0001_pdb2pqr_Repair_158_r2_0001,16,-1.0,3.124,9.528,4.374,3.374,87.6,60.1,4.513,3.462,82.2,56.9,3.072,4.709,TA175G
EPH_relaxed_0001_pdb2pqr_Repair_159_r2_0001,1,-6.2,0.0,0.0,5.331,3.372,70.9,66.0,5.807,4.076,51.8,38.4,4.298,6.117,TA175H
EPH_relaxed_0001_pdb2pqr_Repair_159_r2_0001,4,-3.1,4.617,12.274,4.395,2.87,89.0,94.1,4.921,3.943,68.7,53.6,4.289,5.371,TA175H
EPH_relaxed_0001_pdb2pqr_Repair_159_r2_0001,7,-1.7,4.657,12.224,4.003,3.447,65.6,86.8,4.573,3.871,42.8,70.8,4.219,2.855,TA175H
EPH_relaxed_0001_pdb2pqr_Repair_159_r2_0001,8,-1.7,2.371,4.483,4.703,2.723,82.7,97.5,5.677,3.865,43.5,54.1,2.743,4.415,TA175H
EPH_relaxed_0001_pdb2pqr_Repair_159_r2_0001,10,-1.2,2.781,4.413,4.985,3.203,74.9,68.1,5.893,4.221,36.6,25.0,4.295,5.83,TA175H
EPH_relaxed_0001_pdb2pqr_Repair_159_r2_0001,14,0.5,2.472,3.227,4.455,3.613,93.0,64.1,5.831,4.602,36.4,16.8,3.776,5.287,TA175H
EPH_relaxed_0001_pdb2pqr_Repair_160_r2_0001,5,-4.9,2.903,8.356,5.222,3.447,172.0,170.2,6.147,4.387,104.1,100.8,2.7,6.015,TA175I
EPH_relaxed_0001_pdb2pqr_Repair_160_r2_0001,10,-1.8,8.754,13.521,4.41,2.911,91.6,95.8,4.912,3.965,72.1,55.7,4.317,5.434,TA175I
EPH_relaxed_0001_pdb2pqr_Repair_160_r2_0001,11,-1.5,4.053,8.021,4.606,2.64,85.5,100.7,5.583,3.766,46.7,57.5,2.703,4.354,TA175I
EPH_relaxed_0001_pdb2pqr_Repair_160_r2_0001,13,-0.3,2.872,8.485,4.35,3.139,144.7,160.2,5.775,4.32,75.2,88.4,2.711,4.121,TA175I
EPH_relaxed_0001_pdb2pqr_Repair_160_r2_0001,14,-0.3,1.597,7.818,3.646,3.056,102.0,84.5,4.781,3.507,57.4,67.8,2.519,3.158,TA175I
EPH_relaxed_0001_pdb2pqr_Repair_160_r2_0001,18,0.6,4.475,8.278,4.966,3.16,72.9,68.2,5.887,4.206,32.9,23.6,4.404,5.827,TA175I
EPH_relaxed_0001_pdb2pqr_Repair_161_r2_0001,1,-7.9,0.0,0.0,5.281,3.486,169.8,170.9,6.15,4.369,106.3,103.5,2.687,6.061,TA175K
EPH_relaxed_0001_pdb2pqr_Repair_161_r2_0001,6,-5.6,0.925,1.356,4.489,2.924,68.9,55.6,5.036,3.642,47.1,25.3,3.851,5.071,TA175K
EPH_relaxed_0001_pdb2pqr_Repair_161_r2_0001,7,-2.7,1.53,2.332,4.221,2.482,83.9,90.5,5.061,3.131,51.3,66.5,2.431,3.901,TA175K
EPH_relaxed_0001_pdb2pqr_Repair_161_r2_0001,9,-2.3,2.759,3.787,4.445,3.744,88.5,58.9,5.772,4.638,33.0,12.1,3.987,5.252,TA175K
EPH_relaxed_0001_pdb2pqr_Repair_161_r2_0001,14,-0.6,1.57,2.152,5.269,3.336,73.0,87.1,6.346,4.627,21.8,35.9,3.832,5.22,TA175K
EPH_relaxed_0001_pdb2pqr_Repair_162_r2_0001,1,-7.5,0.0,0.0,5.226,3.502,170.0,164.5,6.001,4.3,110.5,106.2,2.698,6.032,TA175L
EPH_relaxed_0001_pdb2pqr_Repair_162_r2_0001,6,-2.9,4.48,12.207,4.397,2.877,89.4,93.7,4.945,3.958,68.3,52.9,4.274,5.378,TA175L
EPH_relaxed_0001_pdb2pqr_Repair_162_r2_0001,9,-0.5,2.669,4.581,4.688,4.767,19.9,10.7,4.37,3.905,38.9,57.9,4.336,3.062,TA175L
EPH_relaxed_0001_pdb2pqr_Repair_162_r2_0001,13,0.0,1.597,2.186,5.145,3.296,82.6,99.1,6.322,4.652,32.1,46.0,3.604,5.072,TA175L
EPH_relaxed_0001_pdb2pqr_Repair_162_r2_0001,14,0.2,2.007,3.15,3.718,2.539,110.2,98.0,5.124,3.536,53.5,60.1,2.363,3.94,TA175L
EPH_relaxed_0001_pdb2pqr_Repair_162_r2_0001,17,2.2,1.59,2.895,3.849,3.014,168.5,156.6,4.945,3.702,94.7,108.1,2.678,3.712,TA175L
EPH_relaxed_0001_pdb2pqr_Repair_163_r2_0001,1,-7.6,0.0,0.0,5.239,3.464,170.7,165.6,6.031,4.278,109.8,105.6,2.701,6.04,TA175M
EPH_relaxed_0001_pdb2pqr_Repair_163_r2_0001,5,-5.0,0.901,1.319,4.487,2.923,68.5,55.7,5.035,3.649,46.5,24.9,3.86,5.056,TA175M
EPH_relaxed_0001_pdb2pqr_Repair_163_r2_0001,11,0.0,1.613,2.232,5.575,3.545,67.8,75.8,6.551,4.721,18.1,25.7,4.442,6.032,TA175M
EPH_relaxed_0001_pdb2pqr_Repair_163_r2_0001,12,0.6,2.695,4.601,4.708,4.798,22.7,9.5,4.42,3.967,39.2,56.5,4.284,3.021,TA175M
EPH_relaxed_0001_pdb2pqr_Repair_163_r2_0001,14,0.7,4.391,12.181,4.687,3.126,120.2,121.7,5.234,4.18,95.1,75.5,4.429,6.176,TA175M
EPH_relaxed_0001_pdb2pqr_Repair_164_r2_0001,4,-6.5,2.868,8.276,5.215,3.499,170.3,162.6,5.976,4.279,111.2,106.5,2.679,6.023,TA175N
EPH_relaxed_0001_pdb2pqr_Repair_164_r2_0001,9,-2.9,1.905,7.842,4.168,2.532,86.2,93.5,5.07,3.209,51.2,68.0,2.349,3.834,TA175N
EPH_relaxed_0001_pdb2pqr_Repair_164_r2_0001,11,-2.4,8.748,13.466,4.318,2.852,84.1,89.5,4.906,3.97,61.6,47.5,4.257,5.165,TA175N
EPH_relaxed_0001_pdb2pqr_Repair_164_r2_0001,12,-1.3,2.92,8.479,4.377,3.289,147.2,155.4,5.785,4.415,76.9,89.5,2.696,4.137,TA175N
EPH_relaxed_0001_pdb2pqr_Repair_164_r2_0001,13,-0.6,4.164,7.983,4.676,2.732,82.1,98.2,5.657,3.897,42.5,53.8,2.776,4.407,TA175N
EPH_relaxed_0001_pdb2pqr_Repair_164_r2_0001,14,-0.6,1.461,7.596,5.086,4.68,23.7,13.2,4.586,3.767,49.7,60.3,5.292,5.044,TA175N
EPH_relaxed_0001_pdb2pqr_Repair_165_r2_0001,4,-6.4,2.843,9.476,5.233,3.473,171.1,164.3,6.024,4.275,110.0,105.9,2.696,6.04,TA175P
EPH_relaxed_0001_pdb2pqr_Repair_165_r2_0001,6,-6.1,2.812,9.16,4.556,2.589,79.8,92.5,5.252,3.378,52.7,63.1,2.416,4.16,TA175P
EPH_relaxed_0001_pdb2pqr_Repair_165_r2_0001,11,-4.0,2.617,8.174,4.31,3.283,79.0,79.4,5.331,3.932,37.1,55.3,3.1,3.765,TA175P
EPH_relaxed_0001_pdb2pqr_Repair_165_r2_0001,12,-4.0,2.352,9.357,3.4,2.691,143.7,136.6,3.991,2.812,107.7,127.6,2.525,2.906,TA175P
EPH_relaxed_0001_pdb2pqr_Repair_165_r2_0001,16,-2.3,8.575,13.64,4.704,3.132,118.9,120.8,5.29,4.212,92.5,73.9,4.413,6.174,TA175P
EPH_relaxed_0001_pdb2pqr_Repair_165_r2_0001,17,-2.0,4.256,9.187,4.636,2.677,84.5,100.0,5.61,3.81,45.7,56.6,2.707,4.355,TA175P
EPH_relaxed_0001_pdb2pqr_Repair_165_r2_0001,19,9.4,1.962,8.497,3.876,3.225,100.3,79.5,5.011,3.724,55.7,61.2,2.365,3.464,TA175P
EPH_relaxed_0001_pdb2pqr_Repair_166_r2_0001,1,-7.7,0.0,0.0,5.26,3.531,168.7,164.5,6.01,4.309,111.5,107.2,2.701,6.047,TA175Q
EPH_relaxed_0001_pdb2pqr_Repair_166_r2_0001,6,-2.9,4.403,12.182,4.418,2.926,87.7,92.2,4.936,3.987,67.8,52.2,4.272,5.328,TA175Q
EPH_relaxed_0001_pdb2pqr_Repair_166_r2_0001,7,-2.8,2.028,3.399,4.195,3.226,85.3,84.0,5.272,3.877,42.3,59.8,2.923,3.636,TA175Q
EPH_relaxed_0001_pdb2pqr_Repair_166_r2_0001,14,0.0,1.583,2.202,5.375,3.447,76.9,89.3,6.538,4.792,22.5,35.5,4.254,5.751,TA175Q
EPH_relaxed_0001_pdb2pqr_Repair_166_r2_0001,15,1.3,1.587,2.817,3.412,2.784,136.7,131.4,3.907,2.769,108.1,132.4,2.536,2.764,TA175Q
EPH_relaxed_0001_pdb2pqr_Repair_167_r2_0001,1,-2.5,0.0,0.0,4.38,2.865,90.2,93.9,4.928,3.946,69.0,53.1,4.257,5.382,TA175R
EPH_relaxed_0001_pdb2pqr_Repair_167_r2_0001,4,1.5,4.202,12.873,4.903,3.145,73.2,69.3,5.837,4.217,32.8,23.9,4.431,5.817,TA175R
EPH_relaxed_0001_pdb2pqr_Repair_167_r2_0001,7,2.3,4.585,12.916,4.671,2.722,82.6,98.7,5.643,3.877,43.5,54.6,2.753,4.414,TA175R
EPH_relaxed_0001_pdb2pqr_Repair_167_r2_0001,8,3.6,4.6,11.976,5.384,3.487,79.9,77.2,5.794,4.212,64.0,49.8,4.336,6.257,TA175R
EPH_relaxed_0001_pdb2pqr_Repair_167_r2_0001,12,4.7,1.385,1.94,4.682,3.021,142.6,164.7,4.981,3.839,122.9,104.4,2.509,5.192,TA175R
EPH_relaxed_0001_pdb2pqr_Repair_168_r2_0001,4,-5.9,2.868,8.326,5.239,3.466,172.1,166.2,6.067,4.305,108.4,104.6,2.699,6.043,TA175S
EPH_relaxed_0001_pdb2pqr_Repair_168_r2_0001,5,-5.2,2.425,8.119,4.517,2.548,79.0,91.5,5.238,3.357,50.8,61.6,2.431,4.114,TA175S
EPH_relaxed_0001_pdb2pqr_Repair_168_r2_0001,13,-2.2,2.368,8.327,3.434,2.69,142.6,136.1,4.014,2.799,107.6,128.0,2.472,2.912,TA175S
EPH_relaxed_0001_pdb2pqr_Repair_168_r2_0001,14,-1.8,8.751,13.511,4.423,2.906,88.4,94.1,4.945,3.977,68.3,53.6,4.289,5.354,TA175S
EPH_relaxed_0001_pdb2pqr_Repair_168_r2_0001,15,-1.0,1.65,7.829,3.642,3.065,99.6,86.8,4.757,3.503,56.0,70.4,2.706,3.057,TA175S
EPH_relaxed_0001_pdb2pqr_Repair_168_r2_0001,18,-0.6,4.062,8.031,4.648,2.681,86.1,101.3,5.63,3.816,47.1,57.6,2.704,4.396,TA175S
EPH_relaxed_0001_pdb2pqr_Repair_169_r2_0001,5,-4.5,2.863,8.345,5.188,3.474,173.8,164.8,6.04,4.347,107.5,102.8,2.697,6.012,TA175V
EPH_relaxed_0001_pdb2pqr_Repair_169_r2_0001,8,-3.3,2.369,8.206,5.091,3.195,69.0,56.3,5.156,3.419,66.5,48.0,4.064,5.967,TA175V
EPH_relaxed_0001_pdb2pqr_Repair_169_r2_0001,10,-1.5,8.762,13.534,4.39,2.909,89.2,91.7,4.937,3.979,68.2,51.4,4.228,5.341,TA175V
EPH_relaxed_0001_pdb2pqr_Repair_169_r2_0001,14,0.3,4.102,8.029,4.586,2.668,86.1,102.9,5.573,3.809,47.0,58.7,2.733,4.352,TA175V
EPH_relaxed_0001_pdb2pqr_Repair_170_r2_0001,2,-1.4,3.335,11.427,4.423,2.912,90.3,94.4,4.967,3.989,69.3,53.6,4.255,5.387,TA175W
EPH_relaxed_0001_pdb2pqr_Repair_170_r2_0001,4,-0.2,1.922,4.261,4.583,2.648,84.1,100.7,5.563,3.799,45.1,56.6,2.708,4.327,TA175W
EPH_relaxed_0001_pdb2pqr_Repair_170_r2_0001,5,1.0,1.926,3.727,5.146,3.306,71.6,66.3,5.578,4.021,54.5,38.4,4.161,5.873,TA175W
EPH_relaxed_0001_pdb2pqr_Repair_170_r2_0001,8,2.5,1.67,3.016,4.881,3.159,75.6,69.1,5.783,4.196,38.0,25.7,4.316,5.791,TA175W
EPH_relaxed_0001_pdb2pqr_Repair_171_r2_0001,2,-1.4,3.418,11.529,4.346,2.855,88.8,92.2,4.859,3.915,69.0,52.3,4.249,5.317,TA175Y
EPH_relaxed_0001_pdb2pqr_Repair_171_r2_0001,3,-0.9,2.018,3.945,5.18,3.289,71.7,63.5,5.488,3.833,59.6,42.7,4.147,6.007,TA175Y
EPH_relaxed_0001_pdb2pqr_Repair_171_r2_0001,5,-0.3,3.335,11.511,3.91,3.44,63.8,85.6,4.493,3.883,40.2,68.9,4.325,2.812,TA175Y
EPH_relaxed_0001_pdb2pqr_Repair_171_r2_0001,6,0.1,1.855,4.132,4.704,2.757,80.9,97.0,5.686,3.933,41.0,52.3,2.798,4.416,TA175Y
EPH_relaxed_0001_pdb2pqr_Repair_171_r2_0001,11,2.6,1.687,3.004,4.844,3.106,73.4,69.0,5.775,4.172,33.4,23.9,4.375,5.736,TA175Y
EPH_relaxed_0001_pdb2pqr_Repair_362_r2_0001,6,-4.1,4.477,12.176,4.606,3.022,95.9,105.3,5.149,4.1,74.6,62.7,4.401,5.639,TA262A
EPH_relaxed_0001_pdb2pqr_Repair_363_r2_0001,1,-7.3,0.0,0.0,4.953,3.34,140.6,134.4,5.002,3.558,136.7,120.5,2.872,5.669,TA262C
EPH_relaxed_0001_pdb2pqr_Repair_363_r2_0001,5,-2.7,2.057,3.379,4.267,3.347,81.9,80.9,5.3,3.958,40.2,58.3,3.054,3.634,TA262C
EPH_relaxed_0001_pdb2pqr_Repair_363_r2_0001,7,-2.0,5.332,12.223,4.318,2.831,88.8,93.3,4.865,3.926,67.7,52.1,4.284,5.284,TA262C
EPH_relaxed_0001_pdb2pqr_Repair_363_r2_0001,12,0.2,1.618,2.281,5.047,3.244,83.5,101.3,6.247,4.623,32.2,47.1,3.682,4.982,TA262C
EPH_relaxed_0001_pdb2pqr_Repair_363_r2_0001,15,1.4,1.505,2.688,3.404,2.782,136.8,132.7,3.928,2.8,106.8,131.1,2.561,2.721,TA262C
EPH_relaxed_0001_pdb2pqr_Repair_364_r2_0001,1,-8.0,0.0,0.0,4.95,3.34,139.6,136.6,4.956,3.522,138.9,124.3,2.777,5.544,TA262D
EPH_relaxed_0001_pdb2pqr_Repair_364_r2_0001,16,0.2,1.596,2.261,5.002,3.224,81.7,99.7,6.189,4.596,30.2,45.9,3.874,5.012,TA262D
EPH_relaxed_0001_pdb2pqr_Repair_364_r2_0001,17,0.9,2.159,4.331,4.583,4.189,142.0,113.5,4.79,3.817,127.7,135.1,3.06,4.322,TA262D
EPH_relaxed_0001_pdb2pqr_Repair_365_r2_0001,1,-8.2,0.0,0.0,5.806,3.795,80.0,78.0,5.524,3.837,91.1,76.4,4.44,6.683,TA262E
EPH_relaxed_0001_pdb2pqr_Repair_365_r2_0001,9,-0.8,2.14,3.529,4.414,3.462,164.7,137.2,5.339,3.957,101.9,108.4,2.674,4.783,TA262E
EPH_relaxed_0001_pdb2pqr_Repair_365_r2_0001,13,0.1,1.594,2.272,5.103,3.263,75.8,92.7,6.202,4.59,26.0,40.8,3.724,4.981,TA262E
EPH_relaxed_0001_pdb2pqr_Repair_365_r2_0001,14,1.0,2.209,4.136,4.621,4.391,47.5,36.5,4.855,3.911,36.7,56.9,5.252,4.921,TA262E
EPH_relaxed_0001_pdb2pqr_Repair_365_r2_0001,17,1.7,2.365,4.182,5.774,3.996,117.0,119.0,5.227,3.761,154.2,132.9,4.115,6.593,TA262E
EPH_relaxed_0001_pdb2pqr_Repair_365_r2_0001,19,2.4,1.634,2.996,3.762,2.944,167.9,151.4,4.723,3.453,100.1,114.7,2.702,3.723,TA262E
EPH_relaxed_0001_pdb2pqr_Repair_366_r2_0001,5,-2.3,2.559,9.316,3.181,2.328,70.4,106.1,3.998,3.235,38.9,69.9,4.234,2.62,TA262F
EPH_relaxed_0001_pdb2pqr_Repair_366_r2_0001,8,-1.6,2.499,7.845,4.466,3.809,85.3,55.9,5.753,4.639,30.8,9.7,4.152,5.308,TA262F
EPH_relaxed_0001_pdb2pqr_Repair_366_r2_0001,15,0.8,1.94,8.035,4.726,4.829,20.4,11.2,4.4,3.953,39.6,58.7,4.325,3.022,TA262F
EPH_relaxed_0001_pdb2pqr_Repair_366_r2_0001,16,0.9,2.486,9.111,3.349,2.38,68.7,104.9,3.698,2.909,56.0,82.8,3.696,2.065,TA262F
EPH_relaxed_0001_pdb2pqr_Repair_367_r2_0001,1,-9.1,0.0,0.0,5.282,3.345,146.9,161.0,6.335,4.402,91.4,93.9,2.846,6.143,TA262G
EPH_relaxed_0001_pdb2pqr_Repair_367_r2_0001,7,-4.3,4.109,12.145,4.574,3.638,109.7,119.1,5.719,5.098,63.3,58.4,4.765,5.275,TA262G
EPH_relaxed_0001_pdb2pqr_Repair_367_r2_0001,13,-0.5,1.591,2.214,5.833,3.788,70.4,76.7,6.83,4.961,21.5,26.4,4.594,6.467,TA262G
EPH_relaxed_0001_pdb2pqr_Repair_368_r2_0001,1,-8.1,0.0,0.0,4.814,2.77,72.1,85.1,5.584,3.793,40.3,47.2,2.704,4.393,TA262H
EPH_relaxed_0001_pdb2pqr_Repair_368_r2_0001,9,-1.3,1.895,3.227,4.158,3.0,161.1,137.1,5.237,3.673,94.3,99.8,2.322,4.681,TA262H
EPH_relaxed_0001_pdb2pqr_Repair_368_r2_0001,13,-0.1,1.546,2.12,4.949,3.083,81.4,98.7,6.03,4.382,36.1,48.3,3.254,4.599,TA262H
EPH_relaxed_0001_pdb2pqr_Repair_368_r2_0001,15,1.1,2.076,4.303,4.596,4.174,142.4,114.1,4.806,3.826,127.8,134.2,3.07,4.349,TA262H
EPH_relaxed_0001_pdb2pqr_Repair_369_r2_0001,1,-7.3,0.0,0.0,4.742,3.219,143.1,137.9,4.852,3.513,134.7,118.8,2.7,5.331,TA262I
EPH_relaxed_0001_pdb2pqr_Repair_369_r2_0001,8,-2.0,2.535,3.675,4.454,3.753,88.4,59.0,5.779,4.648,33.0,12.1,4.008,5.269,TA262I
EPH_relaxed_0001_pdb2pqr_Repair_369_r2_0001,15,0.4,2.586,4.487,4.751,4.855,24.9,12.5,4.419,3.975,42.8,59.3,4.222,2.97,TA262I
EPH_relaxed_0001_pdb2pqr_Repair_369_r2_0001,17,0.5,5.492,12.335,4.796,3.225,141.0,163.1,5.064,4.036,123.4,104.7,2.725,5.19,TA262I
EPH_relaxed_0001_pdb2pqr_Repair_369_r2_0001,18,0.6,1.625,2.29,4.837,3.114,88.2,107.6,6.12,4.539,34.5,51.0,3.965,5.004,TA262I
EPH_relaxed_0001_pdb2pqr_Repair_369_r2_0001,19,1.5,1.465,2.652,3.39,2.791,136.3,132.6,3.899,2.804,107.2,131.4,2.622,2.7,TA262I
EPH_relaxed_0001_pdb2pqr_Repair_370_r2_0001,6,-1.7,2.766,7.955,4.496,3.955,83.2,53.8,5.74,4.72,30.0,10.3,4.394,5.472,TA262K
EPH_relaxed_0001_pdb2pqr_Repair_370_r2_0001,11,0.7,2.983,9.57,4.052,3.491,101.0,70.4,4.153,3.49,96.7,70.5,2.554,4.073,TA262K
EPH_relaxed_0001_pdb2pqr_Repair_371_r2_0001,1,-7.6,0.0,0.0,4.752,3.195,145.7,140.8,4.926,3.529,132.5,118.5,2.701,5.391,TA262L
EPH_relaxed_0001_pdb2pqr_Repair_371_r2_0001,11,0.1,1.579,2.187,4.812,3.105,92.5,112.7,6.08,4.495,40.9,56.5,3.705,4.833,TA262L
EPH_relaxed_0001_pdb2pqr_Repair_371_r2_0001,14,1.3,1.475,2.643,3.394,2.791,136.4,132.5,3.903,2.804,107.2,131.5,2.616,2.704,TA262L
EPH_relaxed_0001_pdb2pqr_Repair_372_r2_0001,1,-8.4,0.0,0.0,6.038,3.978,81.4,78.6,5.81,4.01,90.3,77.4,4.481,6.889,TA262M
EPH_relaxed_0001_pdb2pqr_Repair_372_r2_0001,10,-0.5,1.612,2.271,5.252,3.288,67.9,81.7,6.213,4.497,20.9,33.5,3.603,5.017,TA262M
EPH_relaxed_0001_pdb2pqr_Repair_372_r2_0001,15,0.8,2.203,4.069,4.559,4.318,49.0,40.0,4.781,3.823,39.1,60.2,5.337,4.979,TA262M
EPH_relaxed_0001_pdb2pqr_Repair_373_r2_0001,9,-0.7,1.587,2.223,5.323,3.334,68.2,81.0,6.304,4.543,19.6,32.3,3.649,5.167,TA262N
EPH_relaxed_0001_pdb2pqr_Repair_373_r2_0001,13,1.1,2.107,4.199,4.398,3.829,150.6,120.5,4.882,3.739,117.5,125.6,2.804,4.335,TA262N
EPH_relaxed_0001_pdb2pqr_Repair_374_r2_0001,7,-4.3,4.488,12.239,4.796,3.114,122.1,128.9,5.191,4.045,103.0,84.8,4.542,6.382,TA262P
EPH_relaxed_0001_pdb2pqr_Repair_374_r2_0001,10,-1.3,1.594,2.197,5.938,3.837,52.4,56.8,6.546,4.651,17.0,14.5,4.312,6.159,TA262P
EPH_relaxed_0001_pdb2pqr_Repair_374_r2_0001,14,-0.4,2.095,3.21,5.663,4.633,87.0,68.0,5.315,3.844,101.3,98.9,4.75,6.502,TA262P
EPH_relaxed_0001_pdb2pqr_Repair_374_r2_0001,16,0.1,2.308,4.161,5.523,3.683,151.3,161.3,6.684,4.925,89.1,87.2,2.976,6.192,TA262P
EPH_relaxed_0001_pdb2pqr_Repair_374_r2_0001,19,1.4,2.265,4.057,4.624,4.202,41.6,28.1,4.414,3.326,50.8,65.0,4.983,4.887,TA262P
EPH_relaxed_0001_pdb2pqr_Repair_375_r2_0001,1,-8.2,0.0,0.0,4.984,3.309,138.2,135.0,4.953,3.455,140.3,125.1,2.851,5.606,TA262Q
EPH_relaxed_0001_pdb2pqr_Repair_375_r2_0001,9,-1.2,2.46,3.739,4.363,3.896,70.0,43.2,5.433,4.415,18.8,10.6,4.535,5.081,TA262Q
EPH_relaxed_0001_pdb2pqr_Repair_375_r2_0001,14,0.1,1.57,2.214,5.352,3.391,35.9,42.8,5.45,3.889,30.5,15.5,4.482,5.538,TA262Q
EPH_relaxed_0001_pdb2pqr_Repair_375_r2_0001,15,0.3,2.562,4.497,4.716,4.806,22.5,9.8,4.42,3.968,39.5,56.9,4.293,3.013,TA262Q
EPH_relaxed_0001_pdb2pqr_Repair_376_r2_0001,5,-1.9,2.517,7.897,4.445,3.685,90.8,61.7,5.799,4.628,34.8,14.9,3.76,5.182,TA262R
EPH_relaxed_0001_pdb2pqr_Repair_377_r2_0001,4,-4.1,4.464,12.168,4.623,3.051,96.0,105.5,5.177,4.137,74.2,62.6,4.389,5.63,TA262S
EPH_relaxed_0001_pdb2pqr_Repair_377_r2_0001,14,0.7,2.692,4.654,4.712,4.799,21.3,8.5,4.442,3.988,37.5,55.5,4.335,3.094,TA262S
EPH_relaxed_0001_pdb2pqr_Repair_378_r2_0001,1,-8.1,0.0,0.0,5.27,3.495,170.3,166.8,6.071,4.318,109.4,105.5,2.685,6.04,TA262V
EPH_relaxed_0001_pdb2pqr_Repair_378_r2_0001,7,-2.0,4.513,12.172,4.311,2.782,88.8,94.3,4.886,3.897,66.7,52.2,4.291,5.314,TA262V
EPH_relaxed_0001_pdb2pqr_Repair_378_r2_0001,8,-1.9,2.716,3.784,4.458,3.825,81.9,52.3,5.691,4.571,28.9,8.9,4.188,5.258,TA262V
EPH_relaxed_0001_pdb2pqr_Repair_378_r2_0001,12,-0.3,1.612,2.204,5.656,3.676,40.1,43.8,5.705,4.082,37.7,23.4,4.509,5.877,TA262V
EPH_relaxed_0001_pdb2pqr_Repair_378_r2_0001,14,1.3,2.349,4.167,4.678,4.316,40.4,27.2,4.353,3.368,54.4,67.3,5.041,4.858,TA262V
EPH_relaxed_0001_pdb2pqr_Repair_378_r2_0001,17,1.7,2.294,4.091,5.667,3.947,156.9,158.2,6.92,5.229,87.6,85.1,3.04,6.228,TA262V
EPH_relaxed_0001_pdb2pqr_Repair_379_r2_0001,5,-4.2,2.617,9.432,3.964,3.213,122.0,91.6,4.229,3.402,108.5,84.1,2.484,4.209,TA262W
EPH_relaxed_0001_pdb2pqr_Repair_379_r2_0001,7,-2.3,2.496,9.345,3.624,2.212,61.5,96.1,4.038,3.135,45.4,61.7,3.567,2.728,TA262W
EPH_relaxed_0001_pdb2pqr_Repair_379_r2_0001,9,-1.5,2.54,7.896,4.44,3.699,90.6,61.3,5.791,4.636,34.6,14.4,3.85,5.227,TA262W
EPH_relaxed_0001_pdb2pqr_Repair_379_r2_0001,14,1.1,2.204,8.053,4.494,4.293,49.9,39.3,4.827,3.908,34.7,55.4,5.382,5.018,TA262W
EPH_relaxed_0001_pdb2pqr_Repair_379_r2_0001,18,2.7,2.739,9.499,4.208,3.468,121.5,93.3,4.403,3.585,111.4,88.6,2.686,4.375,TA262W
EPH_relaxed_0001_pdb2pqr_Repair_380_r2_0001,6,-1.5,2.13,7.976,4.422,3.724,88.1,58.6,5.743,4.61,32.8,11.9,3.992,5.243,TA262Y
EPH_relaxed_0001_pdb2pqr_Repair_380_r2_0001,12,0.2,2.105,9.136,3.11,2.328,66.3,106.4,3.73,3.148,43.0,73.2,4.31,2.397,TA262Y
EPH_relaxed_0001_pdb2pqr_Repair_380_r2_0001,13,0.8,1.544,8.134,4.7,4.814,19.9,11.1,4.378,3.942,39.1,58.5,4.359,3.03,TA262Y
EPH_relaxed_0001_pdb2pqr_Repair_380_r2_0001,15,1.1,1.93,8.6,2.978,2.885,69.5,99.9,3.723,3.469,41.7,76.7,4.858,2.509,TA262Y
EPH_relaxed_0001_pdb2pqr_Repair_77_r2_0001,1,-8.0,0.0,0.0,5.221,3.472,147.7,139.0,5.45,3.776,130.6,119.2,3.165,6.256,VA126A
EPH_relaxed_0001_pdb2pqr_Repair_77_r2_0001,6,-3.4,4.928,12.267,5.038,3.604,130.9,150.6,5.204,4.343,121.3,104.5,3.117,5.172,VA126A
EPH_relaxed_0001_pdb2pqr_Repair_77_r2_0001,7,-2.6,1.468,2.163,4.262,2.507,81.2,89.4,5.087,3.184,49.0,64.5,2.539,3.983,VA126A
EPH_relaxed_0001_pdb2pqr_Repair_77_r2_0001,15,0.2,1.594,2.304,5.75,3.804,70.7,72.8,6.478,4.777,39.4,32.5,4.941,6.647,VA126A
EPH_relaxed_0001_pdb2pqr_Repair_77_r2_0001,17,1.3,2.212,4.048,4.622,4.253,40.9,26.3,4.312,3.323,54.2,65.9,4.947,4.807,VA126A
EPH_relaxed_0001_pdb2pqr_Repair_78_r2_0001,1,-8.2,0.0,0.0,5.25,3.454,146.7,138.2,5.458,3.739,131.2,119.7,3.171,6.268,VA126C
EPH_relaxed_0001_pdb2pqr_Repair_78_r2_0001,6,-2.5,4.984,12.265,4.735,3.155,117.8,121.4,5.236,4.177,95.0,76.6,4.442,6.178,VA126C
EPH_relaxed_0001_pdb2pqr_Repair_78_r2_0001,10,-0.1,1.614,2.33,5.516,3.517,85.4,94.5,6.756,4.905,31.8,39.3,4.814,6.445,VA126C
EPH_relaxed_0001_pdb2pqr_Repair_78_r2_0001,13,0.6,2.611,4.533,4.718,4.809,20.5,9.3,4.422,3.979,38.3,56.4,4.34,3.055,VA126C
EPH_relaxed_0001_pdb2pqr_Repair_78_r2_0001,16,1.7,1.576,2.774,3.455,2.766,136.6,131.6,3.972,2.763,107.1,131.6,2.546,2.764,VA126C
EPH_relaxed_0001_pdb2pqr_Repair_78_r2_0001,19,2.1,2.369,4.187,5.554,3.864,159.8,154.5,6.813,5.106,88.2,85.5,3.024,6.198,VA126C
EPH_relaxed_0001_pdb2pqr_Repair_79_r2_0001,1,-8.0,0.0,0.0,5.208,3.44,136.0,127.9,5.182,3.546,137.6,121.4,3.282,6.195,VA126D
EPH_relaxed_0001_pdb2pqr_Repair_79_r2_0001,11,-0.2,1.575,2.21,5.637,3.69,82.8,82.2,6.337,4.643,55.1,45.3,4.812,6.704,VA126D
EPH_relaxed_0001_pdb2pqr_Repair_79_r2_0001,13,0.2,5.281,12.235,4.339,2.84,82.1,88.0,4.865,3.916,62.0,47.7,4.254,5.19,VA126D
EPH_relaxed_0001_pdb2pqr_Repair_79_r2_0001,14,0.6,2.067,3.506,4.723,3.742,156.0,131.3,5.466,3.956,107.8,118.5,2.687,5.034,VA126D
EPH_relaxed_0001_pdb2pqr_Repair_80_r2_0001,1,-7.7,0.0,0.0,5.089,3.362,130.7,123.8,4.929,3.388,141.6,122.2,3.229,5.95,VA126E
EPH_relaxed_0001_pdb2pqr_Repair_80_r2_0001,7,-2.1,2.551,3.707,4.505,3.808,88.2,59.2,5.829,4.702,32.7,12.1,3.938,5.248,VA126E
EPH_relaxed_0001_pdb2pqr_Repair_80_r2_0001,12,0.6,1.557,2.129,5.199,3.439,65.0,62.9,5.509,4.111,52.5,35.9,4.268,5.653,VA126E
EPH_relaxed_0001_pdb2pqr_Repair_80_r2_0001,15,1.3,2.108,3.991,4.59,4.204,40.5,26.3,4.301,3.279,52.9,65.6,4.956,4.813,VA126E
EPH_relaxed_0001_pdb2pqr_Repair_80_r2_0001,19,2.8,1.558,2.874,4.446,3.006,68.7,60.4,5.154,3.909,39.4,20.7,4.016,4.915,VA126E
EPH_relaxed_0001_pdb2pqr_Repair_81_r2_0001,4,-4.0,2.68,9.325,3.811,2.285,87.1,118.4,4.322,3.212,67.7,77.5,2.687,2.684,VA126F
EPH_relaxed_0001_pdb2pqr_Repair_81_r2_0001,6,-2.5,2.735,8.192,4.286,3.325,83.2,81.4,5.324,3.931,41.6,58.9,3.029,3.653,VA126F
EPH_relaxed_0001_pdb2pqr_Repair_81_r2_0001,13,0.1,2.475,8.97,3.081,2.876,150.5,120.6,3.593,2.583,114.4,141.3,2.654,2.474,VA126F
EPH_relaxed_0001_pdb2pqr_Repair_81_r2_0001,15,1.0,2.202,8.21,4.727,4.779,22.5,9.7,4.442,3.945,39.1,56.6,4.302,3.041,VA126F
EPH_relaxed_0001_pdb2pqr_Repair_81_r2_0001,18,2.9,2.899,9.253,4.136,3.291,77.2,45.9,4.148,3.14,76.8,51.6,2.781,4.062,VA126F
EPH_relaxed_0001_pdb2pqr_Repair_82_r2_0001,1,-8.1,0.0,0.0,5.258,3.458,148.4,139.8,5.504,3.773,130.0,119.2,3.207,6.317,VA126G
EPH_relaxed_0001_pdb2pqr_Repair_82_r2_0001,10,-0.3,1.614,2.27,5.043,3.099,81.3,95.6,6.238,4.457,29.0,42.8,4.244,5.525,VA126G
EPH_relaxed_0001_pdb2pqr_Repair_82_r2_0001,14,1.3,2.207,3.269,4.298,3.749,85.8,61.5,4.978,3.755,59.6,61.3,2.308,3.525,VA126G
EPH_relaxed_0001_pdb2pqr_Repair_83_r2_0001,1,-6.9,0.0,0.0,5.045,3.374,119.8,114.5,4.679,3.304,143.0,118.1,3.206,5.676,VA126H
EPH_relaxed_0001_pdb2pqr_Repair_83_r2_0001,10,-0.7,2.009,3.387,4.206,3.324,127.2,113.0,5.203,3.709,82.0,95.5,2.701,4.222,VA126H
EPH_relaxed_0001_pdb2pqr_Repair_83_r2_0001,13,1.0,2.064,4.086,4.716,4.348,42.0,32.1,4.373,3.356,56.5,72.3,4.882,4.632,VA126H
EPH_relaxed_0001_pdb2pqr_Repair_83_r2_0001,17,1.7,1.551,2.095,5.079,3.366,66.6,64.2,5.41,4.071,53.4,36.1,4.099,5.447,VA126H
EPH_relaxed_0001_pdb2pqr_Repair_84_r2_0001,1,-7.4,0.0,0.0,5.333,3.598,164.7,175.3,6.358,4.635,98.7,97.5,2.468,5.928,VA126I
EPH_relaxed_0001_pdb2pqr_Repair_84_r2_0001,7,-1.2,4.515,12.197,4.322,2.778,86.3,89.4,4.872,3.852,65.2,49.3,4.256,5.288,VA126I
EPH_relaxed_0001_pdb2pqr_Repair_84_r2_0001,14,0.8,2.408,4.192,4.526,4.264,50.3,38.9,4.852,3.87,35.5,55.3,5.349,5.022,VA126I
EPH_relaxed_0001_pdb2pqr_Repair_85_r2_0001,7,-2.1,2.764,8.166,4.274,3.439,82.9,80.3,5.317,4.03,41.0,58.3,3.028,3.685,VA126K
EPH_relaxed_0001_pdb2pqr_Repair_85_r2_0001,8,-1.9,2.633,9.36,3.987,3.249,85.7,54.7,3.972,3.199,86.2,56.6,2.7,4.009,VA126K
EPH_relaxed_0001_pdb2pqr_Repair_85_r2_0001,12,-0.2,2.728,9.343,3.658,2.354,93.4,128.6,4.364,3.402,66.2,79.2,2.718,2.4,VA126K
EPH_relaxed_0001_pdb2pqr_Repair_86_r2_0001,1,-7.0,0.0,0.0,4.642,2.732,94.0,111.5,5.692,4.006,52.6,60.1,2.289,4.258,VA126L
EPH_relaxed_0001_pdb2pqr_Repair_86_r2_0001,8,-2.0,1.676,2.976,4.218,3.003,80.1,82.2,5.232,3.676,39.1,57.5,2.989,3.79,VA126L
EPH_relaxed_0001_pdb2pqr_Repair_86_r2_0001,15,0.4,1.545,2.108,5.147,3.345,86.8,104.4,6.308,4.694,38.8,51.1,2.858,4.536,VA126L
EPH_relaxed_0001_pdb2pqr_Repair_86_r2_0001,18,1.0,2.109,4.098,4.694,4.322,42.1,31.3,4.378,3.354,55.4,70.8,4.907,4.665,VA126L
EPH_relaxed_0001_pdb2pqr_Repair_87_r2_0001,1,-6.9,0.0,0.0,4.918,3.348,126.4,121.3,4.648,3.348,145.0,121.2,3.034,5.515,VA126M
EPH_relaxed_0001_pdb2pqr_Repair_87_r2_0001,11,0.5,2.52,4.433,4.713,4.812,19.9,9.6,4.421,3.978,37.7,56.7,4.356,3.07,VA126M
EPH_relaxed_0001_pdb2pqr_Repair_87_r2_0001,14,1.4,1.46,2.688,3.406,2.776,136.6,133.0,3.947,2.808,105.9,130.6,2.545,2.704,VA126M
EPH_relaxed_0001_pdb2pqr_Repair_87_r2_0001,15,1.6,1.579,2.259,4.943,3.437,69.3,73.2,5.579,4.462,43.2,31.3,4.526,5.393,VA126M
EPH_relaxed_0001_pdb2pqr_Repair_87_r2_0001,18,4.6,2.392,3.669,4.4,3.792,83.9,54.3,5.672,4.592,29.7,8.3,4.148,5.209,VA126M
EPH_relaxed_0001_pdb2pqr_Repair_88_r2_0001,5,-2.9,1.953,3.268,3.409,3.738,79.1,84.3,3.914,4.805,60.4,42.4,3.008,3.626,VA126N
EPH_relaxed_0001_pdb2pqr_Repair_88_r2_0001,10,-0.7,4.596,12.221,2.886,3.968,98.0,85.1,4.001,4.416,55.4,68.1,4.293,5.363,VA126N
EPH_relaxed_0001_pdb2pqr_Repair_88_r2_0001,14,-0.0,1.621,2.38,2.421,2.814,138.4,153.1,2.63,3.729,123.0,96.4,2.268,2.698,VA126N
EPH_relaxed_0001_pdb2pqr_Repair_88_r2_0001,15,1.0,2.2,3.887,4.364,4.091,26.6,39.5,3.446,3.885,66.0,48.4,5.018,4.876,VA126N
EPH_relaxed_0001_pdb2pqr_Repair_88_r2_0001,16,1.2,2.17,3.158,3.201,2.769,84.1,64.4,3.66,3.575,67.0,33.6,4.701,2.697,VA126N
EPH_relaxed_0001_pdb2pqr_Repair_89_r2_0001,1,-8.0,0.0,0.0,5.219,3.509,140.1,132.3,5.274,3.695,135.9,120.7,3.187,6.148,VA126P
EPH_relaxed_0001_pdb2pqr_Repair_89_r2_0001,2,-6.0,4.798,12.105,4.21,2.875,92.4,98.8,5.03,4.165,60.7,49.2,4.394,5.174,VA126P
EPH_relaxed_0001_pdb2pqr_Repair_89_r2_0001,7,-2.6,1.953,3.285,4.239,3.212,82.7,84.2,5.259,3.841,41.9,60.9,3.034,3.693,VA126P
EPH_relaxed_0001_pdb2pqr_Repair_89_r2_0001,15,-0.2,1.582,2.226,5.097,3.256,81.6,98.5,6.249,4.598,32.1,46.1,3.71,5.067,VA126P
EPH_relaxed_0001_pdb2pqr_Repair_89_r2_0001,16,0.5,2.615,4.558,4.769,4.872,21.4,11.8,4.425,3.983,41.1,59.5,4.314,3.015,VA126P
EPH_relaxed_0001_pdb2pqr_Repair_89_r2_0001,18,1.4,1.558,2.752,3.405,2.783,136.3,132.8,3.944,2.811,105.9,130.7,2.596,2.74,VA126P
EPH_relaxed_0001_pdb2pqr_Repair_90_r2_0001,5,-4.3,1.131,1.495,4.17,3.28,82.1,54.0,4.224,3.356,80.0,51.2,2.899,4.331,VA126Q
EPH_relaxed_0001_pdb2pqr_Repair_90_r2_0001,9,-1.3,2.282,3.547,3.917,3.143,93.4,81.0,5.152,3.857,44.5,54.6,2.71,3.634,VA126Q
EPH_relaxed_0001_pdb2pqr_Repair_90_r2_0001,14,0.8,2.704,4.705,4.768,4.902,23.2,15.9,4.355,3.937,45.3,63.8,4.279,2.971,VA126Q
EPH_relaxed_0001_pdb2pqr_Repair_90_r2_0001,18,2.5,1.811,2.492,4.056,3.226,147.0,165.2,5.359,4.395,80.5,90.1,2.696,3.355,VA126Q
EPH_relaxed_0001_pdb2pqr_Repair_91_r2_0001,5,-1.8,2.732,8.116,4.391,3.446,81.3,79.9,5.468,4.144,37.1,53.8,3.074,3.748,VA126R
EPH_relaxed_0001_pdb2pqr_Repair_91_r2_0001,10,0.9,2.198,8.2,4.706,4.79,20.6,11.6,4.378,3.906,39.8,59.0,4.335,3.016,VA126R
EPH_relaxed_0001_pdb2pqr_Repair_92_r2_0001,1,-8.1,0.0,0.0,5.232,3.482,148.7,140.1,5.483,3.811,129.9,118.7,3.145,6.257,VA126S
EPH_relaxed_0001_pdb2pqr_Repair_92_r2_0001,6,-2.8,4.93,12.271,5.07,3.596,127.4,147.8,5.19,4.269,120.6,106.2,3.093,5.141,VA126S
EPH_relaxed_0001_pdb2pqr_Repair_92_r2_0001,14,0.0,1.615,2.337,5.52,3.544,60.8,66.7,6.227,4.521,26.5,23.8,4.925,6.318,VA126S
EPH_relaxed_0001_pdb2pqr_Repair_92_r2_0001,16,1.4,2.225,4.038,4.621,4.242,41.2,25.9,4.316,3.323,54.2,65.2,4.969,4.842,VA126S
EPH_relaxed_0001_pdb2pqr_Repair_93_r2_0001,1,-7.9,0.0,0.0,5.23,3.461,165.2,160.5,5.879,4.143,115.5,110.4,2.708,6.007,VA126T
EPH_relaxed_0001_pdb2pqr_Repair_93_r2_0001,5,-3.0,4.537,12.21,4.403,2.86,90.8,96.0,4.933,3.935,70.3,55.2,4.3,5.416,VA126T
EPH_relaxed_0001_pdb2pqr_Repair_93_r2_0001,7,-2.1,2.694,3.75,4.498,3.758,90.0,60.9,5.842,4.686,34.1,13.7,3.918,5.269,VA126T
EPH_relaxed_0001_pdb2pqr_Repair_93_r2_0001,12,-0.5,1.585,2.233,5.566,3.573,69.3,73.9,6.367,4.62,33.8,30.6,5.039,6.523,VA126T
EPH_relaxed_0001_pdb2pqr_Repair_93_r2_0001,14,0.6,2.66,4.582,4.728,4.803,20.9,8.6,4.452,3.991,37.6,55.6,4.348,3.083,VA126T
EPH_relaxed_0001_pdb2pqr_Repair_93_r2_0001,16,1.7,1.572,2.771,3.475,2.769,137.0,132.0,3.983,2.774,107.7,131.4,2.54,2.791,VA126T
EPH_relaxed_0001_pdb2pqr_Repair_94_r2_0001,4,-5.1,2.758,9.374,2.355,3.698,118.5,86.2,3.284,4.265,77.6,64.8,2.694,2.826,VA126W
EPH_relaxed_0001_pdb2pqr_Repair_94_r2_0001,20,3.2,2.432,8.62,3.192,3.243,125.5,141.2,3.033,3.891,136.2,103.5,3.153,3.126,VA126W
EPH_relaxed_0001_pdb2pqr_Repair_95_r2_0001,5,-3.9,2.749,9.591,3.145,2.229,75.4,114.5,4.014,3.242,42.5,71.9,4.345,2.712,VA126Y
EPH_relaxed_0001_pdb2pqr_Repair_95_r2_0001,7,-2.6,2.76,8.185,4.292,3.335,83.1,79.8,5.348,3.954,40.5,56.8,3.036,3.741,VA126Y
EPH_relaxed_0001_pdb2pqr_Repair_95_r2_0001,8,-2.0,2.629,9.368,3.763,2.956,100.9,67.7,4.048,3.169,89.0,60.2,2.649,4.088,VA126Y
EPH_relaxed_0001_pdb2pqr_Repair_95_r2_0001,16,1.1,2.531,8.178,4.472,4.185,52.7,42.4,4.854,3.855,35.6,55.8,5.413,5.12,VA126Y
EPH_relaxed_0001_pdb2pqr_Repair_95_r2_0001,20,3.4,2.429,8.585,3.529,3.185,137.5,122.2,4.074,2.951,106.4,137.9,3.158,3.182,VA126Y
