Bottleneck residues:, Residues in distance <= 3.0 A from the bottleneck, sorted from the closest.,,,,,,,,,,,,,,,
Snapshot,Tunnel cluster,Tunnel,Throughput,Cost,Bottleneck X,Bottleneck Y,Bottleneck Z,Bottleneck R,Bottleneck residues,,,,,,,,
EPH.pdb0,1,1,0.751520563,0.285656707,-4.782173089,4.606773996,-0.709286898,1.137771583,A:101,A:126,A:102,A:105,A:295,A:262,A:125,A:100,A:104
EPH.pdb0,2,2,0.670125066,0.400290919,-4.782173089,4.606773996,-0.709286898,1.137771583,A:101,A:126,A:102,A:105,A:295,A:262,A:125,A:100,A:104
EPH.pdb0,3,3,0.472445134,0.749833658,-4.782173089,4.606773996,-0.709286898,1.137771583,A:101,A:126,A:102,A:105,A:295,A:262,A:125,A:100,A:104
EPH.pdb0,4,4,0.467454254,0.760453787,-4.782173089,4.606773996,-0.709286898,1.137771583,A:101,A:126,A:102,A:105,A:295,A:262,A:125,A:100,A:104
EPH.pdb0,5,5,0.450423231,0.797567624,-4.782173089,4.606773996,-0.709286898,1.137771583,A:101,A:126,A:102,A:105,A:295,A:262,A:125,A:100,A:104
EPH.pdb0,6,6,0.424257552,0.857414574,-12.85819123,3.025147063,-4.350650073,0.900001791,A:137,A:129,A:233,A:109,A:130,,,,
EPH.pdb0,7,7,0.381731615,0.963037497,11.35995384,10.65119373,-6.26265656,1.023477943,A:172,A:223,A:169,A:173,A:168,A:218,A:164,A:170,A:167
EPH.pdb0,8,8,0.325043958,1.12379485,-0.402863944,15.75513664,-6.191455348,0.907663303,A:150,A:187,A:193,A:185,A:154,A:149,A:148,A:186,
EPH.pdb0,9,9,0.30951519,1.172748107,-13.15607139,7.658618942,5.090421875,0.905613109,A:268,A:272,A:127,A:262,A:269,A:263,A:271,A:267,A:254
EPH.pdb0,10,10,0.174902922,1.74352419,8.965646204,6.669056736,7.184885166,0.90079352,A:299,A:205,A:206,A:41,A:177,A:214,A:210,A:296,
